lr-AdamW,step,train_loss_step,train/mae_step,train/avg_gt_step,train/relative_mae_step,epoch,train_loss_epoch,train/mae_epoch,train/avg_gt_epoch,train/relative_mae_epoch,val_loss_step,val/mae_step,val/avg_gt_step,val/relative_mae_step,val_loss_epoch,val/mae_epoch,val/avg_gt_epoch,val/relative_mae_epoch
0.0001087114337568058,32,,,,,,,,,,,,,,,,,
0.0001087114337568058,32,,,,,,,,,,,,,,,,,
0.0001087114337568058,32,,,,,,,,,,,,,,,,,
0.0001087114337568058,32,,,,,,,,,,,,,,,,,
,32,0.002035320270806551,0.03533680737018585,0.0901966392993927,0.3917751610279083,0,,,,,,,,,,,,
,33,,,,,0,0.02477237395942211,0.09563920646905899,0.09669742733240128,1.003249168395996,,,,,,,,
0.0001176950998185118,65,,,,,,,,,,,,,,,,,
0.0001176950998185118,65,,,,,,,,,,,,,,,,,
0.0001176950998185118,65,,,,,,,,,,,,,,,,,
0.0001176950998185118,65,,,,,,,,,,,,,,,,,
,65,0.0015416236128658056,0.03238082677125931,0.09166475385427475,0.35325270891189575,1,,,,,,,,,,,,
,67,,,,,1,0.0021341938991099596,0.030976470559835434,0.09669741243124008,0.32100924849510193,,,,,,,,
0.00012667876588021778,98,,,,,,,,,,,,,,,,,
0.00012667876588021778,98,,,,,,,,,,,,,,,,,
0.00012667876588021778,98,,,,,,,,,,,,,,,,,
0.00012667876588021778,98,,,,,,,,,,,,,,,,,
,98,0.0010131465969607234,0.02477976679801941,0.10939543694257736,0.2265155166387558,2,,,,,,,,,,,,
,101,,,,,2,0.002643406856805086,0.03655935078859329,0.09669739753007889,0.3838637173175812,,,,,,,,
0.0001356624319419238,131,,,,,,,,,,,,,,,,,
0.0001356624319419238,131,,,,,,,,,,,,,,,,,
0.0001356624319419238,131,,,,,,,,,,,,,,,,,
0.0001356624319419238,131,,,,,,,,,,,,,,,,,
,131,0.002081272890791297,0.027409404516220093,0.10085435956716537,0.2717721164226532,3,,,,,,,,,,,,
,135,,,,,3,0.0018489653011783957,0.02913624607026577,0.09669742733240128,0.3059438467025757,,,,,,,,
0.00014464609800362977,164,,,,,,,,,,,,,,,,,
0.00014464609800362977,164,,,,,,,,,,,,,,,,,
0.00014464609800362977,164,,,,,,,,,,,,,,,,,
0.00014464609800362977,164,,,,,,,,,,,,,,,,,
,164,0.0012725398410111666,0.028792064636945724,0.08226114511489868,0.3500080406665802,4,,,,,,,,,,,,
,0,,,,,,,,,,0.0017295436700806022,0.02390351891517639,0.09195023030042648,0.25996145606040955,,,,
,1,,,,,,,,,,0.0024222824722528458,0.029432382434606552,0.039159953594207764,0.7515937089920044,,,,
,2,,,,,,,,,,0.0006398108089342713,0.015310857445001602,0.07243724912405014,0.2113671600818634,,,,
,3,,,,,,,,,,0.0019256777595728636,0.026290412992239,0.09695577621459961,0.27115878462791443,,,,
,4,,,,,,,,,,0.001799662597477436,0.02767682820558548,0.08865968883037567,0.31216922402381897,,,,
,5,,,,,,,,,,0.002280374988913536,0.029865771532058716,0.05721943825483322,0.5219513773918152,,,,
,6,,,,,,,,,,0.002206352073699236,0.030505632981657982,0.025477152317762375,1.1973717212677002,,,,
,7,,,,,,,,,,0.0027470383793115616,0.036756422370672226,0.06866084039211273,0.5353330373764038,,,,
,8,,,,,,,,,,0.0008466431172564626,0.0181485116481781,0.11188463866710663,0.16220735013484955,,,,
,9,,,,,,,,,,0.002320102648809552,0.03211579471826553,0.10694815963506699,0.30029308795928955,,,,
,10,,,,,,,,,,0.0010703562293201685,0.019688613712787628,0.08197197318077087,0.24018710851669312,,,,
,11,,,,,,,,,,0.0021818834356963634,0.03145824372768402,0.07832591235637665,0.4016326069831848,,,,
,12,,,,,,,,,,0.0016612618928775191,0.026346683502197266,0.07550571858882904,0.3489362299442291,,,,
,13,,,,,,,,,,0.002618156373500824,0.03510656952857971,0.06541398167610168,0.5366829037666321,,,,
,14,,,,,,,,,,0.0013459095498546958,0.026179373264312744,0.1331549882888794,0.1966082602739334,,,,
,15,,,,,,,,,,0.0011224232148379087,0.022885318845510483,0.08672043681144714,0.2638975977897644,,,,
,16,,,,,,,,,,0.001005703117698431,0.01665598526597023,0.053386859595775604,0.3119865357875824,,,,
,169,,,,,4,,,,,,,,,0.0017815809696912766,0.026647677645087242,0.07917174696922302,0.4039073884487152
,169,,,,,4,0.0011431727325543761,0.022449739277362823,0.09669742733240128,0.23478379845619202,,,,,,,,
0.00015362976406533576,197,,,,,,,,,,,,,,,,,
0.00015362976406533576,197,,,,,,,,,,,,,,,,,
0.00015362976406533576,197,,,,,,,,,,,,,,,,,
0.00015362976406533576,197,,,,,,,,,,,,,,,,,
,197,0.0024988604709506035,0.04026257246732712,0.09639596939086914,0.41767895221710205,5,,,,,,,,,,,,
,203,,,,,5,0.00217055669054389,0.03299599885940552,0.09669739753007889,0.34409746527671814,,,,,,,,
0.00016261343012704174,230,,,,,,,,,,,,,,,,,
0.00016261343012704174,230,,,,,,,,,,,,,,,,,
0.00016261343012704174,230,,,,,,,,,,,,,,,,,
0.00016261343012704174,230,,,,,,,,,,,,,,,,,
,230,0.0006631027208641171,0.017461497336626053,0.12840870022773743,0.13598375022411346,6,,,,,,,,,,,,
,237,,,,,6,0.0012379229301586747,0.023127969354391098,0.09669742733240128,0.2420046180486679,,,,,,,,
0.00017159709618874775,263,,,,,,,,,,,,,,,,,
0.00017159709618874775,263,,,,,,,,,,,,,,,,,
0.00017159709618874775,263,,,,,,,,,,,,,,,,,
0.00017159709618874775,263,,,,,,,,,,,,,,,,,
,263,0.0016904271906241775,0.03092021308839321,0.09729116410017014,0.3178110718727112,7,,,,,,,,,,,,
,271,,,,,7,0.0010268321493640542,0.02050989307463169,0.09669741988182068,0.2149219661951065,,,,,,,,
0.0001805807622504537,296,,,,,,,,,,,,,,,,,
0.0001805807622504537,296,,,,,,,,,,,,,,,,,
0.0001805807622504537,296,,,,,,,,,,,,,,,,,
0.0001805807622504537,296,,,,,,,,,,,,,,,,,
,296,0.0010093143209815025,0.021530425176024437,0.08295231312513351,0.2595517933368683,8,,,,,,,,,,,,
,305,,,,,8,0.0014175970572978258,0.025586552917957306,0.09669744223356247,0.26729023456573486,,,,,,,,
0.00018956442831215972,329,,,,,,,,,,,,,,,,,
0.00018956442831215972,329,,,,,,,,,,,,,,,,,
0.00018956442831215972,329,,,,,,,,,,,,,,,,,
0.00018956442831215972,329,,,,,,,,,,,,,,,,,
,329,0.0013994862092658877,0.03133755177259445,0.10578000545501709,0.2962521016597748,9,,,,,,,,,,,,
,17,,,,,,,,,,0.0008698766469024122,0.02031901106238365,0.09195023030042648,0.22097833454608917,,,,
,18,,,,,,,,,,0.00046311243204399943,0.018633324652910233,0.039159953594207764,0.4758259057998657,,,,
,19,,,,,,,,,,0.0003883383178617805,0.01622914895415306,0.07243724912405014,0.22404421865940094,,,,
,20,,,,,,,,,,0.0012843005824834108,0.023436345160007477,0.09695577621459961,0.2417219877243042,,,,
,21,,,,,,,,,,0.0008725185762159526,0.021814320236444473,0.08865968883037567,0.24604550004005432,,,,
,22,,,,,,,,,,0.0009395278757438064,0.02464146539568901,0.05721943825483322,0.43064841628074646,,,,
,23,,,,,,,,,,0.0004779195296578109,0.01767605170607567,0.025477152317762375,0.6937998533248901,,,,
,24,,,,,,,,,,0.0003071787650696933,0.014587875455617905,0.06866084039211273,0.21246278285980225,,,,
,25,,,,,,,,,,0.0009659663774073124,0.02091209590435028,0.11188463866710663,0.18690764904022217,,,,
,26,,,,,,,,,,0.000842186389490962,0.021705318242311478,0.10694815963506699,0.20295174419879913,,,,
,27,,,,,,,,,,0.00042287184624001384,0.01602381467819214,0.08197197318077087,0.19547916948795319,,,,
,28,,,,,,,,,,0.0004560309462249279,0.016923725605010986,0.07832591235637665,0.21606799960136414,,,,
,29,,,,,,,,,,0.00036047640605829656,0.016010066494345665,0.07550571858882904,0.21203777194023132,,,,
,30,,,,,,,,,,0.0007131369784474373,0.019216153770685196,0.06541398167610168,0.2937621474266052,,,,
,31,,,,,,,,,,0.00040647847345098853,0.013698538765311241,0.1331549882888794,0.10287664085626602,,,,
,32,,,,,,,,,,0.0017880331724882126,0.02484842762351036,0.08672043681144714,0.2865348160266876,,,,
,33,,,,,,,,,,0.00043135759187862277,0.01848781108856201,0.053386859595775604,0.34629884362220764,,,,
,339,,,,,9,,,,,,,,,0.0007130199228413403,0.01914539746940136,0.07917174696922302,0.27984070777893066
,339,,,,,9,0.001032581552863121,0.020797640085220337,0.09669746458530426,0.217980295419693,,,,,,,,
0.00019854809437386573,362,,,,,,,,,,,,,,,,,
0.00019854809437386573,362,,,,,,,,,,,,,,,,,
0.00019854809437386573,362,,,,,,,,,,,,,,,,,
0.00019854809437386573,362,,,,,,,,,,,,,,,,,
,362,0.001127834664657712,0.029380781576037407,0.08987795561552048,0.3268963694572449,10,,,,,,,,,,,,
,373,,,,,10,0.0013498876942321658,0.025643574073910713,0.09669744223356247,0.2665049731731415,,,,,,,,
0.0002075317604355717,395,,,,,,,,,,,,,,,,,
0.0002075317604355717,395,,,,,,,,,,,,,,,,,
0.0002075317604355717,395,,,,,,,,,,,,,,,,,
0.0002075317604355717,395,,,,,,,,,,,,,,,,,
,395,0.0005713822320103645,0.017609838396310806,0.08825156092643738,0.1995413601398468,11,,,,,,,,,,,,
,407,,,,,11,0.0010795245179906487,0.021457074210047722,0.09669743478298187,0.2243494838476181,,,,,,,,
0.00021651542649727768,428,,,,,,,,,,,,,,,,,
0.00021651542649727768,428,,,,,,,,,,,,,,,,,
0.00021651542649727768,428,,,,,,,,,,,,,,,,,
0.00021651542649727768,428,,,,,,,,,,,,,,,,,
,428,0.002046487294137478,0.027376525104045868,0.09651480615139008,0.2836510241031647,12,,,,,,,,,,,,
,441,,,,,12,0.0009672754677012563,0.01940026506781578,0.09669743478298187,0.2017698884010315,,,,,,,,
0.0002254990925589837,461,,,,,,,,,,,,,,,,,
0.0002254990925589837,461,,,,,,,,,,,,,,,,,
0.0002254990925589837,461,,,,,,,,,,,,,,,,,
0.0002254990925589837,461,,,,,,,,,,,,,,,,,
,461,0.00265565887093544,0.03947370871901512,0.13095830380916595,0.3014219403266907,13,,,,,,,,,,,,
,475,,,,,13,0.002696787239983678,0.03705107420682907,0.09669741243124008,0.3870910704135895,,,,,,,,
0.00023448275862068967,494,,,,,,,,,,,,,,,,,
0.00023448275862068967,494,,,,,,,,,,,,,,,,,
0.00023448275862068967,494,,,,,,,,,,,,,,,,,
0.00023448275862068967,494,,,,,,,,,,,,,,,,,
,494,0.0007273860974237323,0.01844346523284912,0.08762776851654053,0.2104751020669937,14,,,,,,,,,,,,
,34,,,,,,,,,,0.0006352057098411024,0.01838824898004532,0.09195023030042648,0.19998043775558472,,,,
,35,,,,,,,,,,0.0005913396598771214,0.02097678743302822,0.039159953594207764,0.535669207572937,,,,
,36,,,,,,,,,,0.0004796414577867836,0.01871795766055584,0.07243724912405014,0.25840234756469727,,,,
,37,,,,,,,,,,0.0015236018225550652,0.027662230655550957,0.09695577621459961,0.2853076756000519,,,,
,38,,,,,,,,,,0.000560274173039943,0.020909911021590233,0.08865968883037567,0.23584459722042084,,,,
,39,,,,,,,,,,0.0004874862206634134,0.018442802131175995,0.05721943825483322,0.3223170340061188,,,,
,40,,,,,,,,,,0.00038745399797335267,0.015782037749886513,0.025477152317762375,0.6194581985473633,,,,
,41,,,,,,,,,,0.0003151351120322943,0.015096921473741531,0.06866084039211273,0.2198767066001892,,,,
,42,,,,,,,,,,0.0006436349358409643,0.020857077091932297,0.11188463866710663,0.186415895819664,,,,
,43,,,,,,,,,,0.0004998065996915102,0.017938736826181412,0.10694815963506699,0.16773299872875214,,,,
,44,,,,,,,,,,0.0007015286246314645,0.01983090117573738,0.08197197318077087,0.24192291498184204,,,,
,45,,,,,,,,,,0.00023347167007159442,0.012784358114004135,0.07832591235637665,0.16322001814842224,,,,
,46,,,,,,,,,,0.0006752972258254886,0.019736308604478836,0.07550571858882904,0.26138824224472046,,,,
,47,,,,,,,,,,0.0002949195622932166,0.014217282645404339,0.06541398167610168,0.21734315156936646,,,,
,48,,,,,,,,,,0.0010095604229718447,0.021596189588308334,0.1331549882888794,0.1621883511543274,,,,
,49,,,,,,,,,,0.0012175131123512983,0.02310621365904808,0.08672043681144714,0.2664448320865631,,,,
,50,,,,,,,,,,0.0002862295077648014,0.01429795566946268,0.053386859595775604,0.26781782507896423,,,,
,509,,,,,14,,,,,,,,,0.000629591173492372,0.01897253654897213,0.07917174696922302,0.2713521718978882
,509,,,,,14,0.0015385289443656802,0.026356859132647514,0.09669743478298187,0.2756319046020508,,,,,,,,
0.00024346642468239566,527,,,,,,,,,,,,,,,,,
0.00024346642468239566,527,,,,,,,,,,,,,,,,,
0.00024346642468239566,527,,,,,,,,,,,,,,,,,
0.00024346642468239566,527,,,,,,,,,,,,,,,,,
,527,0.0011904281564056873,0.02394670620560646,0.08879484981298447,0.2696857154369354,15,,,,,,,,,,,,
,543,,,,,15,0.0012002834118902683,0.022172609344124794,0.09669740498065948,0.23084570467472076,,,,,,,,
0.0002524500907441016,560,,,,,,,,,,,,,,,,,
0.0002524500907441016,560,,,,,,,,,,,,,,,,,
0.0002524500907441016,560,,,,,,,,,,,,,,,,,
0.0002524500907441016,560,,,,,,,,,,,,,,,,,
,560,0.002347193192690611,0.039094291627407074,0.09339457005262375,0.4185927212238312,16,,,,,,,,,,,,
,577,,,,,16,0.0020550056360661983,0.03275597468018532,0.09669744223356247,0.34549790620803833,,,,,,,,
0.0002614337568058076,593,,,,,,,,,,,,,,,,,
0.0002614337568058076,593,,,,,,,,,,,,,,,,,
0.0002614337568058076,593,,,,,,,,,,,,,,,,,
0.0002614337568058076,593,,,,,,,,,,,,,,,,,
,593,0.0008425984415225685,0.01784844882786274,0.09643322229385376,0.18508607149124146,17,,,,,,,,,,,,
,611,,,,,17,0.0007916316390037537,0.01722533442080021,0.09669742733240128,0.17939911782741547,,,,,,,,
0.0002704174228675136,626,,,,,,,,,,,,,,,,,
0.0002704174228675136,626,,,,,,,,,,,,,,,,,
0.0002704174228675136,626,,,,,,,,,,,,,,,,,
0.0002704174228675136,626,,,,,,,,,,,,,,,,,
,626,0.001876171096228063,0.04168591648340225,0.10964566469192505,0.3801875114440918,18,,,,,,,,,,,,
,645,,,,,18,0.0011629739310592413,0.022819066420197487,0.09669741243124008,0.23876309394836426,,,,,,,,
0.0002794010889292196,659,,,,,,,,,,,,,,,,,
0.0002794010889292196,659,,,,,,,,,,,,,,,,,
0.0002794010889292196,659,,,,,,,,,,,,,,,,,
0.0002794010889292196,659,,,,,,,,,,,,,,,,,
,659,0.00026790203992277384,0.014218899421393871,0.11037000268697739,0.12882937490940094,19,,,,,,,,,,,,
,51,,,,,,,,,,0.007585097104310989,0.0794634148478508,0.09195023030042648,0.8642001748085022,,,,
,52,,,,,,,,,,0.011038456112146378,0.08993208408355713,0.039159953594207764,2.2965314388275146,,,,
,53,,,,,,,,,,0.010059569031000137,0.0872860997915268,0.07243724912405014,1.204988956451416,,,,
,54,,,,,,,,,,0.01199539564549923,0.09562152624130249,0.09695577621459961,0.9862384796142578,,,,
,55,,,,,,,,,,0.007917964830994606,0.07818354666233063,0.08865968883037567,0.8818386197090149,,,,
,56,,,,,,,,,,0.009439930319786072,0.08474759757518768,0.05721943825483322,1.4810978174209595,,,,
,57,,,,,,,,,,0.014045669697225094,0.10117453336715698,0.025477152317762375,3.9711854457855225,,,,
,58,,,,,,,,,,0.008469893597066402,0.08248765766620636,0.06866084039211273,1.201378345489502,,,,
,59,,,,,,,,,,0.009671004489064217,0.08693917840719223,0.11188463866710663,0.7770429849624634,,,,
,60,,,,,,,,,,0.009453676640987396,0.08791336417198181,0.10694815963506699,0.8220183849334717,,,,
,61,,,,,,,,,,0.011704161763191223,0.09007012844085693,0.08197197318077087,1.0987915992736816,,,,
,62,,,,,,,,,,0.0076768770813941956,0.0778505951166153,0.07832591235637665,0.9939314126968384,,,,
,63,,,,,,,,,,0.0150416549295187,0.10898401588201523,0.07550571858882904,1.4433873891830444,,,,
,64,,,,,,,,,,0.008165890350937843,0.07797855883836746,0.06541398167610168,1.19207763671875,,,,
,65,,,,,,,,,,0.009091075509786606,0.08822324126958847,0.1331549882888794,0.6625604629516602,,,,
,66,,,,,,,,,,0.01157145481556654,0.08983411639928818,0.08672043681144714,1.0359046459197998,,,,
,67,,,,,,,,,,0.00750235840678215,0.07696937769651413,0.053386859595775604,1.4417285919189453,,,,
,679,,,,,19,,,,,,,,,0.010096841491758823,0.08756625652313232,0.07917174696922302,1.3114006519317627
,679,,,,,19,0.0009387098252773285,0.018608257174491882,0.09669744223356247,0.19322015345096588,,,,,,,,
0.00028838475499092566,692,,,,,,,,,,,,,,,,,
0.00028838475499092566,692,,,,,,,,,,,,,,,,,
0.00028838475499092566,692,,,,,,,,,,,,,,,,,
0.00028838475499092566,692,,,,,,,,,,,,,,,,,
,692,0.005894948728382587,0.054511696100234985,0.11672292649745941,0.46701785922050476,20,,,,,,,,,,,,
,713,,,,,20,0.004158672410994768,0.046520404517650604,0.09669744223356247,0.48467209935188293,,,,,,,,
0.0002973684210526316,725,,,,,,,,,,,,,,,,,
0.0002973684210526316,725,,,,,,,,,,,,,,,,,
0.0002973684210526316,725,,,,,,,,,,,,,,,,,
0.0002973684210526316,725,,,,,,,,,,,,,,,,,
,725,0.001318890368565917,0.026940425857901573,0.09766702353954315,0.27583950757980347,21,,,,,,,,,,,,
,747,,,,,21,0.0020415231119841337,0.03210518881678581,0.09669741243124008,0.3378467857837677,,,,,,,,
0.0003063520871143376,758,,,,,,,,,,,,,,,,,
0.0003063520871143376,758,,,,,,,,,,,,,,,,,
0.0003063520871143376,758,,,,,,,,,,,,,,,,,
0.0003063520871143376,758,,,,,,,,,,,,,,,,,
,758,0.0021032928489148617,0.03401219844818115,0.11996396631002426,0.2835201025009155,22,,,,,,,,,,,,
,781,,,,,22,0.0014287950471043587,0.025484852492809296,0.09669743478298187,0.2672994136810303,,,,,,,,
0.0003153357531760436,791,,,,,,,,,,,,,,,,,
0.0003153357531760436,791,,,,,,,,,,,,,,,,,
0.0003153357531760436,791,,,,,,,,,,,,,,,,,
0.0003153357531760436,791,,,,,,,,,,,,,,,,,
,791,0.0012723588151857257,0.019873853772878647,0.11432471871376038,0.1738368719816208,23,,,,,,,,,,,,
,815,,,,,23,0.001086086267605424,0.020836181938648224,0.09669744968414307,0.21679562330245972,,,,,,,,
0.00032431941923774955,824,,,,,,,,,,,,,,,,,
0.00032431941923774955,824,,,,,,,,,,,,,,,,,
0.00032431941923774955,824,,,,,,,,,,,,,,,,,
0.00032431941923774955,824,,,,,,,,,,,,,,,,,
,824,0.0003765223082154989,0.012763756327331066,0.07156358659267426,0.17835544049739838,24,,,,,,,,,,,,
,68,,,,,,,,,,0.0008527307654730976,0.02095857635140419,0.09195023030042648,0.22793389856815338,,,,
,69,,,,,,,,,,0.0011754482984542847,0.023391572758555412,0.039159953594207764,0.5973338484764099,,,,
,70,,,,,,,,,,0.000888925394974649,0.02263135276734829,0.07243724912405014,0.31242695450782776,,,,
,71,,,,,,,,,,0.0012931115925312042,0.025403132662177086,0.09695577621459961,0.26200738549232483,,,,
,72,,,,,,,,,,0.0009484774782322347,0.0208047553896904,0.08865968883037567,0.23465853929519653,,,,
,73,,,,,,,,,,0.000832539692055434,0.017933595925569534,0.05721943825483322,0.31341785192489624,,,,
,74,,,,,,,,,,0.0012297992361709476,0.02543463371694088,0.025477152317762375,0.9983307123184204,,,,
,75,,,,,,,,,,0.0007095210603438318,0.01857544481754303,0.06866084039211273,0.2705391049385071,,,,
,76,,,,,,,,,,0.0006093188421800733,0.016086256131529808,0.11188463866710663,0.1437753587961197,,,,
,77,,,,,,,,,,0.0009192542056553066,0.02094171941280365,0.10694815963506699,0.19581185281276703,,,,
,78,,,,,,,,,,0.0016461126506328583,0.027929704636335373,0.08197197318077087,0.34072256088256836,,,,
,79,,,,,,,,,,0.0005124749150127172,0.016560789197683334,0.07832591235637665,0.21143433451652527,,,,
,80,,,,,,,,,,0.001539945020340383,0.03018708899617195,0.07550571858882904,0.3997986614704132,,,,
,81,,,,,,,,,,0.0005291341803967953,0.017478836700320244,0.06541398167610168,0.26720333099365234,,,,
,82,,,,,,,,,,0.0009136360022239387,0.023945879191160202,0.1331549882888794,0.17983461916446686,,,,
,83,,,,,,,,,,0.00028399628354236484,0.013247921131551266,0.08672043681144714,0.15276582539081573,,,,
,84,,,,,,,,,,0.0011200672015547752,0.021231692284345627,0.053386859595775604,0.39769503474235535,,,,
,849,,,,,24,,,,,,,,,0.0009363757562823594,0.021340828388929367,0.07917174696922302,0.3217706084251404
,849,,,,,24,0.0014117925893515348,0.025314390659332275,0.09669741988182068,0.2639017403125763,,,,,,,,
0.00033330308529945556,857,,,,,,,,,,,,,,,,,
0.00033330308529945556,857,,,,,,,,,,,,,,,,,
0.00033330308529945556,857,,,,,,,,,,,,,,,,,
0.00033330308529945556,857,,,,,,,,,,,,,,,,,
,857,0.0010861202608793974,0.027201347053050995,0.09175624698400497,0.29645222425460815,25,,,,,,,,,,,,
,883,,,,,25,0.0010689384071156383,0.021650200709700584,0.09669741988182068,0.22716805338859558,,,,,,,,
0.0003422867513611615,890,,,,,,,,,,,,,,,,,
0.0003422867513611615,890,,,,,,,,,,,,,,,,,
0.0003422867513611615,890,,,,,,,,,,,,,,,,,
0.0003422867513611615,890,,,,,,,,,,,,,,,,,
,890,0.0008828439167700708,0.022344617173075676,0.11099325865507126,0.20131506025791168,26,,,,,,,,,,,,
,917,,,,,26,0.0009232053998857737,0.019023103639483452,0.09669741988182068,0.19864052534103394,,,,,,,,
0.0003512704174228676,923,,,,,,,,,,,,,,,,,
0.0003512704174228676,923,,,,,,,,,,,,,,,,,
0.0003512704174228676,923,,,,,,,,,,,,,,,,,
0.0003512704174228676,923,,,,,,,,,,,,,,,,,
,923,0.0016732816584408283,0.020516280084848404,0.08698312938213348,0.2358650267124176,27,,,,,,,,,,,,
,951,,,,,27,0.0008991100476123393,0.018443260341882706,0.09669743478298187,0.19235506653785706,,,,,,,,
0.00036025408348457354,956,,,,,,,,,,,,,,,,,
0.00036025408348457354,956,,,,,,,,,,,,,,,,,
0.00036025408348457354,956,,,,,,,,,,,,,,,,,
0.00036025408348457354,956,,,,,,,,,,,,,,,,,
,956,0.001416260376572609,0.0322200283408165,0.09349345415830612,0.344623327255249,28,,,,,,,,,,,,
,985,,,,,28,0.0009170533157885075,0.01875751093029976,0.09669741988182068,0.1964513510465622,,,,,,,,
0.00036923774954627955,989,,,,,,,,,,,,,,,,,
0.00036923774954627955,989,,,,,,,,,,,,,,,,,
0.00036923774954627955,989,,,,,,,,,,,,,,,,,
0.00036923774954627955,989,,,,,,,,,,,,,,,,,
,989,0.003679639659821987,0.05164862796664238,0.08379923552274704,0.6163375973701477,29,,,,,,,,,,,,
,85,,,,,,,,,,0.004251475911587477,0.05107472464442253,0.09195023030042648,0.5554604530334473,,,,
,86,,,,,,,,,,0.000946217798627913,0.02655119262635708,0.039159953594207764,0.6780188083648682,,,,
,87,,,,,,,,,,0.001544380560517311,0.03501829504966736,0.07243724912405014,0.48342931270599365,,,,
,88,,,,,,,,,,0.005571247544139624,0.05575696751475334,0.09695577621459961,0.5750762224197388,,,,
,89,,,,,,,,,,0.002408221596851945,0.042336877435445786,0.08865968883037567,0.4775210916996002,,,,
,90,,,,,,,,,,0.0014391964068636298,0.03266822546720505,0.05721943825483322,0.570928692817688,,,,
,91,,,,,,,,,,0.0006314709316939116,0.020581401884555817,0.025477152317762375,0.8078373074531555,,,,
,92,,,,,,,,,,0.0017833090387284756,0.03562403842806816,0.06866084039211273,0.5188406109809875,,,,
,93,,,,,,,,,,0.0031769515480846167,0.05051679536700249,0.11188463866710663,0.4515078365802765,,,,
,94,,,,,,,,,,0.005798169877380133,0.0555754117667675,0.10694815963506699,0.5196480751037598,,,,
,95,,,,,,,,,,0.0019588633440434933,0.03554728627204895,0.08197197318077087,0.4336516559123993,,,,
,96,,,,,,,,,,0.0023320303298532963,0.039969511330127716,0.07832591235637665,0.5102973580360413,,,,
,97,,,,,,,,,,0.002355395583435893,0.037871234118938446,0.07550571858882904,0.5015677213668823,,,,
,98,,,,,,,,,,0.0018535539275035262,0.03472808748483658,0.06541398167610168,0.5308969616889954,,,,
,99,,,,,,,,,,0.00574096804484725,0.0633179247379303,0.1331549882888794,0.47552046179771423,,,,
,100,,,,,,,,,,0.0027344687841832638,0.03985242173075676,0.08672043681144714,0.4595504701137543,,,,
,101,,,,,,,,,,0.0010758102871477604,0.02905055694282055,0.053386859595775604,0.5441517233848572,,,,
,1019,,,,,29,,,,,,,,,0.002728011691942811,0.040675900876522064,0.07917174696922302,0.5346742868423462
,1019,,,,,29,0.005073672626167536,0.05414162948727608,0.09669742733240128,0.5697616338729858,,,,,,,,
0.0003782214156079855,1022,,,,,,,,,,,,,,,,,
0.0003782214156079855,1022,,,,,,,,,,,,,,,,,
0.0003782214156079855,1022,,,,,,,,,,,,,,,,,
0.0003782214156079855,1022,,,,,,,,,,,,,,,,,
,1022,0.005634407512843609,0.07006445527076721,0.1070355474948883,0.6545904874801636,30,,,,,,,,,,,,
,1053,,,,,30,0.002185493241995573,0.032857660204172134,0.09669747948646545,0.34261205792427063,,,,,,,,
0.00038720508166969147,1055,,,,,,,,,,,,,,,,,
0.00038720508166969147,1055,,,,,,,,,,,,,,,,,
0.00038720508166969147,1055,,,,,,,,,,,,,,,,,
0.00038720508166969147,1055,,,,,,,,,,,,,,,,,
,1055,0.0010414061835035682,0.019885335117578506,0.06958398222923279,0.2857745587825775,31,,,,,,,,,,,,
,1087,,,,,31,0.0008983402512967587,0.01905163936316967,0.09669741243124008,0.20044733583927155,,,,,,,,
0.0003961887477313975,1088,,,,,,,,,,,,,,,,,
0.0003961887477313975,1088,,,,,,,,,,,,,,,,,
0.0003961887477313975,1088,,,,,,,,,,,,,,,,,
0.0003961887477313975,1088,,,,,,,,,,,,,,,,,
,1088,0.0008910465985536575,0.020476633682847023,0.09688659757375717,0.21134637296199799,32,,,,,,,,,,,,
0.00040517241379310344,1121,,,,,,,,,,,,,,,,,
,1121,0.00154782528989017,0.026674944907426834,0.07972997426986694,0.33456602692604065,32,,,,,,,,,,,,
,1121,,,,,32,0.0013523371890187263,0.02419341169297695,0.09669742733240128,0.2535630464553833,,,,,,,,
0.0004141560798548095,1154,,,,,,,,,,,,,,,,,
0.0004141560798548095,1154,,,,,,,,,,,,,,,,,
0.0004141560798548095,1154,,,,,,,,,,,,,,,,,
0.0004141560798548095,1154,,,,,,,,,,,,,,,,,
,1154,0.00038919676444493234,0.016995346173644066,0.07414975762367249,0.22920295596122742,33,,,,,,,,,,,,
,1155,,,,,33,0.0011613565729930997,0.022527961060404778,0.09669743478298187,0.23465180397033691,,,,,,,,
0.0004231397459165154,1187,,,,,,,,,,,,,,,,,
0.0004231397459165154,1187,,,,,,,,,,,,,,,,,
0.0004231397459165154,1187,,,,,,,,,,,,,,,,,
0.0004231397459165154,1187,,,,,,,,,,,,,,,,,
,1187,0.0006891714874655008,0.018530087545514107,0.10498552769422531,0.1765013337135315,34,,,,,,,,,,,,
,102,,,,,,,,,,0.00041567807784304023,0.01103215105831623,0.09195023030042648,0.11997957527637482,,,,
,103,,,,,,,,,,0.0004380197206046432,0.0118210818618536,0.039159953594207764,0.3018665313720703,,,,
,104,,,,,,,,,,0.00021850979828741401,0.011108140461146832,0.07243724912405014,0.1533484309911728,,,,
,105,,,,,,,,,,0.0008163939928635955,0.018018299713730812,0.09695577621459961,0.18584036827087402,,,,
,106,,,,,,,,,,0.0006914682453498244,0.015616613440215588,0.08865968883037567,0.17614106833934784,,,,
,107,,,,,,,,,,0.00032606394961476326,0.010344705544412136,0.05721943825483322,0.1807900220155716,,,,
,108,,,,,,,,,,0.0005252372939139605,0.01237870380282402,0.025477152317762375,0.4858745038509369,,,,
,109,,,,,,,,,,0.00022832886315882206,0.010209906846284866,0.06866084039211273,0.1487005650997162,,,,
,110,,,,,,,,,,0.0006514461128972471,0.016917986795306206,0.11188463866710663,0.15120919048786163,,,,
,111,,,,,,,,,,0.00023069906455930322,0.010357759892940521,0.10694815963506699,0.09684840589761734,,,,
,112,,,,,,,,,,0.0010955421021208167,0.02201419696211815,0.08197197318077087,0.2685575783252716,,,,
,113,,,,,,,,,,0.0007087728008627892,0.017474453896284103,0.07832591235637665,0.2230992466211319,,,,
,114,,,,,,,,,,0.000757291098125279,0.014749690890312195,0.07550571858882904,0.19534532725811005,,,,
,115,,,,,,,,,,0.0006146818050183356,0.014490771107375622,0.06541398167610168,0.22152402997016907,,,,
,116,,,,,,,,,,0.0007288718479685485,0.0171795841306448,0.1331549882888794,0.12901943922042847,,,,
,117,,,,,,,,,,0.00035852030850946903,0.011565057560801506,0.08672043681144714,0.13336022198200226,,,,
,118,,,,,,,,,,0.0004558901709970087,0.013525503687560558,0.053386859595775604,0.2533488869667053,,,,
,1189,,,,,34,,,,,,,,,0.000547309871762991,0.014062127098441124,0.07917174696922302,0.19999070465564728
,1189,,,,,34,0.0008320814231410623,0.017552144825458527,0.09669744968414307,0.18332679569721222,,,,,,,,
0.00043212341197822147,1220,,,,,,,,,,,,,,,,,
0.00043212341197822147,1220,,,,,,,,,,,,,,,,,
0.00043212341197822147,1220,,,,,,,,,,,,,,,,,
0.00043212341197822147,1220,,,,,,,,,,,,,,,,,
,1220,0.0008012762991711497,0.01916654407978058,0.12080031633377075,0.15866301953792572,35,,,,,,,,,,,,
,1223,,,,,35,0.001856511109508574,0.028880365192890167,0.09669744223356247,0.30172133445739746,,,,,,,,
0.00044110707803992743,1253,,,,,,,,,,,,,,,,,
0.00044110707803992743,1253,,,,,,,,,,,,,,,,,
0.00044110707803992743,1253,,,,,,,,,,,,,,,,,
0.00044110707803992743,1253,,,,,,,,,,,,,,,,,
,1253,0.0010492515284568071,0.020838206633925438,0.10064595192670822,0.20704463124275208,36,,,,,,,,,,,,
,1257,,,,,36,0.0010008160024881363,0.019705187529325485,0.09669741988182068,0.20578424632549286,,,,,,,,
0.00045009074410163344,1286,,,,,,,,,,,,,,,,,
0.00045009074410163344,1286,,,,,,,,,,,,,,,,,
0.00045009074410163344,1286,,,,,,,,,,,,,,,,,
0.00045009074410163344,1286,,,,,,,,,,,,,,,,,
,1286,0.0004704351886175573,0.01858099177479744,0.0926726907491684,0.2005012482404709,37,,,,,,,,,,,,
,1291,,,,,37,0.0009912819368764758,0.019499188289046288,0.09669744223356247,0.20408226549625397,,,,,,,,
0.0004590744101633394,1319,,,,,,,,,,,,,,,,,
0.0004590744101633394,1319,,,,,,,,,,,,,,,,,
0.0004590744101633394,1319,,,,,,,,,,,,,,,,,
0.0004590744101633394,1319,,,,,,,,,,,,,,,,,
,1319,0.00023788859834894538,0.00984460674226284,0.08967243134975433,0.1097840815782547,38,,,,,,,,,,,,
,1325,,,,,38,0.0010666241869330406,0.02096642553806305,0.09669741988182068,0.21894292533397675,,,,,,,,
0.00046805807622504536,1352,,,,,,,,,,,,,,,,,
0.00046805807622504536,1352,,,,,,,,,,,,,,,,,
0.00046805807622504536,1352,,,,,,,,,,,,,,,,,
0.00046805807622504536,1352,,,,,,,,,,,,,,,,,
,1352,0.0003840751596726477,0.012149954214692116,0.11579050123691559,0.10493048280477524,39,,,,,,,,,,,,
,119,,,,,,,,,,0.0005510580958798528,0.019180309027433395,0.09195023030042648,0.2085944414138794,,,,
,120,,,,,,,,,,0.00033484469167888165,0.016536839306354523,0.039159953594207764,0.4222894310951233,,,,
,121,,,,,,,,,,0.0006285608396865427,0.019819585606455803,0.07243724912405014,0.273610383272171,,,,
,122,,,,,,,,,,0.0006744153797626495,0.022449655458331108,0.09695577621459961,0.23154528439044952,,,,
,123,,,,,,,,,,0.0005713601130992174,0.021083233878016472,0.08865968883037567,0.2377995252609253,,,,
,124,,,,,,,,,,0.0003773551434278488,0.01677451655268669,0.05721943825483322,0.2931610941886902,,,,
,125,,,,,,,,,,0.00020299118477851152,0.01152847707271576,0.025477152317762375,0.45250239968299866,,,,
,126,,,,,,,,,,0.0006190440035425127,0.020381782203912735,0.06866084039211273,0.29684722423553467,,,,
,127,,,,,,,,,,0.0011936358641833067,0.025945192202925682,0.11188463866710663,0.23189233243465424,,,,
,128,,,,,,,,,,0.0008020964451134205,0.021788906306028366,0.10694815963506699,0.20373332500457764,,,,
,129,,,,,,,,,,0.0006223010714165866,0.018572736531496048,0.08197197318077087,0.22657419741153717,,,,
,130,,,,,,,,,,0.0004296142142266035,0.01650967076420784,0.07832591235637665,0.21078169345855713,,,,
,131,,,,,,,,,,0.00042118955752812326,0.01638851687312126,0.07550571858882904,0.2170499861240387,,,,
,132,,,,,,,,,,0.0003219856589566916,0.01597549580037594,0.06541398167610168,0.24422138929367065,,,,
,133,,,,,,,,,,0.0012250998988747597,0.026375330984592438,0.1331549882888794,0.198079913854599,,,,
,134,,,,,,,,,,0.0015517075080424547,0.026677347719669342,0.08672043681144714,0.3076246678829193,,,,
,135,,,,,,,,,,0.0004385121865198016,0.01861346699297428,0.053386859595775604,0.34865254163742065,,,,
,1359,,,,,39,,,,,,,,,0.0006509016966447234,0.019712725654244423,0.07917174696922302,0.26867473125457764
,1359,,,,,39,0.000855671358294785,0.01806287094950676,0.09669740498065948,0.18862056732177734,,,,,,,,
0.00047704174228675137,1385,,,,,,,,,,,,,,,,,
0.00047704174228675137,1385,,,,,,,,,,,,,,,,,
0.00047704174228675137,1385,,,,,,,,,,,,,,,,,
0.00047704174228675137,1385,,,,,,,,,,,,,,,,,
,1385,0.00145133794285357,0.01889393851161003,0.0929742082953453,0.20321696996688843,40,,,,,,,,,,,,
,1393,,,,,40,0.0007150513702072203,0.016027461737394333,0.09669745713472366,0.16791677474975586,,,,,,,,
0.00048602540834845743,1418,,,,,,,,,,,,,,,,,
0.00048602540834845743,1418,,,,,,,,,,,,,,,,,
0.00048602540834845743,1418,,,,,,,,,,,,,,,,,
0.00048602540834845743,1418,,,,,,,,,,,,,,,,,
,1418,0.0001993729965761304,0.010152546688914299,0.10553741455078125,0.09619854390621185,41,,,,,,,,,,,,
,1427,,,,,41,0.0007718076813034713,0.016531186178326607,0.09669740498065948,0.17288893461227417,,,,,,,,
0.0004950090744101634,1451,,,,,,,,,,,,,,,,,
0.0004950090744101634,1451,,,,,,,,,,,,,,,,,
0.0004950090744101634,1451,,,,,,,,,,,,,,,,,
0.0004950090744101634,1451,,,,,,,,,,,,,,,,,
,1451,0.0005101774586364627,0.013808660209178925,0.08415397256612778,0.16408801078796387,42,,,,,,,,,,,,
,1461,,,,,42,0.0007066846010275185,0.015357890166342258,0.09669744968414307,0.15996553003787994,,,,,,,,
0.0005039927404718693,1484,,,,,,,,,,,,,,,,,
0.0005039927404718693,1484,,,,,,,,,,,,,,,,,
0.0005039927404718693,1484,,,,,,,,,,,,,,,,,
0.0005039927404718693,1484,,,,,,,,,,,,,,,,,
,1484,0.0021821230184286833,0.03413756191730499,0.10194315016269684,0.33486858010292053,43,,,,,,,,,,,,
,1495,,,,,43,0.0009910190710797906,0.020325977355241776,0.09669741988182068,0.21198396384716034,,,,,,,,
0.0005129764065335753,1517,,,,,,,,,,,,,,,,,
0.0005129764065335753,1517,,,,,,,,,,,,,,,,,
0.0005129764065335753,1517,,,,,,,,,,,,,,,,,
0.0005129764065335753,1517,,,,,,,,,,,,,,,,,
,1517,0.0009747830918058753,0.016802778467535973,0.10378772020339966,0.16189561784267426,44,,,,,,,,,,,,
,136,,,,,,,,,,0.0011399465147405863,0.028441911563277245,0.09195023030042648,0.30931851267814636,,,,
,137,,,,,,,,,,0.0004100309161003679,0.018766876310110092,0.039159953594207764,0.47923630475997925,,,,
,138,,,,,,,,,,0.0008536017849110067,0.026658620685338974,0.07243724912405014,0.3680236041545868,,,,
,139,,,,,,,,,,0.002814368112012744,0.03921028599143028,0.09695577621459961,0.4044140875339508,,,,
,140,,,,,,,,,,0.0012940430315211415,0.03133295476436615,0.08865968883037567,0.35340696573257446,,,,
,141,,,,,,,,,,0.001095578889362514,0.028591185808181763,0.05721943825483322,0.49967601895332336,,,,
,142,,,,,,,,,,0.0002977863769046962,0.01565413922071457,0.025477152317762375,0.6144381165504456,,,,
,143,,,,,,,,,,0.0009947331855073571,0.025346975773572922,0.06866084039211273,0.369161993265152,,,,
,144,,,,,,,,,,0.0015512267127633095,0.036069974303245544,0.11188463866710663,0.32238537073135376,,,,
,145,,,,,,,,,,0.003724831622093916,0.044554971158504486,0.10694815963506699,0.4166033864021301,,,,
,146,,,,,,,,,,0.0015384682919830084,0.030722111463546753,0.08197197318077087,0.37478795647621155,,,,
,147,,,,,,,,,,0.0011522973654791713,0.029921699315309525,0.07832591235637665,0.38201528787612915,,,,
,148,,,,,,,,,,0.001351006212644279,0.028093963861465454,0.07550571858882904,0.37207725644111633,,,,
,149,,,,,,,,,,0.0010014268336817622,0.025599654763936996,0.06541398167610168,0.39134830236434937,,,,
,150,,,,,,,,,,0.0029501812532544136,0.04511699825525284,0.1331549882888794,0.3388306796550751,,,,
,151,,,,,,,,,,0.0034270291216671467,0.03766452521085739,0.08672043681144714,0.43432116508483887,,,,
,152,,,,,,,,,,0.0008773059234954417,0.02701175957918167,0.053386859595775604,0.505962610244751,,,,
,1529,,,,,44,,,,,,,,,0.001576567068696022,0.03061455301940441,0.07917174696922302,0.40522271394729614
,1529,,,,,44,0.0007614624919369817,0.016018975526094437,0.09669744968414307,0.16784358024597168,,,,,,,,
0.0005219600725952814,1550,,,,,,,,,,,,,,,,,
0.0005219600725952814,1550,,,,,,,,,,,,,,,,,
0.0005219600725952814,1550,,,,,,,,,,,,,,,,,
0.0005219600725952814,1550,,,,,,,,,,,,,,,,,
,1550,0.0013550885487347841,0.029400795698165894,0.12968263030052185,0.2267134189605713,45,,,,,,,,,,,,
,1563,,,,,45,0.0010251507628709078,0.021237466484308243,0.09669744223356247,0.2225239872932434,,,,,,,,
0.0005309437386569873,1583,,,,,,,,,,,,,,,,,
0.0005309437386569873,1583,,,,,,,,,,,,,,,,,
0.0005309437386569873,1583,,,,,,,,,,,,,,,,,
0.0005309437386569873,1583,,,,,,,,,,,,,,,,,
,1583,0.0006817857502028346,0.018002597615122795,0.1104237288236618,0.1630319505929947,46,,,,,,,,,,,,
,1597,,,,,46,0.0010557735804468393,0.02147102914750576,0.09669743478298187,0.22579316794872284,,,,,,,,
0.0005399274047186933,1616,,,,,,,,,,,,,,,,,
0.0005399274047186933,1616,,,,,,,,,,,,,,,,,
0.0005399274047186933,1616,,,,,,,,,,,,,,,,,
0.0005399274047186933,1616,,,,,,,,,,,,,,,,,
,1616,0.0006728022126480937,0.01620163954794407,0.09143994748592377,0.1771833598613739,47,,,,,,,,,,,,
,1631,,,,,47,0.0007727136835455894,0.01694038137793541,0.09669741243124008,0.17695820331573486,,,,,,,,
0.0005489110707803994,1649,,,,,,,,,,,,,,,,,
0.0005489110707803994,1649,,,,,,,,,,,,,,,,,
0.0005489110707803994,1649,,,,,,,,,,,,,,,,,
0.0005489110707803994,1649,,,,,,,,,,,,,,,,,
,1649,0.0003160939086228609,0.014017957262694836,0.11480589956045151,0.12210135906934738,48,,,,,,,,,,,,
,1665,,,,,48,0.0007763155153952539,0.017504116520285606,0.09669745713472366,0.1846776157617569,,,,,,,,
0.0005578947368421052,1682,,,,,,,,,,,,,,,,,
0.0005578947368421052,1682,,,,,,,,,,,,,,,,,
0.0005578947368421052,1682,,,,,,,,,,,,,,,,,
0.0005578947368421052,1682,,,,,,,,,,,,,,,,,
,1682,0.0002852730394806713,0.011879583820700645,0.1035635694861412,0.11470812559127808,49,,,,,,,,,,,,
,153,,,,,,,,,,0.0006682134116999805,0.023702304810285568,0.09195023030042648,0.25777316093444824,,,,
,154,,,,,,,,,,0.0007205332512967288,0.02378176525235176,0.039159953594207764,0.607297956943512,,,,
,155,,,,,,,,,,0.0008174189133569598,0.023082097992300987,0.07243724912405014,0.3186495304107666,,,,
,156,,,,,,,,,,0.002014538738876581,0.03344474732875824,0.09695577621459961,0.3449484407901764,,,,
,157,,,,,,,,,,0.001049616257660091,0.027049675583839417,0.08865968883037567,0.30509549379348755,,,,
,158,,,,,,,,,,0.0007800529710948467,0.024736393243074417,0.05721943825483322,0.4323074519634247,,,,
,159,,,,,,,,,,0.0010209456086158752,0.026049872860312462,0.025477152317762375,1.0224794149398804,,,,
,160,,,,,,,,,,0.0005727150710299611,0.02109559439122677,0.06866084039211273,0.3072434067726135,,,,
,161,,,,,,,,,,0.0006604184745810926,0.023398682475090027,0.11188463866710663,0.20913219451904297,,,,
,162,,,,,,,,,,0.001339272945187986,0.030643433332443237,0.10694815963506699,0.28652602434158325,,,,
,163,,,,,,,,,,0.0007056721369735897,0.02356889471411705,0.08197197318077087,0.2875237762928009,,,,
,164,,,,,,,,,,0.0008449083543382585,0.026222985237836838,0.07832591235637665,0.33479318022727966,,,,
,165,,,,,,,,,,0.0005722093628719449,0.022495782002806664,0.07550571858882904,0.29793477058410645,,,,
,166,,,,,,,,,,0.0006841365247964859,0.022853996604681015,0.06541398167610168,0.3493747413158417,,,,
,167,,,,,,,,,,0.0008340642089024186,0.02550925314426422,0.1331549882888794,0.19157563149929047,,,,
,168,,,,,,,,,,0.0008182020392268896,0.02582692727446556,0.08672043681144714,0.29781821370124817,,,,
,169,,,,,,,,,,0.0006824226002208889,0.024524297565221786,0.053386859595775604,0.4593694508075714,,,,
,1699,,,,,49,,,,,,,,,0.0008750369888730347,0.025194158777594566,0.07917174696922302,0.3686662018299103
,1699,,,,,49,0.0009057430434040725,0.018745360895991325,0.09669745713472366,0.19694086909294128,,,,,,,,
0.0005668784029038113,1715,,,,,,,,,,,,,,,,,
0.0005668784029038113,1715,,,,,,,,,,,,,,,,,
0.0005668784029038113,1715,,,,,,,,,,,,,,,,,
0.0005668784029038113,1715,,,,,,,,,,,,,,,,,
,1715,0.0003699844819493592,0.011363618075847626,0.073066845536232,0.15552356839179993,50,,,,,,,,,,,,
,1733,,,,,50,0.0008271485567092896,0.017821405082941055,0.09669741243124008,0.1862913966178894,,,,,,,,
0.0005758620689655173,1748,,,,,,,,,,,,,,,,,
0.0005758620689655173,1748,,,,,,,,,,,,,,,,,
0.0005758620689655173,1748,,,,,,,,,,,,,,,,,
0.0005758620689655173,1748,,,,,,,,,,,,,,,,,
,1748,0.0012432895600795746,0.01617899350821972,0.1125606894493103,0.14373572170734406,51,,,,,,,,,,,,
,1767,,,,,51,0.0009303641854785383,0.0186773668974638,0.09669743478298187,0.19522345066070557,,,,,,,,
0.0005848457350272233,1781,,,,,,,,,,,,,,,,,
0.0005848457350272233,1781,,,,,,,,,,,,,,,,,
0.0005848457350272233,1781,,,,,,,,,,,,,,,,,
0.0005848457350272233,1781,,,,,,,,,,,,,,,,,
,1781,0.001164801768027246,0.020418548956513405,0.10308679193258286,0.1980714201927185,52,,,,,,,,,,,,
,1801,,,,,52,0.0011046824511140585,0.02174629084765911,0.09669746458530426,0.2262609452009201,,,,,,,,
0.0005938294010889293,1814,,,,,,,,,,,,,,,,,
0.0005938294010889293,1814,,,,,,,,,,,,,,,,,
0.0005938294010889293,1814,,,,,,,,,,,,,,,,,
0.0005938294010889293,1814,,,,,,,,,,,,,,,,,
,1814,0.00016127756680361927,0.009997576475143433,0.09635080397129059,0.10376223921775818,53,,,,,,,,,,,,
,1835,,,,,53,0.0009962780168280005,0.0207319688051939,0.09669744968414307,0.21705138683319092,,,,,,,,
0.0006028130671506352,1847,,,,,,,,,,,,,,,,,
0.0006028130671506352,1847,,,,,,,,,,,,,,,,,
0.0006028130671506352,1847,,,,,,,,,,,,,,,,,
0.0006028130671506352,1847,,,,,,,,,,,,,,,,,
,1847,0.0001837866730056703,0.009787453338503838,0.08413004130125046,0.11633718758821487,54,,,,,,,,,,,,
,170,,,,,,,,,,0.00039803417166695,0.014701047912240028,0.09195023030042648,0.15988047420978546,,,,
,171,,,,,,,,,,0.000294016906991601,0.012843146920204163,0.039159953594207764,0.32796627283096313,,,,
,172,,,,,,,,,,0.0006190037820488214,0.015007825568318367,0.07243724912405014,0.20718377828598022,,,,
,173,,,,,,,,,,0.0002987293992191553,0.013505762442946434,0.09695577621459961,0.13929815590381622,,,,
,174,,,,,,,,,,0.0006286235293373466,0.017073268070816994,0.08865968883037567,0.1925707906484604,,,,
,175,,,,,,,,,,0.00021006514725741,0.011324765160679817,0.05721943825483322,0.1979181170463562,,,,
,176,,,,,,,,,,0.0002887292066588998,0.013900595717132092,0.025477152317762375,0.5456100702285767,,,,
,177,,,,,,,,,,0.0003623984521254897,0.015253912657499313,0.06866084039211273,0.22216317057609558,,,,
,178,,,,,,,,,,0.0005459378589875996,0.016040820628404617,0.11188463866710663,0.14336927235126495,,,,
,179,,,,,,,,,,0.0008695046417415142,0.023230161517858505,0.10694815963506699,0.21720953285694122,,,,
,180,,,,,,,,,,0.0002377629716647789,0.013715168461203575,0.08197197318077087,0.1673153191804886,,,,
,181,,,,,,,,,,0.00046812393702566624,0.01574445329606533,0.07832591235637665,0.2010120451450348,,,,
,182,,,,,,,,,,0.0011335609015077353,0.022649547085165977,0.07550571858882904,0.29997125267982483,,,,
,183,,,,,,,,,,0.0005196287529543042,0.016908656805753708,0.06541398167610168,0.25848686695098877,,,,
,184,,,,,,,,,,0.0012179736513644457,0.02444978430867195,0.1331549882888794,0.18361897766590118,,,,
,185,,,,,,,,,,0.00037174890167079866,0.013707965612411499,0.08672043681144714,0.15807074308395386,,,,
,186,,,,,,,,,,0.0008688783855177462,0.021518979221582413,0.053386859595775604,0.40307626128196716,,,,
,1869,,,,,54,,,,,,,,,0.0005399127840064466,0.016422763466835022,0.07917174696922302,0.23203203082084656
,1869,,,,,54,0.0008456966024823487,0.016634302213788033,0.09669742733240128,0.1734594851732254,,,,,,,,
0.0006117967332123412,1880,,,,,,,,,,,,,,,,,
0.0006117967332123412,1880,,,,,,,,,,,,,,,,,
0.0006117967332123412,1880,,,,,,,,,,,,,,,,,
0.0006117967332123412,1880,,,,,,,,,,,,,,,,,
,1880,0.00042083754669874907,0.011958811432123184,0.0863909125328064,0.13842670619487762,55,,,,,,,,,,,,
,1903,,,,,55,0.0009698314825072885,0.017588375136256218,0.09669745713472366,0.18297915160655975,,,,,,,,
0.0006207803992740471,1913,,,,,,,,,,,,,,,,,
0.0006207803992740471,1913,,,,,,,,,,,,,,,,,
0.0006207803992740471,1913,,,,,,,,,,,,,,,,,
0.0006207803992740471,1913,,,,,,,,,,,,,,,,,
,1913,0.0005729881813749671,0.015525853261351585,0.0994441956281662,0.15612627565860748,56,,,,,,,,,,,,
,1937,,,,,56,0.0012704149121418595,0.02375481091439724,0.09669743478298187,0.2505475878715515,,,,,,,,
0.0006297640653357532,1946,,,,,,,,,,,,,,,,,
0.0006297640653357532,1946,,,,,,,,,,,,,,,,,
0.0006297640653357532,1946,,,,,,,,,,,,,,,,,
0.0006297640653357532,1946,,,,,,,,,,,,,,,,,
,1946,0.00030596807482652366,0.012781059369444847,0.0705050379037857,0.18127864599227905,57,,,,,,,,,,,,
,1971,,,,,57,0.0007864075596444309,0.017120951786637306,0.09669744968414307,0.178890660405159,,,,,,,,
0.0006387477313974593,1979,,,,,,,,,,,,,,,,,
0.0006387477313974593,1979,,,,,,,,,,,,,,,,,
0.0006387477313974593,1979,,,,,,,,,,,,,,,,,
0.0006387477313974593,1979,,,,,,,,,,,,,,,,,
,1979,0.00021548759832512587,0.009257238358259201,0.06693660467863083,0.13829857110977173,58,,,,,,,,,,,,
,2005,,,,,58,0.0008102608844637871,0.017703332006931305,0.09669743478298187,0.1841181218624115,,,,,,,,
0.0006477313974591651,2012,,,,,,,,,,,,,,,,,
0.0006477313974591651,2012,,,,,,,,,,,,,,,,,
0.0006477313974591651,2012,,,,,,,,,,,,,,,,,
0.0006477313974591651,2012,,,,,,,,,,,,,,,,,
,2012,0.0006859209388494492,0.017208032310009003,0.08415039628744125,0.20449137687683105,59,,,,,,,,,,,,
,187,,,,,,,,,,0.0007545155240222812,0.025290485471487045,0.09195023030042648,0.27504533529281616,,,,
,188,,,,,,,,,,0.0008179111173376441,0.026856154203414917,0.039159953594207764,0.685806393623352,,,,
,189,,,,,,,,,,0.001116104074753821,0.029703816398978233,0.07243724912405014,0.41006267070770264,,,,
,190,,,,,,,,,,0.0012342750560492277,0.030487749725580215,0.09695577621459961,0.3144500255584717,,,,
,191,,,,,,,,,,0.0013768542557954788,0.02883405052125454,0.08865968883037567,0.32522162795066833,,,,
,192,,,,,,,,,,0.0013363375328481197,0.03183890879154205,0.05721943825483322,0.5564351081848145,,,,
,193,,,,,,,,,,0.001714682555757463,0.033290110528469086,0.025477152317762375,1.3066648244857788,,,,
,194,,,,,,,,,,0.0010447425302118063,0.029061540961265564,0.06866084039211273,0.42326217889785767,,,,
,195,,,,,,,,,,0.0005441585090011358,0.02095611020922661,0.11188463866710663,0.18730103969573975,,,,
,196,,,,,,,,,,0.0010792051907628775,0.029088899493217468,0.10694815963506699,0.2719906270503998,,,,
,197,,,,,,,,,,0.0010918633779510856,0.02902628853917122,0.08197197318077087,0.3541001081466675,,,,
,198,,,,,,,,,,0.0013357833959162235,0.029545074328780174,0.07832591235637665,0.37720686197280884,,,,
,199,,,,,,,,,,0.0014303660718724132,0.030937857925891876,0.07550571858882904,0.4097418487071991,,,,
,200,,,,,,,,,,0.0012706094421446323,0.02962292544543743,0.06541398167610168,0.4528530538082123,,,,
,201,,,,,,,,,,0.0015151479747146368,0.03174074739217758,0.1331549882888794,0.23837442696094513,,,,
,202,,,,,,,,,,0.001309054670855403,0.03106154501438141,0.08672043681144714,0.3581801652908325,,,,
,203,,,,,,,,,,0.0005494358483701944,0.022557783871889114,0.053386859595775604,0.422534316778183,,,,
,2039,,,,,59,,,,,,,,,0.0011652777902781963,0.028995148837566376,0.07917174696922302,0.43379464745521545
,2039,,,,,59,0.000768490950576961,0.015874214470386505,0.09669744968414307,0.16630952060222626,,,,,,,,
0.0006567150635208712,2045,,,,,,,,,,,,,,,,,
0.0006567150635208712,2045,,,,,,,,,,,,,,,,,
0.0006567150635208712,2045,,,,,,,,,,,,,,,,,
0.0006567150635208712,2045,,,,,,,,,,,,,,,,,
,2045,0.0011638053692877293,0.021321890875697136,0.08794039487838745,0.24245841801166534,60,,,,,,,,,,,,
,2073,,,,,60,0.00093257607659325,0.019150251522660255,0.09669740498065948,0.19952860474586487,,,,,,,,
0.0006656987295825771,2078,,,,,,,,,,,,,,,,,
0.0006656987295825771,2078,,,,,,,,,,,,,,,,,
0.0006656987295825771,2078,,,,,,,,,,,,,,,,,
0.0006656987295825771,2078,,,,,,,,,,,,,,,,,
,2078,0.002224354073405266,0.025002142414450645,0.10278644412755966,0.24324356019496918,61,,,,,,,,,,,,
,2107,,,,,61,0.0009316279320046306,0.019126666709780693,0.09669747203588486,0.1994858831167221,,,,,,,,
0.0006746823956442831,2111,,,,,,,,,,,,,,,,,
0.0006746823956442831,2111,,,,,,,,,,,,,,,,,
0.0006746823956442831,2111,,,,,,,,,,,,,,,,,
0.0006746823956442831,2111,,,,,,,,,,,,,,,,,
,2111,0.001164348446764052,0.020605722442269325,0.08506880700588226,0.24222415685653687,62,,,,,,,,,,,,
,2141,,,,,62,0.0008659264422021806,0.01799469254910946,0.09669741243124008,0.18841640651226044,,,,,,,,
0.0006836660617059892,2144,,,,,,,,,,,,,,,,,
0.0006836660617059892,2144,,,,,,,,,,,,,,,,,
0.0006836660617059892,2144,,,,,,,,,,,,,,,,,
0.0006836660617059892,2144,,,,,,,,,,,,,,,,,
,2144,0.00071652204496786,0.02138589695096016,0.12643536925315857,0.1691448837518692,63,,,,,,,,,,,,
,2175,,,,,63,0.0008578414563089609,0.018151890486478806,0.09669743478298187,0.19042104482650757,,,,,,,,
0.0006926497277676951,2177,,,,,,,,,,,,,,,,,
0.0006926497277676951,2177,,,,,,,,,,,,,,,,,
0.0006926497277676951,2177,,,,,,,,,,,,,,,,,
0.0006926497277676951,2177,,,,,,,,,,,,,,,,,
,2177,0.0003538818273227662,0.010983961634337902,0.09040810912847519,0.12149308621883392,64,,,,,,,,,,,,
,204,,,,,,,,,,0.00042129805660806596,0.013233575038611889,0.09195023030042648,0.14392104744911194,,,,
,205,,,,,,,,,,0.00015895628894213587,0.008313074707984924,0.039159953594207764,0.21228504180908203,,,,
,206,,,,,,,,,,0.0010819711023941636,0.017565708607435226,0.07243724912405014,0.24249549210071564,,,,
,207,,,,,,,,,,0.002675140742212534,0.023315107449889183,0.09695577621459961,0.24047154188156128,,,,
,208,,,,,,,,,,0.0007523824460804462,0.01780037395656109,0.08865968883037567,0.20077186822891235,,,,
,209,,,,,,,,,,0.00018384568102192134,0.010834366083145142,0.05721943825483322,0.18934760987758636,,,,
,210,,,,,,,,,,9.082513861358166e-05,0.006458360701799393,0.025477152317762375,0.25349608063697815,,,,
,211,,,,,,,,,,0.00042894118814729154,0.013378719799220562,0.06866084039211273,0.19485223293304443,,,,
,212,,,,,,,,,,0.0015427129110321403,0.027328606694936752,0.11188463866710663,0.24425698816776276,,,,
,213,,,,,,,,,,0.0005416222847998142,0.014104321599006653,0.10694815963506699,0.13187997043132782,,,,
,214,,,,,,,,,,0.0008645387133583426,0.0169814582914114,0.08197197318077087,0.20716173946857452,,,,
,215,,,,,,,,,,0.0004160436801612377,0.012828673236072063,0.07832591235637665,0.16378578543663025,,,,
,216,,,,,,,,,,0.0004904649103991687,0.012620076537132263,0.07550571858882904,0.1671406477689743,,,,
,217,,,,,,,,,,0.0011342924553900957,0.019399847835302353,0.06541398167610168,0.2965703010559082,,,,
,218,,,,,,,,,,0.001476554200053215,0.02437717840075493,0.1331549882888794,0.18307369947433472,,,,
,219,,,,,,,,,,0.00040206394623965025,0.014529048465192318,0.08672043681144714,0.16753889620304108,,,,
,220,,,,,,,,,,0.00056788872461766,0.016526980325579643,0.053386859595775604,0.3095701336860657,,,,
,2209,,,,,64,,,,,,,,,0.0007841720362193882,0.015839604660868645,0.07917174696922302,0.20588329434394836
,2209,,,,,64,0.0010629890020936728,0.020514536648988724,0.09669741988182068,0.2144739329814911,,,,,,,,
0.0007016333938294011,2210,,,,,,,,,,,,,,,,,
0.0007016333938294011,2210,,,,,,,,,,,,,,,,,
0.0007016333938294011,2210,,,,,,,,,,,,,,,,,
0.0007016333938294011,2210,,,,,,,,,,,,,,,,,
,2210,0.0031442358158528805,0.030378639698028564,0.11095628142356873,0.27378925681114197,65,,,,,,,,,,,,
0.000710617059891107,2243,,,,,,,,,,,,,,,,,
,2243,0.00033286091638728976,0.012496285140514374,0.09728240966796875,0.12845368683338165,65,,,,,,,,,,,,
,2243,,,,,65,0.0008095097145996988,0.017453791573643684,0.09669739753007889,0.18214429914951324,,,,,,,,
0.0007196007259528131,2276,,,,,,,,,,,,,,,,,
0.0007196007259528131,2276,,,,,,,,,,,,,,,,,
0.0007196007259528131,2276,,,,,,,,,,,,,,,,,
0.0007196007259528131,2276,,,,,,,,,,,,,,,,,
,2276,0.0005262279883027077,0.01566481776535511,0.09718693792819977,0.16118231415748596,66,,,,,,,,,,,,
,2277,,,,,66,0.000631827162578702,0.014141952618956566,0.09669744968414307,0.1466144323348999,,,,,,,,
0.0007285843920145189,2309,,,,,,,,,,,,,,,,,
0.0007285843920145189,2309,,,,,,,,,,,,,,,,,
0.0007285843920145189,2309,,,,,,,,,,,,,,,,,
0.0007285843920145189,2309,,,,,,,,,,,,,,,,,
,2309,0.00019943524966947734,0.00975670013576746,0.08893715590238571,0.10970329493284225,67,,,,,,,,,,,,
,2311,,,,,67,0.0009973992127925158,0.01974932849407196,0.09669741243124008,0.2065315842628479,,,,,,,,
0.0007375680580762251,2342,,,,,,,,,,,,,,,,,
0.0007375680580762251,2342,,,,,,,,,,,,,,,,,
0.0007375680580762251,2342,,,,,,,,,,,,,,,,,
0.0007375680580762251,2342,,,,,,,,,,,,,,,,,
,2342,0.0005676804576069117,0.01335824839770794,0.10553568601608276,0.12657563388347626,68,,,,,,,,,,,,
,2345,,,,,68,0.0007050312124192715,0.015342405997216702,0.09669744968414307,0.15986277163028717,,,,,,,,
0.0007465517241379311,2375,,,,,,,,,,,,,,,,,
0.0007465517241379311,2375,,,,,,,,,,,,,,,,,
0.0007465517241379311,2375,,,,,,,,,,,,,,,,,
0.0007465517241379311,2375,,,,,,,,,,,,,,,,,
,2375,0.0004067803965881467,0.015119567513465881,0.11285486072301865,0.13397355377674103,69,,,,,,,,,,,,
,221,,,,,,,,,,0.00034059217432513833,0.011998090893030167,0.09195023030042648,0.13048461079597473,,,,
,222,,,,,,,,,,0.0009193706791847944,0.016919445246458054,0.039159953594207764,0.43205979466438293,,,,
,223,,,,,,,,,,0.0009535643039271235,0.018869049847126007,0.07243724912405014,0.2604881823062897,,,,
,224,,,,,,,,,,0.0003809102054219693,0.011826402507722378,0.09695577621459961,0.12197727710008621,,,,
,225,,,,,,,,,,0.0004988546716049314,0.015312198549509048,0.08865968883037567,0.17270754277706146,,,,
,226,,,,,,,,,,0.0012463610619306564,0.022657908499240875,0.05721943825483322,0.39598265290260315,,,,
,227,,,,,,,,,,0.0010294050443917513,0.020175807178020477,0.025477152317762375,0.7919173836708069,,,,
,228,,,,,,,,,,0.000615535129327327,0.0155919399112463,0.06866084039211273,0.22708632051944733,,,,
,229,,,,,,,,,,0.0002247196389362216,0.008938124403357506,0.11188463866710663,0.07988695800304413,,,,
,230,,,,,,,,,,0.0009286291315220296,0.02078058570623398,0.10694815963506699,0.1943051964044571,,,,
,231,,,,,,,,,,0.0005373330204747617,0.015867285430431366,0.08197197318077087,0.193569615483284,,,,
,232,,,,,,,,,,0.000431698135798797,0.015127363614737988,0.07832591235637665,0.19313354790210724,,,,
,233,,,,,,,,,,0.0009348664316348732,0.019601913169026375,0.07550571858882904,0.25960829854011536,,,,
,234,,,,,,,,,,0.001928306883201003,0.028323128819465637,0.06541398167610168,0.43298274278640747,,,,
,235,,,,,,,,,,0.0008903769194148481,0.018590373918414116,0.1331549882888794,0.139614537358284,,,,
,236,,,,,,,,,,0.001452605240046978,0.02302738092839718,0.08672043681144714,0.26553577184677124,,,,
,237,,,,,,,,,,0.0006844720337539911,0.017154647037386894,0.053386859595775604,0.3213270902633667,,,,
,2379,,,,,69,,,,,,,,,0.0008273273124359548,0.01770709455013275,0.07917174696922302,0.26991578936576843
,2379,,,,,69,0.0005866507417522371,0.013541118241846561,0.09669743478298187,0.1413400024175644,,,,,,,,
0.0007555353901996371,2408,,,,,,,,,,,,,,,,,
0.0007555353901996371,2408,,,,,,,,,,,,,,,,,
0.0007555353901996371,2408,,,,,,,,,,,,,,,,,
0.0007555353901996371,2408,,,,,,,,,,,,,,,,,
,2408,0.00037443783367052674,0.011433426290750504,0.09204234927892685,0.12421917915344238,70,,,,,,,,,,,,
,2413,,,,,70,0.0007251342758536339,0.015735935419797897,0.09669742733240128,0.1647329181432724,,,,,,,,
0.000764519056261343,2441,,,,,,,,,,,,,,,,,
0.000764519056261343,2441,,,,,,,,,,,,,,,,,
0.000764519056261343,2441,,,,,,,,,,,,,,,,,
0.000764519056261343,2441,,,,,,,,,,,,,,,,,
,2441,0.0009222177322953939,0.012127144262194633,0.11069940030574799,0.10955021530389786,71,,,,,,,,,,,,
,2447,,,,,71,0.0007343765464611351,0.015331405214965343,0.09669739753007889,0.16033318638801575,,,,,,,,
0.0007735027223230489,2474,,,,,,,,,,,,,,,,,
0.0007735027223230489,2474,,,,,,,,,,,,,,,,,
0.0007735027223230489,2474,,,,,,,,,,,,,,,,,
0.0007735027223230489,2474,,,,,,,,,,,,,,,,,
,2474,0.00046681606909260154,0.013956459239125252,0.09019940346479416,0.1547289341688156,72,,,,,,,,,,,,
,2481,,,,,72,0.0007125253323465586,0.015768924728035927,0.09669744223356247,0.165485218167305,,,,,,,,
0.000782486388384755,2507,,,,,,,,,,,,,,,,,
0.000782486388384755,2507,,,,,,,,,,,,,,,,,
0.000782486388384755,2507,,,,,,,,,,,,,,,,,
0.000782486388384755,2507,,,,,,,,,,,,,,,,,
,2507,0.0005875016795471311,0.015128569677472115,0.08483639359474182,0.17832639813423157,73,,,,,,,,,,,,
,2515,,,,,73,0.0009166807285510004,0.01937750168144703,0.09669741243124008,0.20128121972084045,,,,,,,,
0.0007914700544464611,2540,,,,,,,,,,,,,,,,,
0.0007914700544464611,2540,,,,,,,,,,,,,,,,,
0.0007914700544464611,2540,,,,,,,,,,,,,,,,,
0.0007914700544464611,2540,,,,,,,,,,,,,,,,,
,2540,0.0010254442458972335,0.017123369500041008,0.08321765065193176,0.20576605200767517,74,,,,,,,,,,,,
,238,,,,,,,,,,0.0014049808960407972,0.028064405545592308,0.09195023030042648,0.30521297454833984,,,,
,239,,,,,,,,,,0.001185144647024572,0.025202695280313492,0.039159953594207764,0.6435832381248474,,,,
,240,,,,,,,,,,0.0011036853538826108,0.02780548296868801,0.07243724912405014,0.3838560879230499,,,,
,241,,,,,,,,,,0.001104920287616551,0.025999320670962334,0.09695577621459961,0.2681564688682556,,,,
,242,,,,,,,,,,0.0014842696255072951,0.02911951206624508,0.08865968883037567,0.3284413516521454,,,,
,243,,,,,,,,,,0.0011826001573354006,0.028985388576984406,0.05721943825483322,0.5065653324127197,,,,
,244,,,,,,,,,,0.00138193741440773,0.029452301561832428,0.025477152317762375,1.1560275554656982,,,,
,245,,,,,,,,,,0.0007533133029937744,0.02195352129638195,0.06866084039211273,0.31973856687545776,,,,
,246,,,,,,,,,,0.0007542294333688915,0.022402619943022728,0.11188463866710663,0.20022961497306824,,,,
,247,,,,,,,,,,0.0005177009734325111,0.021142560988664627,0.10694815963506699,0.19768978655338287,,,,
,248,,,,,,,,,,0.0013215196086093783,0.02697528898715973,0.08197197318077087,0.32907938957214355,,,,
,249,,,,,,,,,,0.0006996722659096122,0.022434692829847336,0.07832591235637665,0.28642743825912476,,,,
,250,,,,,,,,,,0.0009827575413510203,0.024704089388251305,0.07550571858882904,0.3271816670894623,,,,
,251,,,,,,,,,,0.0008563169976696372,0.024615129455924034,0.06541398167610168,0.37629762291908264,,,,
,252,,,,,,,,,,0.0011708412785083055,0.023853933438658714,0.1331549882888794,0.17914411425590515,,,,
,253,,,,,,,,,,0.0010184370912611485,0.02537960186600685,0.08672043681144714,0.2926599383354187,,,,
,254,,,,,,,,,,0.0008436004864051938,0.01999487914144993,0.053386859595775604,0.37452802062034607,,,,
,2549,,,,,74,,,,,,,,,0.0010507669067010283,0.025328565388917923,0.07917174696922302,0.38105157017707825
,2549,,,,,74,0.0009117904119193554,0.01919947750866413,0.09669741243124008,0.2019031047821045,,,,,,,,
0.000800453720508167,2573,,,,,,,,,,,,,,,,,
0.000800453720508167,2573,,,,,,,,,,,,,,,,,
0.000800453720508167,2573,,,,,,,,,,,,,,,,,
0.000800453720508167,2573,,,,,,,,,,,,,,,,,
,2573,0.0006482863100245595,0.018568892031908035,0.09945988655090332,0.18669727444648743,75,,,,,,,,,,,,
,2583,,,,,75,0.000793624494690448,0.01760166510939598,0.09669741243124008,0.1846373826265335,,,,,,,,
0.000809437386569873,2606,,,,,,,,,,,,,,,,,
0.000809437386569873,2606,,,,,,,,,,,,,,,,,
0.000809437386569873,2606,,,,,,,,,,,,,,,,,
0.000809437386569873,2606,,,,,,,,,,,,,,,,,
,2606,0.0003551925765350461,0.012418141588568687,0.08024859428405762,0.1547458916902542,76,,,,,,,,,,,,
,2617,,,,,76,0.000868655857630074,0.018070850521326065,0.09669739753007889,0.18933141231536865,,,,,,,,
0.000818421052631579,2639,,,,,,,,,,,,,,,,,
0.000818421052631579,2639,,,,,,,,,,,,,,,,,
0.000818421052631579,2639,,,,,,,,,,,,,,,,,
0.000818421052631579,2639,,,,,,,,,,,,,,,,,
,2639,0.0011108724866062403,0.019567959010601044,0.10405504703521729,0.1880538910627365,77,,,,,,,,,,,,
,2651,,,,,77,0.0006846320466138422,0.015053906477987766,0.09669744223356247,0.15706166625022888,,,,,,,,
0.000827404718693285,2672,,,,,,,,,,,,,,,,,
0.000827404718693285,2672,,,,,,,,,,,,,,,,,
0.000827404718693285,2672,,,,,,,,,,,,,,,,,
0.000827404718693285,2672,,,,,,,,,,,,,,,,,
,2672,0.0012428781483322382,0.027235310524702072,0.1050587147474289,0.25923892855644226,78,,,,,,,,,,,,
,2685,,,,,78,0.0009143334464170039,0.018435420468449593,0.09669744223356247,0.19303815066814423,,,,,,,,
0.0008363883847549909,2705,,,,,,,,,,,,,,,,,
0.0008363883847549909,2705,,,,,,,,,,,,,,,,,
0.0008363883847549909,2705,,,,,,,,,,,,,,,,,
0.0008363883847549909,2705,,,,,,,,,,,,,,,,,
,2705,0.00017853068129625171,0.009386910125613213,0.09645768254995346,0.09731634706258774,79,,,,,,,,,,,,
,255,,,,,,,,,,0.0004325638001319021,0.014925967901945114,0.09195023030042648,0.16232657432556152,,,,
,256,,,,,,,,,,0.0005354944732971489,0.018128693103790283,0.039159953594207764,0.46293947100639343,,,,
,257,,,,,,,,,,0.000398755946662277,0.014315644279122353,0.07243724912405014,0.1976281851530075,,,,
,258,,,,,,,,,,0.0008741474593989551,0.020717792212963104,0.09695577621459961,0.2136828899383545,,,,
,259,,,,,,,,,,0.000825151801109314,0.02040775492787361,0.08865968883037567,0.2301807403564453,,,,
,260,,,,,,,,,,0.00031339339329861104,0.015460571274161339,0.05721943825483322,0.2701978385448456,,,,
,261,,,,,,,,,,0.0007561171660199761,0.018500179052352905,0.025477152317762375,0.7261475324630737,,,,
,262,,,,,,,,,,0.00011299032485112548,0.0090354448184371,0.06866084039211273,0.13159529864788055,,,,
,263,,,,,,,,,,0.0004421445191837847,0.017061762511730194,0.11188463866710663,0.15249422192573547,,,,
,264,,,,,,,,,,0.0004679065605159849,0.015616320073604584,0.10694815963506699,0.1460176408290863,,,,
,265,,,,,,,,,,0.00021006897441111505,0.011113646440207958,0.08197197318077087,0.13557860255241394,,,,
,266,,,,,,,,,,0.00015034510579425842,0.009958397597074509,0.07832591235637665,0.12714050710201263,,,,
,267,,,,,,,,,,0.0008552639046683908,0.01811925694346428,0.07550571858882904,0.23997195065021515,,,,
,268,,,,,,,,,,0.0002700497570913285,0.012459437362849712,0.06541398167610168,0.19047053158283234,,,,
,269,,,,,,,,,,0.0005067772581242025,0.014196895062923431,0.1331549882888794,0.10661932080984116,,,,
,270,,,,,,,,,,0.0006032924866303802,0.018994685262441635,0.08672043681144714,0.21903352439403534,,,,
,271,,,,,,,,,,0.0007638277602382004,0.016755608841776848,0.053386859595775604,0.31385260820388794,,,,
,2719,,,,,79,,,,,,,,,0.0004936255281791091,0.015601595863699913,0.07917174696922302,0.23463192582130432
,2719,,,,,79,0.0007402666378766298,0.01637977361679077,0.09669743478298187,0.1716262847185135,,,,,,,,
0.000845372050816697,2738,,,,,,,,,,,,,,,,,
0.000845372050816697,2738,,,,,,,,,,,,,,,,,
0.000845372050816697,2738,,,,,,,,,,,,,,,,,
0.000845372050816697,2738,,,,,,,,,,,,,,,,,
,2738,0.0005612255772575736,0.01673145964741707,0.09068965911865234,0.1844913512468338,80,,,,,,,,,,,,
,2753,,,,,80,0.0008191955857910216,0.016768885776400566,0.09669747203588486,0.17646969854831696,,,,,,,,
0.000854355716878403,2771,,,,,,,,,,,,,,,,,
0.000854355716878403,2771,,,,,,,,,,,,,,,,,
0.000854355716878403,2771,,,,,,,,,,,,,,,,,
0.000854355716878403,2771,,,,,,,,,,,,,,,,,
,2771,0.0006704984116367996,0.014931577257812023,0.11169829964637756,0.13367773592472076,81,,,,,,,,,,,,
,2787,,,,,81,0.0007204523426480591,0.01507214643061161,0.09669739753007889,0.15821990370750427,,,,,,,,
0.0008633393829401088,2804,,,,,,,,,,,,,,,,,
0.0008633393829401088,2804,,,,,,,,,,,,,,,,,
0.0008633393829401088,2804,,,,,,,,,,,,,,,,,
0.0008633393829401088,2804,,,,,,,,,,,,,,,,,
,2804,0.0009782272391021252,0.021256282925605774,0.08852510154247284,0.24011585116386414,82,,,,,,,,,,,,
,2821,,,,,82,0.0007673634099774063,0.016057664528489113,0.09669745713472366,0.16896577179431915,,,,,,,,
0.0008723230490018149,2837,,,,,,,,,,,,,,,,,
0.0008723230490018149,2837,,,,,,,,,,,,,,,,,
0.0008723230490018149,2837,,,,,,,,,,,,,,,,,
0.0008723230490018149,2837,,,,,,,,,,,,,,,,,
,2837,0.0010351274395361543,0.01625773124396801,0.10460545867681503,0.1554195135831833,83,,,,,,,,,,,,
,2855,,,,,83,0.0008084105211310089,0.01697462610900402,0.09669741988182068,0.17686066031455994,,,,,,,,
0.0008813067150635209,2870,,,,,,,,,,,,,,,,,
0.0008813067150635209,2870,,,,,,,,,,,,,,,,,
0.0008813067150635209,2870,,,,,,,,,,,,,,,,,
0.0008813067150635209,2870,,,,,,,,,,,,,,,,,
,2870,0.0002610522205941379,0.012434004805982113,0.089620441198349,0.13874070346355438,84,,,,,,,,,,,,
,272,,,,,,,,,,0.0009302924736402929,0.028898723423480988,0.09195023030042648,0.31428655982017517,,,,
,273,,,,,,,,,,0.0012911693193018436,0.03507375717163086,0.039159953594207764,0.895653486251831,,,,
,274,,,,,,,,,,0.001001211698167026,0.029323961585760117,0.07243724912405014,0.4048187732696533,,,,
,275,,,,,,,,,,0.0023906235583126545,0.03392210975289345,0.09695577621459961,0.3498719334602356,,,,
,276,,,,,,,,,,0.0010067288530990481,0.02815042994916439,0.08865968883037567,0.3175109922885895,,,,
,277,,,,,,,,,,0.0011478945380076766,0.03205549716949463,0.05721943825483322,0.5602203011512756,,,,
,278,,,,,,,,,,0.0015807881718501449,0.03931435942649841,0.025477152317762375,1.543121576309204,,,,
,279,,,,,,,,,,0.0011252433760091662,0.030882813036441803,0.06866084039211273,0.44978779554367065,,,,
,280,,,,,,,,,,0.0005268083186820149,0.019750989973545074,0.11188463866710663,0.17652994394302368,,,,
,281,,,,,,,,,,0.0023674399126321077,0.03800709545612335,0.10694815963506699,0.355378657579422,,,,
,282,,,,,,,,,,0.001176937366835773,0.030612826347351074,0.08197197318077087,0.373454749584198,,,,
,283,,,,,,,,,,0.001530410721898079,0.03659091144800186,0.07832591235637665,0.46716222167015076,,,,
,284,,,,,,,,,,0.0011973916552960873,0.030751651152968407,0.07550571858882904,0.4072757363319397,,,,
,285,,,,,,,,,,0.001313250744715333,0.03487018123269081,0.06541398167610168,0.5330691337585449,,,,
,286,,,,,,,,,,0.0015776408836245537,0.03064265474677086,0.1331549882888794,0.2301277071237564,,,,
,287,,,,,,,,,,0.0038275073748081923,0.043130870908498764,0.08672043681144714,0.49735525250434875,,,,
,288,,,,,,,,,,0.001193676725961268,0.03211468085646629,0.053386859595775604,0.6015464067459106,,,,
,2889,,,,,84,,,,,,,,,0.0014896319480612874,0.032607316970825195,0.07917174696922302,0.4957396686077118
,2889,,,,,84,0.0007346959318965673,0.0166337713599205,0.09669741243124008,0.17303073406219482,,,,,,,,
0.0008902903811252269,2903,,,,,,,,,,,,,,,,,
0.0008902903811252269,2903,,,,,,,,,,,,,,,,,
0.0008902903811252269,2903,,,,,,,,,,,,,,,,,
0.0008902903811252269,2903,,,,,,,,,,,,,,,,,
,2903,0.0002559052954893559,0.01206347905099392,0.09961044788360596,0.12110655009746552,85,,,,,,,,,,,,
,2923,,,,,85,0.0008930892217904329,0.01895103044807911,0.09669741988182068,0.19837860763072968,,,,,,,,
0.0008992740471869329,2936,,,,,,,,,,,,,,,,,
0.0008992740471869329,2936,,,,,,,,,,,,,,,,,
0.0008992740471869329,2936,,,,,,,,,,,,,,,,,
0.0008992740471869329,2936,,,,,,,,,,,,,,,,,
,2936,0.0002099253179039806,0.010618473403155804,0.11123689264059067,0.09545818716287613,86,,,,,,,,,,,,
,2957,,,,,86,0.0006946055218577385,0.015891294926404953,0.09669742733240128,0.16708223521709442,,,,,,,,
0.0009082577132486388,2969,,,,,,,,,,,,,,,,,
0.0009082577132486388,2969,,,,,,,,,,,,,,,,,
0.0009082577132486388,2969,,,,,,,,,,,,,,,,,
0.0009082577132486388,2969,,,,,,,,,,,,,,,,,
,2969,0.0014938055537641048,0.019038928672671318,0.12031583487987518,0.15824124217033386,87,,,,,,,,,,,,
,2991,,,,,87,0.0007744659669697285,0.017526008188724518,0.09669743478298187,0.18289737403392792,,,,,,,,
0.0009172413793103449,3002,,,,,,,,,,,,,,,,,
0.0009172413793103449,3002,,,,,,,,,,,,,,,,,
0.0009172413793103449,3002,,,,,,,,,,,,,,,,,
0.0009172413793103449,3002,,,,,,,,,,,,,,,,,
,3002,0.0010916620958596468,0.023475512862205505,0.0962672084569931,0.24385780096054077,88,,,,,,,,,,,,
,3025,,,,,88,0.0007594709750264883,0.016407223418354988,0.09669744223356247,0.17168645560741425,,,,,,,,
0.0009262250453720508,3035,,,,,,,,,,,,,,,,,
0.0009262250453720508,3035,,,,,,,,,,,,,,,,,
0.0009262250453720508,3035,,,,,,,,,,,,,,,,,
0.0009262250453720508,3035,,,,,,,,,,,,,,,,,
,3035,0.000490009319037199,0.015303014777600765,0.09196361154317856,0.1664029210805893,89,,,,,,,,,,,,
,289,,,,,,,,,,0.00021146840299479663,0.012112107127904892,0.09195023030042648,0.13172458112239838,,,,
,290,,,,,,,,,,0.000307467911625281,0.014596263878047466,0.039159953594207764,0.3727343678474426,,,,
,291,,,,,,,,,,0.00018131027172785252,0.01164664700627327,0.07243724912405014,0.16078254580497742,,,,
,292,,,,,,,,,,0.0016604508273303509,0.023393817245960236,0.09695577621459961,0.2412833571434021,,,,
,293,,,,,,,,,,0.000708833453245461,0.01918599382042885,0.08865968883037567,0.2164003998041153,,,,
,294,,,,,,,,,,0.00016297039110213518,0.010449579916894436,0.05721943825483322,0.18262286484241486,,,,
,295,,,,,,,,,,0.00015730013546999544,0.010988800786435604,0.025477152317762375,0.4313196539878845,,,,
,296,,,,,,,,,,0.0007810591487213969,0.019613061100244522,0.06866084039211273,0.285651296377182,,,,
,297,,,,,,,,,,0.00036648623063229024,0.01264660619199276,0.11188463866710663,0.11303254216909409,,,,
,298,,,,,,,,,,0.0005009958404116333,0.013577739708125591,0.10694815963506699,0.1269562542438507,,,,
,299,,,,,,,,,,0.00035105430288240314,0.014521867036819458,0.08197197318077087,0.177156463265419,,,,
,300,,,,,,,,,,0.00047126878052949905,0.016828279942274094,0.07832591235637665,0.21484942734241486,,,,
,301,,,,,,,,,,0.00019075709860771894,0.01201474666595459,0.07550571858882904,0.15912364423274994,,,,
,302,,,,,,,,,,0.0005543926963582635,0.0165245421230793,0.06541398167610168,0.2526147961616516,,,,
,303,,,,,,,,,,0.0012901239097118378,0.025052590295672417,0.1331549882888794,0.18814606964588165,,,,
,304,,,,,,,,,,0.0002744838420767337,0.014841876924037933,0.08672043681144714,0.1711462289094925,,,,
,305,,,,,,,,,,0.0002904936845880002,0.01359495148062706,0.053386859595775604,0.25464972853660583,,,,
,3059,,,,,89,,,,,,,,,0.0005035764188505709,0.015438447706401348,0.07917174696922302,0.21539975702762604
,3059,,,,,89,0.000750100938603282,0.014861546456813812,0.09669740498065948,0.1556030511856079,,,,,,,,
0.0009352087114337568,3068,,,,,,,,,,,,,,,,,
0.0009352087114337568,3068,,,,,,,,,,,,,,,,,
0.0009352087114337568,3068,,,,,,,,,,,,,,,,,
0.0009352087114337568,3068,,,,,,,,,,,,,,,,,
,3068,0.0006582617643289268,0.020657014101743698,0.07128036022186279,0.2897994816303253,90,,,,,,,,,,,,
,3093,,,,,90,0.0008436345378868282,0.018148312345147133,0.09669744223356247,0.190019428730011,,,,,,,,
0.0009441923774954628,3101,,,,,,,,,,,,,,,,,
0.0009441923774954628,3101,,,,,,,,,,,,,,,,,
0.0009441923774954628,3101,,,,,,,,,,,,,,,,,
0.0009441923774954628,3101,,,,,,,,,,,,,,,,,
,3101,0.003247066168114543,0.024717947468161583,0.11555686593055725,0.21390287578105927,91,,,,,,,,,,,,
,3127,,,,,91,0.0007383210468105972,0.01588412933051586,0.09669743478298187,0.16657395660877228,,,,,,,,
0.0009531760435571689,3134,,,,,,,,,,,,,,,,,
0.0009531760435571689,3134,,,,,,,,,,,,,,,,,
0.0009531760435571689,3134,,,,,,,,,,,,,,,,,
0.0009531760435571689,3134,,,,,,,,,,,,,,,,,
,3134,0.0002745433012023568,0.009575304575264454,0.10551692545413971,0.09074661135673523,92,,,,,,,,,,,,
,3161,,,,,92,0.0006496866699308157,0.014158518984913826,0.09669743478298187,0.14830763638019562,,,,,,,,
0.0009621597096188748,3167,,,,,,,,,,,,,,,,,
0.0009621597096188748,3167,,,,,,,,,,,,,,,,,
0.0009621597096188748,3167,,,,,,,,,,,,,,,,,
0.0009621597096188748,3167,,,,,,,,,,,,,,,,,
,3167,0.0009470930090174079,0.015374558977782726,0.10102587938308716,0.1521843522787094,93,,,,,,,,,,,,
,3195,,,,,93,0.0008382626692764461,0.018711954355239868,0.09669741988182068,0.1956692934036255,,,,,,,,
0.0009711433756805808,3200,,,,,,,,,,,,,,,,,
0.0009711433756805808,3200,,,,,,,,,,,,,,,,,
0.0009711433756805808,3200,,,,,,,,,,,,,,,,,
0.0009711433756805808,3200,,,,,,,,,,,,,,,,,
,3200,0.0006363699794746935,0.0175485759973526,0.0918712466955185,0.1910126954317093,94,,,,,,,,,,,,
,306,,,,,,,,,,0.0006620014901272953,0.014088093303143978,0.09195023030042648,0.15321432054042816,,,,
,307,,,,,,,,,,0.0004117595381103456,0.014856426976621151,0.039159953594207764,0.37937796115875244,,,,
,308,,,,,,,,,,0.00031464442145079374,0.013130085542798042,0.07243724912405014,0.18126149475574493,,,,
,309,,,,,,,,,,0.0008172583766281605,0.014719164930284023,0.09695577621459961,0.15181316435337067,,,,
,310,,,,,,,,,,0.00012218182382639498,0.009022681042551994,0.08865968883037567,0.10176755487918854,,,,
,311,,,,,,,,,,0.0001736557314870879,0.012014992535114288,0.05721943825483322,0.20998091995716095,,,,
,312,,,,,,,,,,0.0004158442316111177,0.015829766169190407,0.025477152317762375,0.6213316321372986,,,,
,313,,,,,,,,,,0.0003807124448940158,0.015947867184877396,0.06866084039211273,0.23227016627788544,,,,
,314,,,,,,,,,,0.0004593199701048434,0.013917334377765656,0.11188463866710663,0.12439002841711044,,,,
,315,,,,,,,,,,0.0011933406349271536,0.020155567675828934,0.10694815963506699,0.1884610801935196,,,,
,316,,,,,,,,,,0.00038488078280352056,0.015343903563916683,0.08197197318077087,0.18718473613262177,,,,
,317,,,,,,,,,,0.0007663501310162246,0.019746512174606323,0.07832591235637665,0.25210699439048767,,,,
,318,,,,,,,,,,0.0005783468950539827,0.017153704538941383,0.07550571858882904,0.22718414664268494,,,,
,319,,,,,,,,,,0.0005402275710366666,0.01857415772974491,0.06541398167610168,0.28394776582717896,,,,
,320,,,,,,,,,,0.0009564158390276134,0.018177304416894913,0.1331549882888794,0.1365123689174652,,,,
,321,,,,,,,,,,0.0007225695881061256,0.01766207441687584,0.08672043681144714,0.2036667764186859,,,,
,322,,,,,,,,,,0.00017445586854591966,0.011303289793431759,0.053386859595775604,0.2117241472005844,,,,
,3229,,,,,94,,,,,,,,,0.0005439509986899793,0.015506663359701633,0.07917174696922302,0.22665856778621674
,3229,,,,,94,0.0008863964467309415,0.018024737015366554,0.09669744223356247,0.1885828971862793,,,,,,,,
0.0009801270417422868,3233,,,,,,,,,,,,,,,,,
0.0009801270417422868,3233,,,,,,,,,,,,,,,,,
0.0009801270417422868,3233,,,,,,,,,,,,,,,,,
0.0009801270417422868,3233,,,,,,,,,,,,,,,,,
,3233,0.0005462970002554357,0.015401016920804977,0.07402165979146957,0.20806092023849487,95,,,,,,,,,,,,
,3263,,,,,95,0.0007098775822669268,0.01693612150847912,0.09669747203588486,0.17711834609508514,,,,,,,,
0.0009891107078039928,3266,,,,,,,,,,,,,,,,,
0.0009891107078039928,3266,,,,,,,,,,,,,,,,,
0.0009891107078039928,3266,,,,,,,,,,,,,,,,,
0.0009891107078039928,3266,,,,,,,,,,,,,,,,,
,3266,0.0009189864504151046,0.01563490740954876,0.1189238429069519,0.13146990537643433,96,,,,,,,,,,,,
,3297,,,,,96,0.0007026748498901725,0.015042908489704132,0.09669742733240128,0.1579149216413498,,,,,,,,
0.0009980943738656988,3299,,,,,,,,,,,,,,,,,
0.0009980943738656988,3299,,,,,,,,,,,,,,,,,
0.0009980943738656988,3299,,,,,,,,,,,,,,,,,
0.0009980943738656988,3299,,,,,,,,,,,,,,,,,
,3299,0.0004542185633908957,0.013373792171478271,0.07132208347320557,0.1875126212835312,97,,,,,,,,,,,,
,3331,,,,,97,0.0008250348037108779,0.01703900285065174,0.09669741988182068,0.17810508608818054,,,,,,,,
0.0009999981180738998,3332,,,,,,,,,,,,,,,,,
0.0009999981180738998,3332,,,,,,,,,,,,,,,,,
0.0009999981180738998,3332,,,,,,,,,,,,,,,,,
0.0009999981180738998,3332,,,,,,,,,,,,,,,,,
,3332,0.0006374606746248901,0.015776850283145905,0.1080687865614891,0.14598895609378815,98,,,,,,,,,,,,
0.0009999903092194004,3365,,,,,,,,,,,,,,,,,
,3365,0.00031898822635412216,0.016063323244452477,0.11136956512928009,0.14423438906669617,98,,,,,,,,,,,,
,3365,,,,,98,0.0006476686103269458,0.014410030096769333,0.09669744968414307,0.15101058781147003,,,,,,,,
0.0009999764371194095,3398,,,,,,,,,,,,,,,,,
0.0009999764371194095,3398,,,,,,,,,,,,,,,,,
0.0009999764371194095,3398,,,,,,,,,,,,,,,,,
0.0009999764371194095,3398,,,,,,,,,,,,,,,,,
,3398,0.0032846108078956604,0.029977483674883842,0.11389188468456268,0.2632099688053131,99,,,,,,,,,,,,
,323,,,,,,,,,,0.00034173703170381486,0.013479660265147686,0.09195023030042648,0.14659734070301056,,,,
,324,,,,,,,,,,0.0004564717528410256,0.01535855047404766,0.039159953594207764,0.3922003209590912,,,,
,325,,,,,,,,,,0.0006648411508649588,0.016776902601122856,0.07243724912405014,0.23160597681999207,,,,
,326,,,,,,,,,,0.0007345828926190734,0.0157221220433712,0.09695577621459961,0.16215763986110687,,,,
,327,,,,,,,,,,0.00030966830672696233,0.011492965742945671,0.08865968883037567,0.12963010370731354,,,,
,328,,,,,,,,,,0.0003032019594684243,0.01302834041416645,0.05721943825483322,0.22769077122211456,,,,
,329,,,,,,,,,,0.000762412790209055,0.0186261348426342,0.025477152317762375,0.7310914397239685,,,,
,330,,,,,,,,,,0.0002160089643439278,0.011032326146960258,0.06866084039211273,0.16067855060100555,,,,
,331,,,,,,,,,,0.0004084723477717489,0.012819009833037853,0.11188463866710663,0.11457344889640808,,,,
,332,,,,,,,,,,0.0002963207371067256,0.01385908480733633,0.10694815963506699,0.12958693504333496,,,,
,333,,,,,,,,,,0.0006834640516899526,0.016321202740073204,0.08197197318077087,0.1991070806980133,,,,
,334,,,,,,,,,,0.00028922868659719825,0.011442235670983791,0.07832591235637665,0.14608491957187653,,,,
,335,,,,,,,,,,0.00018254324095323682,0.010139133781194687,0.07550571858882904,0.13428297638893127,,,,
,336,,,,,,,,,,0.00037432712269946933,0.013267714530229568,0.06541398167610168,0.2028268575668335,,,,
,337,,,,,,,,,,0.0002572210505604744,0.009971828199923038,0.1331549882888794,0.07488887757062912,,,,
,338,,,,,,,,,,0.0002359087811782956,0.011442476883530617,0.08672043681144714,0.13194669783115387,,,,
,339,,,,,,,,,,0.0006486112833954394,0.01520459819585085,0.053386859595775604,0.28480032086372375,,,,
,3399,,,,,99,,,,,,,,,0.0004150312452111393,0.013480959460139275,0.07917174696922302,0.20967867970466614
,3399,,,,,99,0.0009582832572050393,0.020369112491607666,0.09669744223356247,0.21256548166275024,,,,,,,,
0.000999956501942319,3431,,,,,,,,,,,,,,,,,
0.000999956501942319,3431,,,,,,,,,,,,,,,,,
0.000999956501942319,3431,,,,,,,,,,,,,,,,,
0.000999956501942319,3431,,,,,,,,,,,,,,,,,
,3431,0.0014040976529940963,0.019561154767870903,0.10653044283390045,0.18362030386924744,100,,,,,,,,,,,,
,3433,,,,,100,0.0007753267418593168,0.015863360837101936,0.09669745713472366,0.1657315492630005,,,,,,,,
0.0009999305039301188,3464,,,,,,,,,,,,,,,,,
0.0009999305039301188,3464,,,,,,,,,,,,,,,,,
0.0009999305039301188,3464,,,,,,,,,,,,,,,,,
0.0009999305039301188,3464,,,,,,,,,,,,,,,,,
,3464,0.0005926566082052886,0.016615701839327812,0.10127072036266327,0.16407211124897003,101,,,,,,,,,,,,
,3467,,,,,101,0.0007641306146979332,0.016455961391329765,0.09669743478298187,0.1729028970003128,,,,,,,,
0.000999898443398395,3497,,,,,,,,,,,,,,,,,
0.000999898443398395,3497,,,,,,,,,,,,,,,,,
0.000999898443398395,3497,,,,,,,,,,,,,,,,,
0.000999898443398395,3497,,,,,,,,,,,,,,,,,
,3497,0.001910003717057407,0.020925771445035934,0.09153950214385986,0.2285982370376587,102,,,,,,,,,,,,
,3501,,,,,102,0.0006032486562617123,0.01365581713616848,0.09669744968414307,0.14273078739643097,,,,,,,,
0.000999860320736327,3530,,,,,,,,,,,,,,,,,
0.000999860320736327,3530,,,,,,,,,,,,,,,,,
0.000999860320736327,3530,,,,,,,,,,,,,,,,,
0.000999860320736327,3530,,,,,,,,,,,,,,,,,
,3530,0.0005374314496293664,0.014824509620666504,0.11893884837627411,0.12463974952697754,103,,,,,,,,,,,,
,3535,,,,,103,0.0006565500516444445,0.01472530234605074,0.09669744223356247,0.15452800691127777,,,,,,,,
0.0009998161364066795,3563,,,,,,,,,,,,,,,,,
0.0009998161364066795,3563,,,,,,,,,,,,,,,,,
0.0009998161364066795,3563,,,,,,,,,,,,,,,,,
0.0009998161364066795,3563,,,,,,,,,,,,,,,,,
,3563,0.00022279832046478987,0.012601923197507858,0.08532389253377914,0.14769510924816132,104,,,,,,,,,,,,
,340,,,,,,,,,,0.001334971166215837,0.01866607554256916,0.09195023030042648,0.20300191640853882,,,,
,341,,,,,,,,,,0.00016144828987307847,0.009224263951182365,0.039159953594207764,0.23555342853069305,,,,
,342,,,,,,,,,,0.0002905699657276273,0.011125553399324417,0.07243724912405014,0.15358881652355194,,,,
,343,,,,,,,,,,0.0013752589002251625,0.01964264176785946,0.09695577621459961,0.20259380340576172,,,,
,344,,,,,,,,,,0.0010531736770644784,0.020294008776545525,0.08865968883037567,0.22889778017997742,,,,
,345,,,,,,,,,,0.00024345626297872514,0.00943385437130928,0.05721943825483322,0.1648714691400528,,,,
,346,,,,,,,,,,0.00024273048620671034,0.009665124118328094,0.025477152317762375,0.3793642222881317,,,,
,347,,,,,,,,,,0.0002877001534216106,0.013494519516825676,0.06866084039211273,0.1965387761592865,,,,
,348,,,,,,,,,,0.0009638952906243503,0.020032431930303574,0.11188463866710663,0.1790454089641571,,,,
,349,,,,,,,,,,0.0016767969354987144,0.02225477062165737,0.10694815963506699,0.20808930695056915,,,,
,350,,,,,,,,,,0.0007347219507209957,0.017038602381944656,0.08197197318077087,0.2078588455915451,,,,
,351,,,,,,,,,,0.0003491224197205156,0.011124118231236935,0.07832591235637665,0.1420234590768814,,,,
,352,,,,,,,,,,0.00018781340622808784,0.009635798633098602,0.07550571858882904,0.1276167929172516,,,,
,353,,,,,,,,,,0.00012722989777103066,0.007444297894835472,0.06541398167610168,0.11380283534526825,,,,
,354,,,,,,,,,,0.002024763962253928,0.02619820088148117,0.1331549882888794,0.19674965739250183,,,,
,355,,,,,,,,,,0.0023256931453943253,0.02209724299609661,0.08672043681144714,0.25481006503105164,,,,
,356,,,,,,,,,,0.00011187850759597495,0.008244500495493412,0.053386859595775604,0.1544293612241745,,,,
,3569,,,,,104,,,,,,,,,0.0008129319176077843,0.0152288181707263,0.07917174696922302,0.19819720089435577
,3569,,,,,104,0.0007314210524782538,0.015131402760744095,0.09669742733240128,0.15817025303840637,,,,,,,,
0.0009997658909458023,3596,,,,,,,,,,,,,,,,,
0.0009997658909458023,3596,,,,,,,,,,,,,,,,,
0.0009997658909458023,3596,,,,,,,,,,,,,,,,,
0.0009997658909458023,3596,,,,,,,,,,,,,,,,,
,3596,0.0005348299164324999,0.016060005873441696,0.09106963872909546,0.17634861171245575,105,,,,,,,,,,,,
,3603,,,,,105,0.0006737229414284229,0.015615742653608322,0.09669741243124008,0.16385681927204132,,,,,,,,
0.0009997095849636167,3629,,,,,,,,,,,,,,,,,
0.0009997095849636167,3629,,,,,,,,,,,,,,,,,
0.0009997095849636167,3629,,,,,,,,,,,,,,,,,
0.0009997095849636167,3629,,,,,,,,,,,,,,,,,
,3629,0.0002872770419344306,0.01157328300178051,0.08113622665405273,0.1426401287317276,106,,,,,,,,,,,,
,3637,,,,,106,0.000817903142888099,0.017390595749020576,0.09669742733240128,0.18196070194244385,,,,,,,,
0.0009996472191436132,3662,,,,,,,,,,,,,,,,,
0.0009996472191436132,3662,,,,,,,,,,,,,,,,,
0.0009996472191436132,3662,,,,,,,,,,,,,,,,,
0.0009996472191436132,3662,,,,,,,,,,,,,,,,,
,3662,0.001195285003632307,0.024273104965686798,0.09786956012248993,0.24801483750343323,107,,,,,,,,,,,,
,3671,,,,,107,0.0007871328270994127,0.015959983691573143,0.09669744223356247,0.16693612933158875,,,,,,,,
0.0009995787942428426,3695,,,,,,,,,,,,,,,,,
0.0009995787942428426,3695,,,,,,,,,,,,,,,,,
0.0009995787942428426,3695,,,,,,,,,,,,,,,,,
0.0009995787942428426,3695,,,,,,,,,,,,,,,,,
,3695,0.0007843802450224757,0.015965549275279045,0.08943086862564087,0.17852389812469482,108,,,,,,,,,,,,
,3705,,,,,108,0.0008479882380925119,0.017653364688158035,0.09669744223356247,0.18409943580627441,,,,,,,,
0.0009995043110919053,3728,,,,,,,,,,,,,,,,,
0.0009995043110919053,3728,,,,,,,,,,,,,,,,,
0.0009995043110919053,3728,,,,,,,,,,,,,,,,,
0.0009995043110919053,3728,,,,,,,,,,,,,,,,,
,3728,0.0003975702857133001,0.012954376637935638,0.08065031468868256,0.16062398254871368,109,,,,,,,,,,,,
,357,,,,,,,,,,0.000434227695222944,0.013196824118494987,0.09195023030042648,0.14352136850357056,,,,
,358,,,,,,,,,,0.0003754830395337194,0.013396668247878551,0.039159953594207764,0.342101126909256,,,,
,359,,,,,,,,,,0.0006201973301358521,0.016664694994688034,0.07243724912405014,0.23005695641040802,,,,
,360,,,,,,,,,,0.0001628278405405581,0.010546592995524406,0.09695577621459961,0.10877734422683716,,,,
,361,,,,,,,,,,0.00017767117242328823,0.009691968560218811,0.08865968883037567,0.10931650549173355,,,,
,362,,,,,,,,,,9.92787754512392e-05,0.007805933710187674,0.05721943825483322,0.13642099499702454,,,,
,363,,,,,,,,,,0.0006283549591898918,0.01380724273622036,0.025477152317762375,0.5419458746910095,,,,
,364,,,,,,,,,,0.000568180694244802,0.01559790875762701,0.06866084039211273,0.22717325389385223,,,,
,365,,,,,,,,,,0.00013151278835721314,0.008386516943573952,0.11188463866710663,0.07495681196451187,,,,
,366,,,,,,,,,,0.0004289396747481078,0.010225391015410423,0.10694815963506699,0.09561071544885635,,,,
,367,,,,,,,,,,0.0003239487123209983,0.012671921402215958,0.08197197318077087,0.15458844602108002,,,,
,368,,,,,,,,,,0.0003630011051427573,0.010179387405514717,0.07832591235637665,0.12996192276477814,,,,
,369,,,,,,,,,,0.0009134495630860329,0.016887938603758812,0.07550571858882904,0.223664328455925,,,,
,370,,,,,,,,,,0.0004310244112275541,0.01361577957868576,0.06541398167610168,0.2081478238105774,,,,
,371,,,,,,,,,,0.0002982787264045328,0.014828367158770561,0.1331549882888794,0.11136170476675034,,,,
,372,,,,,,,,,,0.0005062778363935649,0.013591117225587368,0.08672043681144714,0.15672333538532257,,,,
,373,,,,,,,,,,0.00024994066916406155,0.012685704044997692,0.053386859595775604,0.23761843144893646,,,,
,3739,,,,,109,,,,,,,,,0.0003989677061326802,0.012572160921990871,0.07917174696922302,0.18876752257347107
,3739,,,,,109,0.0007233915966935456,0.015472267754375935,0.09669742733240128,0.16217847168445587,,,,,,,,
0.0009994237705949426,3761,,,,,,,,,,,,,,,,,
0.0009994237705949426,3761,,,,,,,,,,,,,,,,,
0.0009994237705949426,3761,,,,,,,,,,,,,,,,,
0.0009994237705949426,3761,,,,,,,,,,,,,,,,,
,3761,0.00015201843052636832,0.010090021416544914,0.09128372371196747,0.11053471267223358,110,,,,,,,,,,,,
,3773,,,,,110,0.0006598944310098886,0.014413139782845974,0.09669744223356247,0.15126478672027588,,,,,,,,
0.0009993371737296239,3794,,,,,,,,,,,,,,,,,
0.0009993371737296239,3794,,,,,,,,,,,,,,,,,
0.0009993371737296239,3794,,,,,,,,,,,,,,,,,
0.0009993371737296239,3794,,,,,,,,,,,,,,,,,
,3794,0.0002592421951703727,0.009673109278082848,0.10611970722675323,0.09115280210971832,111,,,,,,,,,,,,
,3807,,,,,111,0.0006802108837291598,0.015037464909255505,0.09669740498065948,0.15700893104076385,,,,,,,,
0.0009992445215471382,3827,,,,,,,,,,,,,,,,,
0.0009992445215471382,3827,,,,,,,,,,,,,,,,,
0.0009992445215471382,3827,,,,,,,,,,,,,,,,,
0.0009992445215471382,3827,,,,,,,,,,,,,,,,,
,3827,0.0003751814947463572,0.010441740974783897,0.09325440227985382,0.11197047680616379,112,,,,,,,,,,,,
,3841,,,,,112,0.0006569046527147293,0.014576110057532787,0.09669747948646545,0.1524338275194168,,,,,,,,
0.000999145815172176,3860,,,,,,,,,,,,,,,,,
0.000999145815172176,3860,,,,,,,,,,,,,,,,,
0.000999145815172176,3860,,,,,,,,,,,,,,,,,
0.000999145815172176,3860,,,,,,,,,,,,,,,,,
,3860,0.0012579656904563308,0.02128693088889122,0.10088860988616943,0.21099437773227692,113,,,,,,,,,,,,
,3875,,,,,113,0.0008152683731168509,0.017719389870762825,0.09669741243124008,0.186058908700943,,,,,,,,
0.000999041055802922,3893,,,,,,,,,,,,,,,,,
0.000999041055802922,3893,,,,,,,,,,,,,,,,,
0.000999041055802922,3893,,,,,,,,,,,,,,,,,
0.000999041055802922,3893,,,,,,,,,,,,,,,,,
,3893,0.0012449416099116206,0.018046874552965164,0.10085746645927429,0.17893442511558533,114,,,,,,,,,,,,
,374,,,,,,,,,,0.0011360187781974673,0.021838422864675522,0.09195023030042648,0.23750261962413788,,,,
,375,,,,,,,,,,0.000683171849232167,0.0137205570936203,0.039159953594207764,0.3503720462322235,,,,
,376,,,,,,,,,,0.0007806219509802759,0.017614047974348068,0.07243724912405014,0.24316281080245972,,,,
,377,,,,,,,,,,0.0009809513576328754,0.01976734958589077,0.09695577621459961,0.20388004183769226,,,,
,378,,,,,,,,,,0.00033036270178854465,0.012797875329852104,0.08865968883037567,0.14434827864170074,,,,
,379,,,,,,,,,,0.0006996341980993748,0.016211267560720444,0.05721943825483322,0.2833174467086792,,,,
,380,,,,,,,,,,0.0007996509084478021,0.013442202471196651,0.025477152317762375,0.5276177525520325,,,,
,381,,,,,,,,,,0.00042196636786684394,0.0150302704423666,0.06866084039211273,0.218905970454216,,,,
,382,,,,,,,,,,0.0005760716740041971,0.016734730452299118,0.11188463866710663,0.1495712846517563,,,,
,383,,,,,,,,,,0.0010092956945300102,0.019495563581585884,0.10694815963506699,0.18228982388973236,,,,
,384,,,,,,,,,,0.0005753698060289025,0.017233319580554962,0.08197197318077087,0.21023426949977875,,,,
,385,,,,,,,,,,0.0004132068424951285,0.013075343333184719,0.07832591235637665,0.16693507134914398,,,,
,386,,,,,,,,,,0.0012963912449777126,0.02354133129119873,0.07550571858882904,0.3117820620536804,,,,
,387,,,,,,,,,,0.0009252963354811072,0.02147950977087021,0.06541398167610168,0.3283626139163971,,,,
,388,,,,,,,,,,0.0015872701769694686,0.030287479981780052,0.1331549882888794,0.2274603247642517,,,,
,389,,,,,,,,,,0.0006192467408254743,0.016046790406107903,0.08672043681144714,0.1850404441356659,,,,
,390,,,,,,,,,,0.00030377579969353974,0.009650737047195435,0.053386859595775604,0.18076986074447632,,,,
,3909,,,,,114,,,,,,,,,0.0007861417252570391,0.017750805243849754,0.07917174696922302,0.24600781500339508
,3909,,,,,114,0.0007627049926668406,0.016726279631257057,0.09669744223356247,0.17360173165798187,,,,,,,,
0.000998930244711036,3926,,,,,,,,,,,,,,,,,
0.000998930244711036,3926,,,,,,,,,,,,,,,,,
0.000998930244711036,3926,,,,,,,,,,,,,,,,,
0.000998930244711036,3926,,,,,,,,,,,,,,,,,
,3926,0.0002381808590143919,0.011199346743524075,0.07869578897953033,0.14231187105178833,115,,,,,,,,,,,,
,3943,,,,,115,0.0006847516051493585,0.015678633004426956,0.09669742733240128,0.162923663854599,,,,,,,,
0.0009988133832416384,3959,,,,,,,,,,,,,,,,,
0.0009988133832416384,3959,,,,,,,,,,,,,,,,,
0.0009988133832416384,3959,,,,,,,,,,,,,,,,,
0.0009988133832416384,3959,,,,,,,,,,,,,,,,,
,3959,0.0012976581929251552,0.015702463686466217,0.10644008964300156,0.14752395451068878,116,,,,,,,,,,,,
,3977,,,,,116,0.0006005984032526612,0.01485352125018835,0.09669740498065948,0.15510287880897522,,,,,,,,
0.0009986904728132948,3992,,,,,,,,,,,,,,,,,
0.0009986904728132948,3992,,,,,,,,,,,,,,,,,
0.0009986904728132948,3992,,,,,,,,,,,,,,,,,
0.0009986904728132948,3992,,,,,,,,,,,,,,,,,
,3992,0.0015900216531008482,0.026284528896212578,0.08167126774787903,0.32183319330215454,117,,,,,,,,,,,,
,4011,,,,,117,0.0009731890168040991,0.020355403423309326,0.09669741988182068,0.21319353580474854,,,,,,,,
0.0009985615149179987,4025,,,,,,,,,,,,,,,,,
0.0009985615149179987,4025,,,,,,,,,,,,,,,,,
0.0009985615149179987,4025,,,,,,,,,,,,,,,,,
0.0009985615149179987,4025,,,,,,,,,,,,,,,,,
,4025,0.0008181559387594461,0.01804734393954277,0.10785670578479767,0.16732703149318695,118,,,,,,,,,,,,
,4045,,,,,118,0.0008008102304302156,0.01822468638420105,0.09669742733240128,0.190662682056427,,,,,,,,
0.0009984265111211532,4058,,,,,,,,,,,,,,,,,
0.0009984265111211532,4058,,,,,,,,,,,,,,,,,
0.0009984265111211532,4058,,,,,,,,,,,,,,,,,
0.0009984265111211532,4058,,,,,,,,,,,,,,,,,
,4058,0.0008182316087186337,0.017223108559846878,0.08541518449783325,0.20163986086845398,119,,,,,,,,,,,,
,391,,,,,,,,,,0.00033256629831157625,0.011224033311009407,0.09195023030042648,0.12206638604402542,,,,
,392,,,,,,,,,,0.00036681254277937114,0.010430596768856049,0.039159953594207764,0.26635870337486267,,,,
,393,,,,,,,,,,0.0002881284453906119,0.009230372495949268,0.07243724912405014,0.12742576003074646,,,,
,394,,,,,,,,,,0.00028903933707624674,0.01006985642015934,0.09695577621459961,0.1038602963089943,,,,
,395,,,,,,,,,,0.00048743232036940753,0.011496840044856071,0.08865968883037567,0.1296737939119339,,,,
,396,,,,,,,,,,0.0015202062204480171,0.022402292117476463,0.05721943825483322,0.3915153443813324,,,,
,397,,,,,,,,,,0.0008171574445441365,0.015880703926086426,0.025477152317762375,0.6233309507369995,,,,
,398,,,,,,,,,,0.000692804460413754,0.014195463620126247,0.06866084039211273,0.20674756169319153,,,,
,399,,,,,,,,,,0.0007565378909930587,0.01593346893787384,0.11188463866710663,0.1424097865819931,,,,
,400,,,,,,,,,,0.0005703431088477373,0.014997055754065514,0.10694815963506699,0.1402273178100586,,,,
,401,,,,,,,,,,0.00046310003381222486,0.012114576995372772,0.08197197318077087,0.14778923988342285,,,,
,402,,,,,,,,,,0.000526640797033906,0.013023750856518745,0.07832591235637665,0.16627638041973114,,,,
,403,,,,,,,,,,0.00042792665772140026,0.011483665555715561,0.07550571858882904,0.15208998322486877,,,,
,404,,,,,,,,,,0.0003258411306887865,0.010309316217899323,0.06541398167610168,0.15760108828544617,,,,
,405,,,,,,,,,,0.0007333350367844105,0.015310635790228844,0.1331549882888794,0.11498355865478516,,,,
,406,,,,,,,,,,0.0005312879802659154,0.011432725004851818,0.08672043681144714,0.1318342536687851,,,,
,407,,,,,,,,,,0.00045327909174375236,0.012294335290789604,0.053386859595775604,0.23028762638568878,,,,
,4079,,,,,119,,,,,,,,,0.000566803093533963,0.013070199638605118,0.07917174696922302,0.19638749957084656
,4079,,,,,119,0.0006830281345173717,0.015416967682540417,0.09669742733240128,0.16201098263263702,,,,,,,,
0.00099828546306155,4091,,,,,,,,,,,,,,,,,
0.00099828546306155,4091,,,,,,,,,,,,,,,,,
0.00099828546306155,4091,,,,,,,,,,,,,,,,,
0.00099828546306155,4091,,,,,,,,,,,,,,,,,
,4091,0.00033667124807834625,0.011636538431048393,0.0815042108297348,0.14277221262454987,120,,,,,,,,,,,,
,4113,,,,,120,0.0006709273438900709,0.014248468913137913,0.09669741988182068,0.14922751486301422,,,,,,,,
0.0009981383724513536,4124,,,,,,,,,,,,,,,,,
0.0009981383724513536,4124,,,,,,,,,,,,,,,,,
0.0009981383724513536,4124,,,,,,,,,,,,,,,,,
0.0009981383724513536,4124,,,,,,,,,,,,,,,,,
,4124,0.0005352660664357245,0.015561158768832684,0.10783987492322922,0.1442987322807312,121,,,,,,,,,,,,
,4147,,,,,121,0.0007041007629595697,0.015005435794591904,0.09669743478298187,0.15650895237922668,,,,,,,,
0.000997985241076076,4157,,,,,,,,,,,,,,,,,
0.000997985241076076,4157,,,,,,,,,,,,,,,,,
0.000997985241076076,4157,,,,,,,,,,,,,,,,,
0.000997985241076076,4157,,,,,,,,,,,,,,,,,
,4157,0.00035300757735967636,0.01063560601323843,0.08741706609725952,0.12166508287191391,122,,,,,,,,,,,,
,4181,,,,,122,0.0006512173567898571,0.014948670752346516,0.09669745713472366,0.15639930963516235,,,,,,,,
0.000997826070794559,4190,,,,,,,,,,,,,,,,,
0.000997826070794559,4190,,,,,,,,,,,,,,,,,
0.000997826070794559,4190,,,,,,,,,,,,,,,,,
0.000997826070794559,4190,,,,,,,,,,,,,,,,,
,4190,0.001143100904300809,0.018702710047364235,0.11551281064748764,0.1619102507829666,123,,,,,,,,,,,,
,4215,,,,,123,0.0006405945168808103,0.015115874819457531,0.09669741988182068,0.15803232789039612,,,,,,,,
0.0009976608635389483,4223,,,,,,,,,,,,,,,,,
0.0009976608635389483,4223,,,,,,,,,,,,,,,,,
0.0009976608635389483,4223,,,,,,,,,,,,,,,,,
0.0009976608635389483,4223,,,,,,,,,,,,,,,,,
,4223,0.0006454930990003049,0.02150273136794567,0.09049694240093231,0.23760724067687988,124,,,,,,,,,,,,
,408,,,,,,,,,,0.00047477029147557914,0.019150912761688232,0.09195023030042648,0.2082747370004654,,,,
,409,,,,,,,,,,0.0006978152669034898,0.018115362152457237,0.039159953594207764,0.4625990688800812,,,,
,410,,,,,,,,,,0.0005594742833636701,0.020395023748278618,0.07243724912405014,0.28155434131622314,,,,
,411,,,,,,,,,,0.0003240106161683798,0.015161454677581787,0.09695577621459961,0.15637493133544922,,,,
,412,,,,,,,,,,0.0004963632673025131,0.019222822040319443,0.08865968883037567,0.216815784573555,,,,
,413,,,,,,,,,,0.0005696904845535755,0.01821996457874775,0.05721943825483322,0.3184225857257843,,,,
,414,,,,,,,,,,0.0011030144523829222,0.02460647001862526,0.025477152317762375,0.9658246040344238,,,,
,415,,,,,,,,,,0.0004555305349640548,0.016497015953063965,0.06866084039211273,0.24026815593242645,,,,
,416,,,,,,,,,,0.00036676586023531854,0.014820076525211334,0.11188463866710663,0.13245853781700134,,,,
,417,,,,,,,,,,0.0012963291956111789,0.027386343106627464,0.10694815963506699,0.25607118010520935,,,,
,418,,,,,,,,,,0.0006526948418468237,0.020438838750123978,0.08197197318077087,0.24933932721614838,,,,
,419,,,,,,,,,,0.0003402939473744482,0.015981249511241913,0.07832591235637665,0.20403525233268738,,,,
,420,,,,,,,,,,0.0005977597902528942,0.020998749881982803,0.07550571858882904,0.27810803055763245,,,,
,421,,,,,,,,,,0.0005405047559179366,0.018902486190199852,0.06541398167610168,0.2889670133590698,,,,
,422,,,,,,,,,,0.0006773830391466618,0.02082637883722782,0.1331549882888794,0.15640704333782196,,,,
,423,,,,,,,,,,0.0006114615825936198,0.01899680308997631,0.08672043681144714,0.21905794739723206,,,,
,424,,,,,,,,,,0.000342265673680231,0.017053289338946342,0.053386859595775604,0.31942853331565857,,,,
,4249,,,,,124,,,,,,,,,0.000601629726588726,0.019283445551991463,0.07917174696922302,0.29061776399612427
,4249,,,,,124,0.0008888973970897496,0.019177064299583435,0.09669744968414307,0.20102444291114807,,,,,,,,
0.0009974896213146732,4256,,,,,,,,,,,,,,,,,
0.0009974896213146732,4256,,,,,,,,,,,,,,,,,
0.0009974896213146732,4256,,,,,,,,,,,,,,,,,
0.0009974896213146732,4256,,,,,,,,,,,,,,,,,
,4256,0.0005591536173596978,0.01467401348054409,0.10261210799217224,0.14300468564033508,125,,,,,,,,,,,,
,4283,,,,,125,0.000629228656180203,0.013962316326797009,0.09669741988182068,0.145358145236969,,,,,,,,
0.0009973123462004199,4289,,,,,,,,,,,,,,,,,
0.0009973123462004199,4289,,,,,,,,,,,,,,,,,
0.0009973123462004199,4289,,,,,,,,,,,,,,,,,
0.0009973123462004199,4289,,,,,,,,,,,,,,,,,
,4289,0.00046486707287840545,0.013712551444768906,0.09595391154289246,0.14290766417980194,126,,,,,,,,,,,,
,4317,,,,,126,0.0006937243742868304,0.015075530856847763,0.09669741988182068,0.15823914110660553,,,,,,,,
0.0009971290403481075,4322,,,,,,,,,,,,,,,,,
0.0009971290403481075,4322,,,,,,,,,,,,,,,,,
0.0009971290403481075,4322,,,,,,,,,,,,,,,,,
0.0009971290403481075,4322,,,,,,,,,,,,,,,,,
,4322,5.8551475376589224e-05,0.005769898183643818,0.09068544209003448,0.06362540274858475,127,,,,,,,,,,,,
,4351,,,,,127,0.0008370045688934624,0.016527516767382622,0.09669743478298187,0.17243698239326477,,,,,,,,
0.0009969397059828601,4355,,,,,,,,,,,,,,,,,
0.0009969397059828601,4355,,,,,,,,,,,,,,,,,
0.0009969397059828601,4355,,,,,,,,,,,,,,,,,
0.0009969397059828601,4355,,,,,,,,,,,,,,,,,
,4355,0.00040409713983535767,0.013289373368024826,0.08380990475416183,0.15856564044952393,128,,,,,,,,,,,,
,4385,,,,,128,0.0005695204599760473,0.012929805554449558,0.09669743478298187,0.13464905321598053,,,,,,,,
0.0009967443454029824,4388,,,,,,,,,,,,,,,,,
0.0009967443454029824,4388,,,,,,,,,,,,,,,,,
0.0009967443454029824,4388,,,,,,,,,,,,,,,,,
0.0009967443454029824,4388,,,,,,,,,,,,,,,,,
,4388,0.00034170824801549315,0.01046748273074627,0.09583674371242523,0.10922200977802277,129,,,,,,,,,,,,
,425,,,,,,,,,,0.0004403407219797373,0.015118038281798363,0.09195023030042648,0.16441543400287628,,,,
,426,,,,,,,,,,0.0001148818337242119,0.006460125558078289,0.039159953594207764,0.1649676114320755,,,,
,427,,,,,,,,,,0.00034292854252271354,0.010105352848768234,0.07243724912405014,0.13950490951538086,,,,
,428,,,,,,,,,,0.0008487985469400883,0.01592262089252472,0.09695577621459961,0.16422559320926666,,,,
,429,,,,,,,,,,0.00052804802544415,0.014831995591521263,0.08865968883037567,0.1672912985086441,,,,
,430,,,,,,,,,,0.00022262637503445148,0.010190160013735294,0.05721943825483322,0.17808909714221954,,,,
,431,,,,,,,,,,0.0008995283278636634,0.014699602499604225,0.025477152317762375,0.576971709728241,,,,
,432,,,,,,,,,,0.00014110899064689875,0.00810519140213728,0.06866084039211273,0.11804676800966263,,,,
,433,,,,,,,,,,0.00026464491384103894,0.010006737895309925,0.11188463866710663,0.08943799138069153,,,,
,434,,,,,,,,,,0.0006071537500247359,0.012405425310134888,0.10694815963506699,0.11599474400281906,,,,
,435,,,,,,,,,,0.00038032152224332094,0.012915980070829391,0.08197197318077087,0.15756578743457794,,,,
,436,,,,,,,,,,0.000694324669893831,0.015819570049643517,0.07832591235637665,0.20197106897830963,,,,
,437,,,,,,,,,,0.0003381728893145919,0.01007103268057108,0.07550571858882904,0.13338103890419006,,,,
,438,,,,,,,,,,0.0004941712832078338,0.013828249648213387,0.06541398167610168,0.21139590442180634,,,,
,439,,,,,,,,,,0.0004463078803382814,0.015054005198180676,0.1331549882888794,0.1130562499165535,,,,
,440,,,,,,,,,,0.0003850588109344244,0.012481953017413616,0.08672043681144714,0.1439332216978073,,,,
,441,,,,,,,,,,0.00046423764433711767,0.014402625150978565,0.053386859595775604,0.26977843046188354,,,,
,4419,,,,,129,,,,,,,,,0.0004473371955100447,0.012441129423677921,0.07917174696922302,0.18048050999641418
,4419,,,,,129,0.0007830805843695998,0.015417225658893585,0.09669741243124008,0.1613696962594986,,,,,,,,
0.0009965429609799308,4421,,,,,,,,,,,,,,,,,
0.0009965429609799308,4421,,,,,,,,,,,,,,,,,
0.0009965429609799308,4421,,,,,,,,,,,,,,,,,
0.0009965429609799308,4421,,,,,,,,,,,,,,,,,
,4421,0.000536652107257396,0.015211530029773712,0.12028853595256805,0.12645867466926575,130,,,,,,,,,,,,
,4453,,,,,130,0.0006413529044948518,0.01414573099464178,0.09669739007949829,0.14786238968372345,,,,,,,,
0.0009963355551582832,4454,,,,,,,,,,,,,,,,,
0.0009963355551582832,4454,,,,,,,,,,,,,,,,,
0.0009963355551582832,4454,,,,,,,,,,,,,,,,,
0.0009963355551582832,4454,,,,,,,,,,,,,,,,,
,4454,0.0007777631981298327,0.012869535014033318,0.11102084815502167,0.11591997742652893,131,,,,,,,,,,,,
0.000996122130455711,4487,,,,,,,,,,,,,,,,,
,4487,4.6167242544470355e-05,0.005808310117572546,0.09875258803367615,0.058816783130168915,131,,,,,,,,,,,,
,4487,,,,,131,0.0007197391241788864,0.015317539684474468,0.09669742733240128,0.1600193977355957,,,,,,,,
0.0009959026894629474,4520,,,,,,,,,,,,,,,,,
0.0009959026894629474,4520,,,,,,,,,,,,,,,,,
0.0009959026894629474,4520,,,,,,,,,,,,,,,,,
0.0009959026894629474,4520,,,,,,,,,,,,,,,,,
,4520,0.0007966590928845108,0.016266262158751488,0.09770141541957855,0.16648951172828674,132,,,,,,,,,,,,
,4521,,,,,132,0.0006260676309466362,0.01393241249024868,0.09669745713472366,0.1455335170030594,,,,,,,,
0.0009956772348437574,4553,,,,,,,,,,,,,,,,,
0.0009956772348437574,4553,,,,,,,,,,,,,,,,,
0.0009956772348437574,4553,,,,,,,,,,,,,,,,,
0.0009956772348437574,4553,,,,,,,,,,,,,,,,,
,4553,0.0005126226460561156,0.012417064979672432,0.0724574625492096,0.17137038707733154,133,,,,,,,,,,,,
,4555,,,,,133,0.0005272585549391806,0.012852206826210022,0.09669744223356247,0.13504868745803833,,,,,,,,
0.0009954457693349043,4586,,,,,,,,,,,,,,,,,
0.0009954457693349043,4586,,,,,,,,,,,,,,,,,
0.0009954457693349043,4586,,,,,,,,,,,,,,,,,
0.0009954457693349043,4586,,,,,,,,,,,,,,,,,
,4586,0.0007326814811676741,0.0167863629758358,0.09769921004772186,0.17181675136089325,134,,,,,,,,,,,,
,442,,,,,,,,,,0.002463048091158271,0.03191746771335602,0.09195023030042648,0.34711673855781555,,,,
,443,,,,,,,,,,0.0013187171425670385,0.018065528944134712,0.039159953594207764,0.4613265097141266,,,,
,444,,,,,,,,,,0.000995643436908722,0.016880957409739494,0.07243724912405014,0.23304246366024017,,,,
,445,,,,,,,,,,0.001013479195535183,0.019018514081835747,0.09695577621459961,0.1961565613746643,,,,
,446,,,,,,,,,,0.0031823290046304464,0.03122224472463131,0.08865968883037567,0.35215824842453003,,,,
,447,,,,,,,,,,0.0005615036934614182,0.013123664073646069,0.05721943825483322,0.22935670614242554,,,,
,448,,,,,,,,,,0.0023025330156087875,0.020246949046850204,0.025477152317762375,0.7947097420692444,,,,
,449,,,,,,,,,,0.0005130135687068105,0.015376275405287743,0.06866084039211273,0.22394530475139618,,,,
,450,,,,,,,,,,0.00039675948210060596,0.014002296142280102,0.11188463866710663,0.12514939904212952,,,,
,451,,,,,,,,,,0.0011023806873708963,0.019170302897691727,0.10694815963506699,0.17924854159355164,,,,
,452,,,,,,,,,,0.0019734518136829138,0.02873508259654045,0.08197197318077087,0.3505476117134094,,,,
,453,,,,,,,,,,0.0009054738329723477,0.01587541215121746,0.07832591235637665,0.20268401503562927,,,,
,454,,,,,,,,,,0.0027716215699911118,0.0291498564183712,0.07550571858882904,0.38606151938438416,,,,
,455,,,,,,,,,,0.0013936448376625776,0.021057486534118652,0.06541398167610168,0.3219110369682312,,,,
,456,,,,,,,,,,0.0008116552489809692,0.020756332203745842,0.1331549882888794,0.15588098764419556,,,,
,457,,,,,,,,,,0.0009905353654175997,0.017812788486480713,0.08672043681144714,0.20540471374988556,,,,
,458,,,,,,,,,,0.0015296159544959664,0.019406914710998535,0.053386859595775604,0.3635147511959076,,,,
,4589,,,,,134,,,,,,,,,0.001422058092430234,0.020731711760163307,0.07917174696922302,0.2999057471752167
,4589,,,,,134,0.0006049847579561174,0.013992744497954845,0.09669740498065948,0.14643976092338562,,,,,,,,
0.0009952082957461164,4619,,,,,,,,,,,,,,,,,
0.0009952082957461164,4619,,,,,,,,,,,,,,,,,
0.0009952082957461164,4619,,,,,,,,,,,,,,,,,
0.0009952082957461164,4619,,,,,,,,,,,,,,,,,
,4619,0.0008392009767703712,0.016594892367720604,0.101228728890419,0.163934588432312,135,,,,,,,,,,,,
,4623,,,,,135,0.000721415679436177,0.016201293095946312,0.09669744223356247,0.16972360014915466,,,,,,,,
0.0009949648169600533,4652,,,,,,,,,,,,,,,,,
0.0009949648169600533,4652,,,,,,,,,,,,,,,,,
0.0009949648169600533,4652,,,,,,,,,,,,,,,,,
0.0009949648169600533,4652,,,,,,,,,,,,,,,,,
,4652,0.0011005826527252793,0.020151691511273384,0.08980479091405869,0.22439436614513397,136,,,,,,,,,,,,
,4657,,,,,136,0.0006896835984662175,0.015780804678797722,0.09669740498065948,0.16494573652744293,,,,,,,,
0.0009947153359322718,4685,,,,,,,,,,,,,,,,,
0.0009947153359322718,4685,,,,,,,,,,,,,,,,,
0.0009947153359322718,4685,,,,,,,,,,,,,,,,,
0.0009947153359322718,4685,,,,,,,,,,,,,,,,,
,4685,0.0007308140629902482,0.016994526609778404,0.08941169828176498,0.1900704801082611,137,,,,,,,,,,,,
,4691,,,,,137,0.0007179505773819983,0.015990732237696648,0.09669744968414307,0.16627207398414612,,,,,,,,
0.0009944598556911885,4718,,,,,,,,,,,,,,,,,
0.0009944598556911885,4718,,,,,,,,,,,,,,,,,
0.0009944598556911885,4718,,,,,,,,,,,,,,,,,
0.0009944598556911885,4718,,,,,,,,,,,,,,,,,
,4718,0.0007298047421500087,0.01394893229007721,0.09879399836063385,0.14119209349155426,138,,,,,,,,,,,,
,4725,,,,,138,0.0007580448291264474,0.015982018783688545,0.09669743478298187,0.16742826998233795,,,,,,,,
0.0009941983793380423,4751,,,,,,,,,,,,,,,,,
0.0009941983793380423,4751,,,,,,,,,,,,,,,,,
0.0009941983793380423,4751,,,,,,,,,,,,,,,,,
0.0009941983793380423,4751,,,,,,,,,,,,,,,,,
,4751,0.00042605603812262416,0.011816231533885002,0.09619216620922089,0.12283983826637268,139,,,,,,,,,,,,
,459,,,,,,,,,,0.00040034655830822885,0.013469166122376919,0.09195023030042648,0.14648321270942688,,,,
,460,,,,,,,,,,9.868630149867386e-05,0.007863371632993221,0.039159953594207764,0.2008012980222702,,,,
,461,,,,,,,,,,0.00018349257879890501,0.010573094710707664,0.07243724912405014,0.14596210420131683,,,,
,462,,,,,,,,,,0.0010715490207076073,0.016140032559633255,0.09695577621459961,0.16646796464920044,,,,
,463,,,,,,,,,,0.00039462134009227157,0.013047806918621063,0.08865968883037567,0.14716728031635284,,,,
,464,,,,,,,,,,0.0002227680233772844,0.010466467589139938,0.05721943825483322,0.1829180121421814,,,,
,465,,,,,,,,,,0.00010087671398650855,0.008341151289641857,0.025477152317762375,0.3273971974849701,,,,
,466,,,,,,,,,,0.00018069776706397533,0.010121554136276245,0.06866084039211273,0.14741376042366028,,,,
,467,,,,,,,,,,0.00023330820840783417,0.010849196463823318,0.11188463866710663,0.09696769714355469,,,,
,468,,,,,,,,,,0.0009446120820939541,0.018234649673104286,0.10694815963506699,0.17049987614154816,,,,
,469,,,,,,,,,,0.00013872426643501967,0.00970060657709837,0.08197197318077087,0.11834051460027695,,,,
,470,,,,,,,,,,0.0003707265423145145,0.013266464695334435,0.07832591235637665,0.16937515139579773,,,,
,471,,,,,,,,,,0.0003616664034780115,0.012456849217414856,0.07550571858882904,0.16497886180877686,,,,
,472,,,,,,,,,,0.00018382834969088435,0.010776547715067863,0.06541398167610168,0.16474376618862152,,,,
,473,,,,,,,,,,0.00035678152926266193,0.01212278287857771,0.1331549882888794,0.0910426452755928,,,,
,474,,,,,,,,,,0.001407155767083168,0.018497463315725327,0.08672043681144714,0.2132999151945114,,,,
,475,,,,,,,,,,0.0001234236260643229,0.009338133968412876,0.053386859595775604,0.1749144345521927,,,,
,4759,,,,,139,,,,,,,,,0.00040622521191835403,0.012152018956840038,0.07917174696922302,0.16615699231624603
,4759,,,,,139,0.0006755529320798814,0.014672177843749523,0.09669741243124008,0.151852086186409,,,,,,,,
0.0009939309100468609,4784,,,,,,,,,,,,,,,,,
0.0009939309100468609,4784,,,,,,,,,,,,,,,,,
0.0009939309100468609,4784,,,,,,,,,,,,,,,,,
0.0009939309100468609,4784,,,,,,,,,,,,,,,,,
,4784,0.00016528123524039984,0.00942674744874239,0.1149682030081749,0.08199438452720642,140,,,,,,,,,,,,
,4793,,,,,140,0.0007489293348044157,0.016624344512820244,0.09669744968414307,0.17342466115951538,,,,,,,,
0.0009936574510644176,4817,,,,,,,,,,,,,,,,,
0.0009936574510644176,4817,,,,,,,,,,,,,,,,,
0.0009936574510644176,4817,,,,,,,,,,,,,,,,,
0.0009936574510644176,4817,,,,,,,,,,,,,,,,,
,4817,0.0008009261218830943,0.019252125173807144,0.08152779191732407,0.2361418455839157,141,,,,,,,,,,,,
,4827,,,,,141,0.0006781317642889917,0.015526522882282734,0.09669744968414307,0.1629524976015091,,,,,,,,
0.0009933780057101932,4850,,,,,,,,,,,,,,,,,
0.0009933780057101932,4850,,,,,,,,,,,,,,,,,
0.0009933780057101932,4850,,,,,,,,,,,,,,,,,
0.0009933780057101932,4850,,,,,,,,,,,,,,,,,
,4850,0.00035062595270574093,0.011975373141467571,0.09132266044616699,0.13113252818584442,142,,,,,,,,,,,,
,4861,,,,,142,0.000697229232173413,0.015785282477736473,0.09669744968414307,0.1655856817960739,,,,,,,,
0.000993092577376338,4883,,,,,,,,,,,,,,,,,
0.000993092577376338,4883,,,,,,,,,,,,,,,,,
0.000993092577376338,4883,,,,,,,,,,,,,,,,,
0.000993092577376338,4883,,,,,,,,,,,,,,,,,
,4883,0.0002212630060967058,0.009854967705905437,0.08032533526420593,0.12268814444541931,143,,,,,,,,,,,,
,4895,,,,,143,0.0007809946546331048,0.01657612808048725,0.09669747203588486,0.17278210818767548,,,,,,,,
0.000992801169527628,4916,,,,,,,,,,,,,,,,,
0.000992801169527628,4916,,,,,,,,,,,,,,,,,
0.000992801169527628,4916,,,,,,,,,,,,,,,,,
0.000992801169527628,4916,,,,,,,,,,,,,,,,,
,4916,0.000890839786734432,0.0165921188890934,0.09721042215824127,0.17068248987197876,144,,,,,,,,,,,,
,476,,,,,,,,,,0.0004424867802299559,0.009971312247216702,0.09195023030042648,0.10844248533248901,,,,
,477,,,,,,,,,,0.00015865854220464826,0.008689627051353455,0.039159953594207764,0.2219007909297943,,,,
,478,,,,,,,,,,0.00015025971515569836,0.008916959166526794,0.07243724912405014,0.12309906631708145,,,,
,479,,,,,,,,,,0.0003876117698382586,0.012766833417117596,0.09695577621459961,0.13167685270309448,,,,
,480,,,,,,,,,,0.00037524476647377014,0.010510350577533245,0.08865968883037567,0.11854710429906845,,,,
,481,,,,,,,,,,0.0001134268386522308,0.006763461045920849,0.05721943825483322,0.11820213496685028,,,,
,482,,,,,,,,,,3.3378568332409486e-05,0.004187139682471752,0.025477152317762375,0.1643487513065338,,,,
,483,,,,,,,,,,0.0001313110551564023,0.007835038006305695,0.06866084039211273,0.11411216109991074,,,,
,484,,,,,,,,,,0.00044910318683832884,0.013845724985003471,0.11188463866710663,0.1237499937415123,,,,
,485,,,,,,,,,,0.000703965313732624,0.015503592789173126,0.10694815963506699,0.1449636071920395,,,,
,486,,,,,,,,,,0.0005738019244745374,0.01077803410589695,0.08197197318077087,0.13148435950279236,,,,
,487,,,,,,,,,,0.0002841062378138304,0.010643133893609047,0.07832591235637665,0.1358826458454132,,,,
,488,,,,,,,,,,0.00012278402573429048,0.00799532514065504,0.07550571858882904,0.10589031130075455,,,,
,489,,,,,,,,,,0.0007895968155935407,0.014432830736041069,0.06541398167610168,0.22063827514648438,,,,
,490,,,,,,,,,,0.000527662574313581,0.016179973259568214,0.1331549882888794,0.12151232361793518,,,,
,491,,,,,,,,,,0.0002513533690944314,0.010677444748580456,0.08672043681144714,0.12312488257884979,,,,
,492,,,,,,,,,,0.00011036693467758596,0.00798188615590334,0.053386859595775604,0.14951027929782867,,,,
,4929,,,,,144,,,,,,,,,0.00033593244734220207,0.010521719232201576,0.07917174696922302,0.13834421336650848
,4929,,,,,144,0.0005773500306531787,0.013654018752276897,0.09669741988182068,0.14294317364692688,,,,,,,,
0.0009925037857014232,4949,,,,,,,,,,,,,,,,,
0.0009925037857014232,4949,,,,,,,,,,,,,,,,,
0.0009925037857014232,4949,,,,,,,,,,,,,,,,,
0.0009925037857014232,4949,,,,,,,,,,,,,,,,,
,4949,0.0005220318562351167,0.013189936988055706,0.08988120406866074,0.14674854278564453,145,,,,,,,,,,,,
,4963,,,,,145,0.0006297759828157723,0.01359430979937315,0.09669741988182068,0.14146679639816284,,,,,,,,
0.0009922004295076262,4982,,,,,,,,,,,,,,,,,
0.0009922004295076262,4982,,,,,,,,,,,,,,,,,
0.0009922004295076262,4982,,,,,,,,,,,,,,,,,
0.0009922004295076262,4982,,,,,,,,,,,,,,,,,
,4982,0.00044677493860945106,0.013403247110545635,0.09269257634878159,0.14459891617298126,146,,,,,,,,,,,,
,4997,,,,,146,0.0007516975747421384,0.016195286065340042,0.09669743478298187,0.17012782394886017,,,,,,,,
0.0009918911046286375,5015,,,,,,,,,,,,,,,,,
0.0009918911046286375,5015,,,,,,,,,,,,,,,,,
0.0009918911046286375,5015,,,,,,,,,,,,,,,,,
0.0009918911046286375,5015,,,,,,,,,,,,,,,,,
,5015,0.00012667638657148927,0.008132033050060272,0.07987289875745773,0.10181215405464172,147,,,,,,,,,,,,
,5031,,,,,147,0.0006648476701229811,0.014686216600239277,0.09669743478298187,0.15284183621406555,,,,,,,,
0.0009915758148193088,5048,,,,,,,,,,,,,,,,,
0.0009915758148193088,5048,,,,,,,,,,,,,,,,,
0.0009915758148193088,5048,,,,,,,,,,,,,,,,,
0.0009915758148193088,5048,,,,,,,,,,,,,,,,,
,5048,0.0014994768425822258,0.019140176475048065,0.11985781043767929,0.15969067811965942,148,,,,,,,,,,,,
,5065,,,,,148,0.0007041911012493074,0.015412155538797379,0.09669744223356247,0.16053366661071777,,,,,,,,
0.0009912545639069016,5081,,,,,,,,,,,,,,,,,
0.0009912545639069016,5081,,,,,,,,,,,,,,,,,
0.0009912545639069016,5081,,,,,,,,,,,,,,,,,
0.0009912545639069016,5081,,,,,,,,,,,,,,,,,
,5081,0.0002142486337106675,0.011929577216506004,0.08659514039754868,0.137762650847435,149,,,,,,,,,,,,
,493,,,,,,,,,,0.0007490774150937796,0.019885588437318802,0.09195023030042648,0.21626466512680054,,,,
,494,,,,,,,,,,0.00028298230608925223,0.01044207438826561,0.039159953594207764,0.26665177941322327,,,,
,495,,,,,,,,,,0.00022136203187983483,0.011633144691586494,0.07243724912405014,0.16059614717960358,,,,
,496,,,,,,,,,,0.00021205905068200082,0.010871878825128078,0.09695577621459961,0.11213233321905136,,,,
,497,,,,,,,,,,0.0007684268057346344,0.018284641206264496,0.08865968883037567,0.20623396337032318,,,,
,498,,,,,,,,,,0.0003243876853957772,0.012729566544294357,0.05721943825483322,0.22246922552585602,,,,
,499,,,,,,,,,,0.00012390318443067372,0.00787012092769146,0.025477152317762375,0.3089088499546051,,,,
,500,,,,,,,,,,0.0002684019273146987,0.012515699490904808,0.06866084039211273,0.18228290975093842,,,,
,501,,,,,,,,,,0.0003969480749219656,0.016855012625455856,0.11188463866710663,0.15064634382724762,,,,
,502,,,,,,,,,,0.0005403432296589017,0.016878556460142136,0.10694815963506699,0.1578199714422226,,,,
,503,,,,,,,,,,0.0005969357443973422,0.017286937683820724,0.08197197318077087,0.21088837087154388,,,,
,504,,,,,,,,,,0.00028286021552048624,0.012804456055164337,0.07832591235637665,0.1634766012430191,,,,
,505,,,,,,,,,,0.0006154344300739467,0.015575025230646133,0.07550571858882904,0.206276074051857,,,,
,506,,,,,,,,,,0.0006429977947846055,0.016452699899673462,0.06541398167610168,0.25151652097702026,,,,
,507,,,,,,,,,,0.0005742845823988318,0.01945158839225769,0.1331549882888794,0.1460822969675064,,,,
,508,,,,,,,,,,0.00013326629414223135,0.00891990028321743,0.08672043681144714,0.10285809636116028,,,,
,509,,,,,,,,,,0.0004365459899418056,0.012409345246851444,0.053386859595775604,0.23244190216064453,,,,
,5099,,,,,149,,,,,,,,,0.0004213587089907378,0.014218485914170742,0.07917174696922302,0.19288253784179688
,5099,,,,,149,0.0005386993871070445,0.013445333577692509,0.09669744968414307,0.14040037989616394,,,,,,,,
0.0009909273557910374,5114,,,,,,,,,,,,,,,,,
0.0009909273557910374,5114,,,,,,,,,,,,,,,,,
0.0009909273557910374,5114,,,,,,,,,,,,,,,,,
0.0009909273557910374,5114,,,,,,,,,,,,,,,,,
,5114,0.0015024589374661446,0.020595958456397057,0.1171121746301651,0.17586520314216614,150,,,,,,,,,,,,
,5133,,,,,150,0.0005748957628384233,0.012825681827962399,0.09669744223356247,0.13475991785526276,,,,,,,,
0.0009905941944436513,5147,,,,,,,,,,,,,,,,,
0.0009905941944436513,5147,,,,,,,,,,,,,,,,,
0.0009905941944436513,5147,,,,,,,,,,,,,,,,,
0.0009905941944436513,5147,,,,,,,,,,,,,,,,,
,5147,0.0004060500068590045,0.011185707524418831,0.09246175736188889,0.12097656726837158,151,,,,,,,,,,,,
,5167,,,,,151,0.0005631326348520815,0.012549061328172684,0.09669742733240128,0.13070149719715118,,,,,,,,
0.0009902550839089436,5180,,,,,,,,,,,,,,,,,
0.0009902550839089436,5180,,,,,,,,,,,,,,,,,
0.0009902550839089436,5180,,,,,,,,,,,,,,,,,
0.0009902550839089436,5180,,,,,,,,,,,,,,,,,
,5180,0.0002563272719271481,0.011118462309241295,0.09917402267456055,0.11211062222719193,152,,,,,,,,,,,,
,5201,,,,,152,0.0005795330507680774,0.012847133912146091,0.09669743478298187,0.13509900867938995,,,,,,,,
0.0009899100283033311,5213,,,,,,,,,,,,,,,,,
0.0009899100283033311,5213,,,,,,,,,,,,,,,,,
0.0009899100283033311,5213,,,,,,,,,,,,,,,,,
0.0009899100283033311,5213,,,,,,,,,,,,,,,,,
,5213,0.0009535155259072781,0.017746003344655037,0.11923175305128098,0.14883621037006378,153,,,,,,,,,,,,
,5235,,,,,153,0.0006047692149877548,0.013815758749842644,0.09669744968414307,0.14435845613479614,,,,,,,,
0.000989559031815397,5246,,,,,,,,,,,,,,,,,
0.000989559031815397,5246,,,,,,,,,,,,,,,,,
0.000989559031815397,5246,,,,,,,,,,,,,,,,,
0.000989559031815397,5246,,,,,,,,,,,,,,,,,
,5246,0.0006125419167801738,0.014988847076892853,0.1197889968752861,0.12512706220149994,154,,,,,,,,,,,,
,510,,,,,,,,,,0.0007090623839758337,0.017052680253982544,0.09195023030042648,0.1854555308818817,,,,
,511,,,,,,,,,,0.0006364705041050911,0.018429681658744812,0.039159953594207764,0.4706256091594696,,,,
,512,,,,,,,,,,0.0007958612404763699,0.019330695271492004,0.07243724912405014,0.266861230134964,,,,
,513,,,,,,,,,,0.00036488816840574145,0.015010189265012741,0.09695577621459961,0.15481477975845337,,,,
,514,,,,,,,,,,0.0003090212994720787,0.013866918161511421,0.08865968883037567,0.15640610456466675,,,,
,515,,,,,,,,,,0.0003190881689079106,0.015111798420548439,0.05721943825483322,0.2641024887561798,,,,
,516,,,,,,,,,,0.0006282489048317075,0.020864179357886314,0.025477152317762375,0.8189365267753601,,,,
,517,,,,,,,,,,0.0012233015149831772,0.021571435034275055,0.06866084039211273,0.31417372822761536,,,,
,518,,,,,,,,,,0.0008812599699012935,0.01935935951769352,0.11188463866710663,0.17302963137626648,,,,
,519,,,,,,,,,,0.0008350905263796449,0.02265661209821701,0.10694815963506699,0.21184664964675903,,,,
,520,,,,,,,,,,0.0005226356443017721,0.01793256774544716,0.08197197318077087,0.21876458823680878,,,,
,521,,,,,,,,,,0.0005334257148206234,0.017228972166776657,0.07832591235637665,0.2199651300907135,,,,
,522,,,,,,,,,,0.0002699868637137115,0.013428880833089352,0.07550571858882904,0.17785248160362244,,,,
,523,,,,,,,,,,0.0007315450347959995,0.02076020836830139,0.06541398167610168,0.31736648082733154,,,,
,524,,,,,,,,,,0.0011449402663856745,0.019261833280324936,0.1331549882888794,0.1446572244167328,,,,
,525,,,,,,,,,,0.002073629992082715,0.027558809146285057,0.08672043681144714,0.3177890479564667,,,,
,526,,,,,,,,,,0.0004291744262445718,0.01632414199411869,0.053386859595775604,0.30577072501182556,,,,
,5269,,,,,154,,,,,,,,,0.0007383867050521076,0.018637249246239662,0.07917174696922302,0.27675390243530273
,5269,,,,,154,0.0006718839867971838,0.015402699820697308,0.09669741988182068,0.1619316041469574,,,,,,,,
0.000989202098705842,5279,,,,,,,,,,,,,,,,,
0.000989202098705842,5279,,,,,,,,,,,,,,,,,
0.000989202098705842,5279,,,,,,,,,,,,,,,,,
0.000989202098705842,5279,,,,,,,,,,,,,,,,,
,5279,0.0003802250721491873,0.012144776992499828,0.0933321937918663,0.13012418150901794,155,,,,,,,,,,,,
,5303,,,,,155,0.0007216027588583529,0.01545109786093235,0.09669744968414307,0.16162656247615814,,,,,,,,
0.0009888392333074275,5312,,,,,,,,,,,,,,,,,
0.0009888392333074275,5312,,,,,,,,,,,,,,,,,
0.0009888392333074275,5312,,,,,,,,,,,,,,,,,
0.0009888392333074275,5312,,,,,,,,,,,,,,,,,
,5312,0.0005927936872467399,0.01753569394350052,0.0999058336019516,0.17552220821380615,156,,,,,,,,,,,,
,5337,,,,,156,0.0005731586134061217,0.013718342408537865,0.09669744223356247,0.1438574492931366,,,,,,,,
0.0009884704400249268,5345,,,,,,,,,,,,,,,,,
0.0009884704400249268,5345,,,,,,,,,,,,,,,,,
0.0009884704400249268,5345,,,,,,,,,,,,,,,,,
0.0009884704400249268,5345,,,,,,,,,,,,,,,,,
,5345,0.0004726423358079046,0.014575093984603882,0.10253237187862396,0.1421511322259903,157,,,,,,,,,,,,
,5371,,,,,157,0.0006619254127144814,0.014496369287371635,0.09669741243124008,0.150361567735672,,,,,,,,
0.0009880957233350744,5378,,,,,,,,,,,,,,,,,
0.0009880957233350744,5378,,,,,,,,,,,,,,,,,
0.0009880957233350744,5378,,,,,,,,,,,,,,,,,
0.0009880957233350744,5378,,,,,,,,,,,,,,,,,
,5378,0.0013086842373013496,0.01739560440182686,0.10966121405363083,0.1586304008960724,158,,,,,,,,,,,,
,5405,,,,,158,0.00064178864704445,0.014405361376702785,0.09669742733240128,0.1501588374376297,,,,,,,,
0.000987715087786504,5411,,,,,,,,,,,,,,,,,
0.000987715087786504,5411,,,,,,,,,,,,,,,,,
0.000987715087786504,5411,,,,,,,,,,,,,,,,,
0.000987715087786504,5411,,,,,,,,,,,,,,,,,
,5411,0.001781478407792747,0.027477450668811798,0.11706768721342087,0.23471419513225555,159,,,,,,,,,,,,
,527,,,,,,,,,,0.001140740467235446,0.022475844249129295,0.09195023030042648,0.24443486332893372,,,,
,528,,,,,,,,,,0.0011536616366356611,0.019426686689257622,0.039159953594207764,0.49608540534973145,,,,
,529,,,,,,,,,,0.00016017572488635778,0.009484577924013138,0.07243724912405014,0.13093507289886475,,,,
,530,,,,,,,,,,0.0006443523452617228,0.014571777544915676,0.09695577621459961,0.1502930223941803,,,,
,531,,,,,,,,,,0.0006577805033884943,0.015528526157140732,0.08865968883037567,0.17514751851558685,,,,
,532,,,,,,,,,,0.0009486197377555072,0.019735043868422508,0.05721943825483322,0.3449009954929352,,,,
,533,,,,,,,,,,0.0006270891171880066,0.01616724580526352,0.025477152317762375,0.6345779895782471,,,,
,534,,,,,,,,,,0.00020407498232088983,0.009897160343825817,0.06866084039211273,0.14414560794830322,,,,
,535,,,,,,,,,,0.00011757743777707219,0.007993929088115692,0.11188463866710663,0.07144795358181,,,,
,536,,,,,,,,,,0.0005945193115621805,0.018250886350870132,0.10694815963506699,0.17065168917179108,,,,
,537,,,,,,,,,,0.0009082362521439791,0.02078290469944477,0.08197197318077087,0.2535366714000702,,,,
,538,,,,,,,,,,0.0007395031279884279,0.015987209975719452,0.07832591235637665,0.20411135256290436,,,,
,539,,,,,,,,,,0.0004968937719240785,0.013712390325963497,0.07550571858882904,0.18160729110240936,,,,
,540,,,,,,,,,,0.0008368752896785736,0.021766601130366325,0.06541398167610168,0.33275145292282104,,,,
,541,,,,,,,,,,0.0009552257834002376,0.021315252408385277,0.1331549882888794,0.1600784957408905,,,,
,542,,,,,,,,,,0.0022264993749558926,0.02093636244535446,0.08672043681144714,0.2414236068725586,,,,
,543,,,,,,,,,,0.00024965242482721806,0.010626833885908127,0.053386859595775604,0.1990533173084259,,,,
,5439,,,,,159,,,,,,,,,0.0007588327280245721,0.0165551844984293,0.07917174696922302,0.2444991022348404
,5439,,,,,159,0.0006415092502720654,0.014818047173321247,0.09669743478298187,0.15602003037929535,,,,,,,,
0.0009873285379996993,5444,,,,,,,,,,,,,,,,,
0.0009873285379996993,5444,,,,,,,,,,,,,,,,,
0.0009873285379996993,5444,,,,,,,,,,,,,,,,,
0.0009873285379996993,5444,,,,,,,,,,,,,,,,,
,5444,0.0019994142930954695,0.02444935403764248,0.10918951034545898,0.2239166796207428,160,,,,,,,,,,,,
,5473,,,,,160,0.0005312531720846891,0.013186367228627205,0.09669744968414307,0.13804873824119568,,,,,,,,
0.0009869360786669366,5477,,,,,,,,,,,,,,,,,
0.0009869360786669366,5477,,,,,,,,,,,,,,,,,
0.0009869360786669366,5477,,,,,,,,,,,,,,,,,
0.0009869360786669366,5477,,,,,,,,,,,,,,,,,
,5477,0.00015763261762913316,0.008953358978033066,0.08412861078977585,0.10642465204000473,161,,,,,,,,,,,,
,5507,,,,,161,0.0006188417901284993,0.013575205579400063,0.09669741243124008,0.1410435289144516,,,,,,,,
0.0009865377145522264,5510,,,,,,,,,,,,,,,,,
0.0009865377145522264,5510,,,,,,,,,,,,,,,,,
0.0009865377145522264,5510,,,,,,,,,,,,,,,,,
0.0009865377145522264,5510,,,,,,,,,,,,,,,,,
,5510,0.0006694180774502456,0.018698658794164658,0.09576855599880219,0.19524839520454407,162,,,,,,,,,,,,
,5541,,,,,162,0.0007228166796267033,0.015670210123062134,0.09669744223356247,0.16406139731407166,,,,,,,,
0.000986133450491256,5543,,,,,,,,,,,,,,,,,
0.000986133450491256,5543,,,,,,,,,,,,,,,,,
0.000986133450491256,5543,,,,,,,,,,,,,,,,,
0.000986133450491256,5543,,,,,,,,,,,,,,,,,
,5543,0.0007241839775815606,0.014720829203724861,0.07824718952178955,0.18813234567642212,163,,,,,,,,,,,,
,5575,,,,,163,0.0006728915614075959,0.014120400883257389,0.09669746458530426,0.14707393944263458,,,,,,,,
0.0009857232913913338,5576,,,,,,,,,,,,,,,,,
0.0009857232913913338,5576,,,,,,,,,,,,,,,,,
0.0009857232913913338,5576,,,,,,,,,,,,,,,,,
0.0009857232913913338,5576,,,,,,,,,,,,,,,,,
,5576,0.0013346709311008453,0.020542340353131294,0.08228807151317596,0.24963931739330292,164,,,,,,,,,,,,
0.0009853072422313259,5609,,,,,,,,,,,,,,,,,
,5609,5.549678098759614e-05,0.006323338486254215,0.09013631939888,0.07015305012464523,164,,,,,,,,,,,,
,544,,,,,,,,,,0.00020782137289643288,0.009313099086284637,0.09195023030042648,0.10128411650657654,,,,
,545,,,,,,,,,,0.00021901994477957487,0.008832002989947796,0.039159953594207764,0.2255365401506424,,,,
,546,,,,,,,,,,0.0010519216302782297,0.015439236536622047,0.07243724912405014,0.21313942968845367,,,,
,547,,,,,,,,,,0.00012385299487505108,0.008142027072608471,0.09695577621459961,0.08397670090198517,,,,
,548,,,,,,,,,,0.0008119972771964967,0.015630226582288742,0.08865968883037567,0.17629460990428925,,,,
,549,,,,,,,,,,0.00015611427079420537,0.008915988728404045,0.05721943825483322,0.15582095086574554,,,,
,550,,,,,,,,,,0.0007752191741019487,0.01753871887922287,0.025477152317762375,0.6884094476699829,,,,
,551,,,,,,,,,,0.0003557968302629888,0.010497981682419777,0.06866084039211273,0.15289618074893951,,,,
,552,,,,,,,,,,0.0003989345859736204,0.010325731709599495,0.11188463866710663,0.09228908270597458,,,,
,553,,,,,,,,,,0.0007232866482809186,0.017864130437374115,0.10694815963506699,0.16703540086746216,,,,
,554,,,,,,,,,,9.620228956919163e-05,0.007987952791154385,0.08197197318077087,0.09744735062122345,,,,
,555,,,,,,,,,,0.00034986488753929734,0.009487507864832878,0.07832591235637665,0.12112858146429062,,,,
,556,,,,,,,,,,0.00026538906968198717,0.00943080149590969,0.07550571858882904,0.12490180134773254,,,,
,557,,,,,,,,,,0.0007911927532404661,0.017183322459459305,0.06541398167610168,0.26268574595451355,,,,
,558,,,,,,,,,,0.0005601884331554174,0.012386616319417953,0.1331549882888794,0.09302404522895813,,,,
,559,,,,,,,,,,0.0005191598902456462,0.012635819613933563,0.08672043681144714,0.14570750296115875,,,,
,560,,,,,,,,,,0.00038839501212351024,0.012394879944622517,0.053386859595775604,0.2321709394454956,,,,
,5609,,,,,164,,,,,,,,,0.000460479233879596,0.01198916882276535,0.07917174696922302,0.18298183381557465
,5609,,,,,164,0.000777547131292522,0.015031326562166214,0.09669741243124008,0.1561719924211502,,,,,,,,
0.0009848853080615969,5642,,,,,,,,,,,,,,,,,
0.0009848853080615969,5642,,,,,,,,,,,,,,,,,
0.0009848853080615969,5642,,,,,,,,,,,,,,,,,
0.0009848853080615969,5642,,,,,,,,,,,,,,,,,
,5642,0.0008395789191126823,0.012512199580669403,0.11783170700073242,0.10618702322244644,165,,,,,,,,,,,,
,5643,,,,,165,0.0006294926279224455,0.013739081099629402,0.09669745713472366,0.14339371025562286,,,,,,,,
0.0009844574940039471,5675,,,,,,,,,,,,,,,,,
0.0009844574940039471,5675,,,,,,,,,,,,,,,,,
0.0009844574940039471,5675,,,,,,,,,,,,,,,,,
0.0009844574940039471,5675,,,,,,,,,,,,,,,,,
,5675,0.0005991882644593716,0.019899269565939903,0.07853390276432037,0.25338441133499146,166,,,,,,,,,,,,
,5677,,,,,166,0.0005455611390061677,0.013398476876318455,0.09669744223356247,0.13959716260433197,,,,,,,,
0.0009840238052515541,5708,,,,,,,,,,,,,,,,,
0.0009840238052515541,5708,,,,,,,,,,,,,,,,,
0.0009840238052515541,5708,,,,,,,,,,,,,,,,,
0.0009840238052515541,5708,,,,,,,,,,,,,,,,,
,5708,0.0002827824791893363,0.010185811668634415,0.08044609427452087,0.12661659717559814,167,,,,,,,,,,,,
,5711,,,,,167,0.0006542555638588965,0.014971780590713024,0.09669741988182068,0.15560190379619598,,,,,,,,
0.0009835842470689085,5741,,,,,,,,,,,,,,,,,
0.0009835842470689085,5741,,,,,,,,,,,,,,,,,
0.0009835842470689085,5741,,,,,,,,,,,,,,,,,
0.0009835842470689085,5741,,,,,,,,,,,,,,,,,
,5741,0.0003409106284379959,0.013119405135512352,0.09410858154296875,0.13940709829330444,168,,,,,,,,,,,,
,5745,,,,,168,0.0005988866905681789,0.014374498277902603,0.09669744968414307,0.1500997245311737,,,,,,,,
0.000983138824791747,5774,,,,,,,,,,,,,,,,,
0.000983138824791747,5774,,,,,,,,,,,,,,,,,
0.000983138824791747,5774,,,,,,,,,,,,,,,,,
0.000983138824791747,5774,,,,,,,,,,,,,,,,,
,5774,0.0006507748039439321,0.014012201689183712,0.10050328075885773,0.13942033052444458,169,,,,,,,,,,,,
,561,,,,,,,,,,0.001232242677360773,0.015881843864917755,0.09195023030042648,0.17272216081619263,,,,
,562,,,,,,,,,,8.081196574494243e-05,0.007184396497905254,0.039159953594207764,0.18346279859542847,,,,
,563,,,,,,,,,,0.00018643691146280617,0.010085158050060272,0.07243724912405014,0.13922610878944397,,,,
,564,,,,,,,,,,0.0022604309488087893,0.021860606968402863,0.09695577621459961,0.22546985745429993,,,,
,565,,,,,,,,,,0.0006709077279083431,0.014120805077254772,0.08865968883037567,0.15926972031593323,,,,
,566,,,,,,,,,,0.0001915623142849654,0.009710506536066532,0.05721943825483322,0.16970640420913696,,,,
,567,,,,,,,,,,0.00011471387551864609,0.00905226357281208,0.025477152317762375,0.3553089499473572,,,,
,568,,,,,,,,,,0.00027581711765378714,0.011507660150527954,0.06866084039211273,0.16760148108005524,,,,
,569,,,,,,,,,,0.00031660543754696846,0.011158064007759094,0.11188463866710663,0.0997282862663269,,,,
,570,,,,,,,,,,0.0007202908163890243,0.01633700542151928,0.10694815963506699,0.15275628864765167,,,,
,571,,,,,,,,,,9.741924441186711e-05,0.007716094143688679,0.08197197318077087,0.09413087368011475,,,,
,572,,,,,,,,,,0.0006714861374348402,0.013445761054754257,0.07832591235637665,0.1716642528772354,,,,
,573,,,,,,,,,,7.207535236375406e-05,0.0066985515877604485,0.07550571858882904,0.0887158066034317,,,,
,574,,,,,,,,,,0.00015071002417244017,0.00847737118601799,0.06541398167610168,0.12959568202495575,,,,
,575,,,,,,,,,,0.0004185345896985382,0.011844485998153687,0.1331549882888794,0.08895262330770493,,,,
,576,,,,,,,,,,0.00020766042871400714,0.01042875461280346,0.08672043681144714,0.12025716155767441,,,,
,577,,,,,,,,,,0.00029803509823977947,0.012248564511537552,0.053386859595775604,0.22943028807640076,,,,
,5779,,,,,169,,,,,,,,,0.0004734085814561695,0.011615357361733913,0.07917174696922302,0.15972496569156647
,5779,,,,,169,0.0006419069250114262,0.013585776090621948,0.09669742733240128,0.14221328496932983,,,,,,,,
0.0009826875438269903,5807,,,,,,,,,,,,,,,,,
0.0009826875438269903,5807,,,,,,,,,,,,,,,,,
0.0009826875438269903,5807,,,,,,,,,,,,,,,,,
0.0009826875438269903,5807,,,,,,,,,,,,,,,,,
,5807,0.0009072001557797194,0.0132371224462986,0.10324779152870178,0.12820731103420258,170,,,,,,,,,,,,
,5813,,,,,170,0.0005207676440477371,0.01311399880796671,0.09669739007949829,0.13853719830513,,,,,,,,
0.0009822304096526776,5840,,,,,,,,,,,,,,,,,
0.0009822304096526776,5840,,,,,,,,,,,,,,,,,
0.0009822304096526776,5840,,,,,,,,,,,,,,,,,
0.0009822304096526776,5840,,,,,,,,,,,,,,,,,
,5840,0.0007125166594050825,0.017489027231931686,0.0868941992521286,0.2012680470943451,171,,,,,,,,,,,,
,5847,,,,,171,0.0005218902952037752,0.012379650957882404,0.09669743478298187,0.1306096911430359,,,,,,,,
0.0009817674278178984,5873,,,,,,,,,,,,,,,,,
0.0009817674278178984,5873,,,,,,,,,,,,,,,,,
0.0009817674278178984,5873,,,,,,,,,,,,,,,,,
0.0009817674278178984,5873,,,,,,,,,,,,,,,,,
,5873,0.00045043681166134775,0.012491032481193542,0.10358156263828278,0.12059126049280167,172,,,,,,,,,,,,
,5881,,,,,172,0.00048377556959167123,0.011813689954578876,0.09669744968414307,0.12349904328584671,,,,,,,,
0.000981298603942728,5906,,,,,,,,,,,,,,,,,
0.000981298603942728,5906,,,,,,,,,,,,,,,,,
0.000981298603942728,5906,,,,,,,,,,,,,,,,,
0.000981298603942728,5906,,,,,,,,,,,,,,,,,
,5906,0.0019853906705975533,0.026409953832626343,0.11031856387853622,0.23939716815948486,173,,,,,,,,,,,,
,5915,,,,,173,0.0005606564809568226,0.013952367939054966,0.09669743478298187,0.1450435370206833,,,,,,,,
0.0009808239437181555,5939,,,,,,,,,,,,,,,,,
0.0009808239437181555,5939,,,,,,,,,,,,,,,,,
0.0009808239437181555,5939,,,,,,,,,,,,,,,,,
0.0009808239437181555,5939,,,,,,,,,,,,,,,,,
,5939,0.0005483367713168263,0.015099836513400078,0.0865284651517868,0.17450714111328125,174,,,,,,,,,,,,
,578,,,,,,,,,,0.000478991714771837,0.013011659495532513,0.09195023030042648,0.14150762557983398,,,,
,579,,,,,,,,,,7.021953206276521e-05,0.005657483823597431,0.039159953594207764,0.14447112381458282,,,,
,580,,,,,,,,,,6.216473411768675e-05,0.005907293409109116,0.07243724912405014,0.0815504789352417,,,,
,581,,,,,,,,,,0.0008729395922273397,0.012065197341144085,0.09695577621459961,0.12444020062685013,,,,
,582,,,,,,,,,,0.00016658227832522243,0.008357997052371502,0.08865968883037567,0.09427053481340408,,,,
,583,,,,,,,,,,0.0004179911920800805,0.010372119024395943,0.05721943825483322,0.18126912415027618,,,,
,584,,,,,,,,,,5.1593488024082035e-05,0.004440158139914274,0.025477152317762375,0.17427992820739746,,,,
,585,,,,,,,,,,0.00023728000815026462,0.007468092255294323,0.06866084039211273,0.10876783728599548,,,,
,586,,,,,,,,,,0.00024963871692307293,0.009921163320541382,0.11188463866710663,0.08867314457893372,,,,
,587,,,,,,,,,,0.0005447559524327517,0.015409464947879314,0.10694815963506699,0.14408348500728607,,,,
,588,,,,,,,,,,0.0004620279069058597,0.013425539247691631,0.08197197318077087,0.1637820452451706,,,,
,589,,,,,,,,,,0.0001593351480551064,0.007193352095782757,0.07832591235637665,0.09183871746063232,,,,
,590,,,,,,,,,,0.0008219281444326043,0.01541898399591446,0.07550571858882904,0.20420946180820465,,,,
,591,,,,,,,,,,0.00013745608157478273,0.007117949426174164,0.06541398167610168,0.10881386697292328,,,,
,592,,,,,,,,,,0.00014152436051517725,0.008579844608902931,0.1331549882888794,0.06443502008914948,,,,
,593,,,,,,,,,,0.00025414497940801084,0.009930644184350967,0.08672043681144714,0.11451329290866852,,,,
,594,,,,,,,,,,2.1850684788660146e-05,0.003693759674206376,0.053386859595775604,0.06918854266405106,,,,
,5949,,,,,174,,,,,,,,,0.0003109372628387064,0.009451145306229591,0.07917174696922302,0.12507598102092743
,5949,,,,,174,0.0005546053871512413,0.013319442048668861,0.09669744968414307,0.13972876965999603,,,,,,,,
0.0009803434529060163,5972,,,,,,,,,,,,,,,,,
0.0009803434529060163,5972,,,,,,,,,,,,,,,,,
0.0009803434529060163,5972,,,,,,,,,,,,,,,,,
0.0009803434529060163,5972,,,,,,,,,,,,,,,,,
,5972,0.0005706003867089748,0.012570563703775406,0.10192309319972992,0.12333380430936813,175,,,,,,,,,,,,
,5983,,,,,175,0.0005119125708006322,0.012791180051863194,0.09669744223356247,0.13430361449718475,,,,,,,,
0.0009798571373389256,6005,,,,,,,,,,,,,,,,,
0.0009798571373389256,6005,,,,,,,,,,,,,,,,,
0.0009798571373389256,6005,,,,,,,,,,,,,,,,,
0.0009798571373389256,6005,,,,,,,,,,,,,,,,,
,6005,0.00037774437805637717,0.015628386288881302,0.08872605860233307,0.17614199221134186,176,,,,,,,,,,,,
,6017,,,,,176,0.0006883907481096685,0.015597580000758171,0.09669741243124008,0.161579892039299,,,,,,,,
0.0009793650029202006,6038,,,,,,,,,,,,,,,,,
0.0009793650029202006,6038,,,,,,,,,,,,,,,,,
0.0009793650029202006,6038,,,,,,,,,,,,,,,,,
0.0009793650029202006,6038,,,,,,,,,,,,,,,,,
,6038,0.0007131756283342838,0.01385736744850874,0.09380094707012177,0.14773161709308624,177,,,,,,,,,,,,
,6051,,,,,177,0.0006094143609516323,0.014240744523704052,0.09669743478298187,0.1484406739473343,,,,,,,,
0.0009788670556237962,6071,,,,,,,,,,,,,,,,,
0.0009788670556237962,6071,,,,,,,,,,,,,,,,,
0.0009788670556237962,6071,,,,,,,,,,,,,,,,,
0.0009788670556237962,6071,,,,,,,,,,,,,,,,,
,6071,0.0004910376155748963,0.016148507595062256,0.09223242104053497,0.1750849187374115,178,,,,,,,,,,,,
,6085,,,,,178,0.00076013442594558,0.016072163358330727,0.09669744968414307,0.16846837103366852,,,,,,,,
0.0009783633014942255,6104,,,,,,,,,,,,,,,,,
0.0009783633014942255,6104,,,,,,,,,,,,,,,,,
0.0009783633014942255,6104,,,,,,,,,,,,,,,,,
0.0009783633014942255,6104,,,,,,,,,,,,,,,,,
,6104,0.0008267554803751409,0.0175066739320755,0.1115281879901886,0.1569708287715912,179,,,,,,,,,,,,
,595,,,,,,,,,,0.00029810622800141573,0.008337887935340405,0.09195023030042648,0.09067825973033905,,,,
,596,,,,,,,,,,0.00018017581896856427,0.008833643980324268,0.039159953594207764,0.2255784571170807,,,,
,597,,,,,,,,,,0.0003226405824534595,0.0109314676374197,0.07243724912405014,0.1509094536304474,,,,
,598,,,,,,,,,,0.00020156026585027575,0.010051318444311619,0.09695577621459961,0.10366909205913544,,,,
,599,,,,,,,,,,0.0004934493917971849,0.012567400932312012,0.08865968883037567,0.14174874126911163,,,,
,600,,,,,,,,,,0.00012025749310851097,0.007544089108705521,0.05721943825483322,0.13184484839439392,,,,
,601,,,,,,,,,,4.2560321162454784e-05,0.00573372095823288,0.025477152317762375,0.2250533550977707,,,,
,602,,,,,,,,,,0.00019596911442931741,0.010369636118412018,0.06866084039211273,0.1510269045829773,,,,
,603,,,,,,,,,,0.0007993464241735637,0.014145108871161938,0.11188463866710663,0.1264258176088333,,,,
,604,,,,,,,,,,0.0013624473940581083,0.017201699316501617,0.10694815963506699,0.1608414500951767,,,,
,605,,,,,,,,,,0.00020464282715693116,0.009718581102788448,0.08197197318077087,0.11855979263782501,,,,
,606,,,,,,,,,,9.516596765024588e-05,0.006388558074831963,0.07832591235637665,0.08156377822160721,,,,
,607,,,,,,,,,,0.0002789219724945724,0.01124955341219902,0.07550571858882904,0.14898940920829773,,,,
,608,,,,,,,,,,0.00038079856312833726,0.010899725370109081,0.06541398167610168,0.16662682592868805,,,,
,609,,,,,,,,,,0.0023090504109859467,0.024291425943374634,0.1331549882888794,0.182429701089859,,,,
,610,,,,,,,,,,7.837293378543109e-05,0.006385346874594688,0.08672043681144714,0.0736313909292221,,,,
,611,,,,,,,,,,0.00014582902076654136,0.008019533939659595,0.053386859595775604,0.15021547675132751,,,,
,6119,,,,,179,,,,,,,,,0.0004501134098973125,0.010822505690157413,0.07917174696922302,0.14272239804267883
,6119,,,,,179,0.0007128872093744576,0.014771044254302979,0.09669741243124008,0.1533198058605194,,,,,,,,
0.000977853746646494,6137,,,,,,,,,,,,,,,,,
0.000977853746646494,6137,,,,,,,,,,,,,,,,,
0.000977853746646494,6137,,,,,,,,,,,,,,,,,
0.000977853746646494,6137,,,,,,,,,,,,,,,,,
,6137,0.0005269938847050071,0.01606745272874832,0.08420038223266602,0.1908239722251892,180,,,,,,,,,,,,
,6153,,,,,180,0.0006684474064968526,0.01418666448444128,0.09669741988182068,0.14795121550559998,,,,,,,,
0.0009773383972660173,6170,,,,,,,,,,,,,,,,,
0.0009773383972660173,6170,,,,,,,,,,,,,,,,,
0.0009773383972660173,6170,,,,,,,,,,,,,,,,,
0.0009773383972660173,6170,,,,,,,,,,,,,,,,,
,6170,0.00048137264093384147,0.013432538136839867,0.1020883172750473,0.13157761096954346,181,,,,,,,,,,,,
,6187,,,,,181,0.0005167843773961067,0.012562028132379055,0.09669741243124008,0.13110162317752838,,,,,,,,
0.000976817259608552,6203,,,,,,,,,,,,,,,,,
0.000976817259608552,6203,,,,,,,,,,,,,,,,,
0.000976817259608552,6203,,,,,,,,,,,,,,,,,
0.000976817259608552,6203,,,,,,,,,,,,,,,,,
,6203,0.0009727691067382693,0.017120076343417168,0.11702572554349899,0.1462932527065277,182,,,,,,,,,,,,
,6221,,,,,182,0.0005795707111246884,0.013588600791990757,0.09669743478298187,0.1426025927066803,,,,,,,,
0.0009762903400001202,6236,,,,,,,,,,,,,,,,,
0.0009762903400001202,6236,,,,,,,,,,,,,,,,,
0.0009762903400001202,6236,,,,,,,,,,,,,,,,,
0.0009762903400001202,6236,,,,,,,,,,,,,,,,,
,6236,0.0006771310581825674,0.016783123835921288,0.09112651646137238,0.1841738522052765,183,,,,,,,,,,,,
,6255,,,,,183,0.0007996736094355583,0.017923973500728607,0.09669740498065948,0.1874786913394928,,,,,,,,
0.0009757576448369271,6269,,,,,,,,,,,,,,,,,
0.0009757576448369271,6269,,,,,,,,,,,,,,,,,
0.0009757576448369271,6269,,,,,,,,,,,,,,,,,
0.0009757576448369271,6269,,,,,,,,,,,,,,,,,
,6269,0.0008033117046579719,0.018663357943296432,0.10893460363149643,0.17132623493671417,184,,,,,,,,,,,,
,612,,,,,,,,,,0.00034633814357221127,0.011962808668613434,0.09195023030042648,0.13010089099407196,,,,
,613,,,,,,,,,,0.00022410144447349012,0.0072183082811534405,0.039159953594207764,0.18432877957820892,,,,
,614,,,,,,,,,,0.000964741688221693,0.013066018000245094,0.07243724912405014,0.1803770363330841,,,,
,615,,,,,,,,,,0.0010669738985598087,0.01743062026798725,0.09695577621459961,0.1797790676355362,,,,
,616,,,,,,,,,,0.00019504419469740242,0.009301640093326569,0.08865968883037567,0.10491395741701126,,,,
,617,,,,,,,,,,0.0001032394211506471,0.00629578810185194,0.05721943825483322,0.11002881824970245,,,,
,618,,,,,,,,,,0.0001666508032940328,0.007616541348397732,0.025477152317762375,0.29895564913749695,,,,
,619,,,,,,,,,,0.00013841870531905442,0.008409325033426285,0.06866084039211273,0.12247627228498459,,,,
,620,,,,,,,,,,0.0007185974973253906,0.0166829414665699,0.11188463866710663,0.1491084098815918,,,,
,621,,,,,,,,,,0.00010430710244691,0.008525285869836807,0.10694815963506699,0.07971417903900146,,,,
,622,,,,,,,,,,0.00017316709272563457,0.009266333654522896,0.08197197318077087,0.1130426898598671,,,,
,623,,,,,,,,,,0.0004480719508137554,0.013125492259860039,0.07832591235637665,0.16757532954216003,,,,
,624,,,,,,,,,,0.0006271660095080733,0.011637285351753235,0.07550571858882904,0.15412452816963196,,,,
,625,,,,,,,,,,0.00046739791287109256,0.011392850428819656,0.06541398167610168,0.17416533827781677,,,,
,626,,,,,,,,,,0.00033575884299352765,0.012086826376616955,0.1331549882888794,0.0907726064324379,,,,
,627,,,,,,,,,,0.0001925663964357227,0.008003119379281998,0.08672043681144714,0.09228641539812088,,,,
,628,,,,,,,,,,0.00026634676032699645,0.011598288081586361,0.053386859595775604,0.2172498255968094,,,,
,6289,,,,,184,,,,,,,,,0.0003879947180394083,0.01077854074537754,0.07917174696922302,0.14803259074687958
,6289,,,,,184,0.0005763023509643972,0.013278448022902012,0.09669744223356247,0.13937558233737946,,,,,,,,
0.0009752191805852875,6302,,,,,,,,,,,,,,,,,
0.0009752191805852875,6302,,,,,,,,,,,,,,,,,
0.0009752191805852875,6302,,,,,,,,,,,,,,,,,
0.0009752191805852875,6302,,,,,,,,,,,,,,,,,
,6302,0.00017531988851260394,0.00780513696372509,0.07470770180225372,0.10447565466165543,185,,,,,,,,,,,,
,6323,,,,,185,0.0005257511511445045,0.0125296451151371,0.09669744968414307,0.13094422221183777,,,,,,,,
0.0009746749537815453,6335,,,,,,,,,,,,,,,,,
0.0009746749537815453,6335,,,,,,,,,,,,,,,,,
0.0009746749537815453,6335,,,,,,,,,,,,,,,,,
0.0009746749537815453,6335,,,,,,,,,,,,,,,,,
,6335,0.00013310756185092032,0.007682824041694403,0.09260182827711105,0.08296621590852737,186,,,,,,,,,,,,
,6357,,,,,186,0.0005329727428033948,0.012518323957920074,0.09669741988182068,0.1315426528453827,,,,,,,,
0.000974124971031997,6368,,,,,,,,,,,,,,,,,
0.000974124971031997,6368,,,,,,,,,,,,,,,,,
0.000974124971031997,6368,,,,,,,,,,,,,,,,,
0.000974124971031997,6368,,,,,,,,,,,,,,,,,
,6368,0.0005688769742846489,0.014328441582620144,0.10735964775085449,0.1334620714187622,187,,,,,,,,,,,,
,6391,,,,,187,0.0006026161136105657,0.014512069523334503,0.09669744968414307,0.15265028178691864,,,,,,,,
0.0009735692390128088,6401,,,,,,,,,,,,,,,,,
0.0009735692390128088,6401,,,,,,,,,,,,,,,,,
0.0009735692390128088,6401,,,,,,,,,,,,,,,,,
0.0009735692390128088,6401,,,,,,,,,,,,,,,,,
,6401,0.0007632032502442598,0.01761949621140957,0.09040884673595428,0.19488683342933655,188,,,,,,,,,,,,
,6425,,,,,188,0.0005881532561033964,0.014600474387407303,0.09669741243124008,0.15254820883274078,,,,,,,,
0.0009730077644699366,6434,,,,,,,,,,,,,,,,,
0.0009730077644699366,6434,,,,,,,,,,,,,,,,,
0.0009730077644699366,6434,,,,,,,,,,,,,,,,,
0.0009730077644699366,6434,,,,,,,,,,,,,,,,,
,6434,0.0006522689363919199,0.017193209379911423,0.09726527333259583,0.17676614224910736,189,,,,,,,,,,,,
,629,,,,,,,,,,0.0010085332905873656,0.01674981787800789,0.09195023030042648,0.18216176331043243,,,,
,630,,,,,,,,,,0.0001866259117377922,0.009742620401084423,0.039159953594207764,0.24879033863544464,,,,
,631,,,,,,,,,,0.0004624681023415178,0.012533845379948616,0.07243724912405014,0.17303036153316498,,,,
,632,,,,,,,,,,0.0012009803904220462,0.019449817016720772,0.09695577621459961,0.20060501992702484,,,,
,633,,,,,,,,,,0.00018441132851876318,0.009085947647690773,0.08865968883037567,0.10248114913702011,,,,
,634,,,,,,,,,,0.0001809820969356224,0.009180642664432526,0.05721943825483322,0.1604461967945099,,,,
,635,,,,,,,,,,2.9757253287243657e-05,0.004175819456577301,0.025477152317762375,0.16390441358089447,,,,
,636,,,,,,,,,,0.0004597255028784275,0.01061483845114708,0.06866084039211273,0.15459811687469482,,,,
,637,,,,,,,,,,0.00030860898550599813,0.011824216693639755,0.11188463866710663,0.10568220913410187,,,,
,638,,,,,,,,,,0.00036187117802910507,0.010550912469625473,0.10694815963506699,0.09865444898605347,,,,
,639,,,,,,,,,,0.0003974927240051329,0.010204417631030083,0.08197197318077087,0.12448664754629135,,,,
,640,,,,,,,,,,0.0003458200371824205,0.01190069317817688,0.07832591235637665,0.15193811058998108,,,,
,641,,,,,,,,,,0.0002465320285409689,0.010897654108703136,0.07550571858882904,0.14432883262634277,,,,
,642,,,,,,,,,,0.0003761739644687623,0.010095588862895966,0.06541398167610168,0.15433378517627716,,,,
,643,,,,,,,,,,0.00017570062482263893,0.010082541033625603,0.1331549882888794,0.07572033256292343,,,,
,644,,,,,,,,,,0.000312152347760275,0.011653980240225792,0.08672043681144714,0.1343856155872345,,,,
,645,,,,,,,,,,0.0003139955224469304,0.013004457578063011,0.053386859595775604,0.24358905851840973,,,,
,6459,,,,,189,,,,,,,,,0.00038742655306123197,0.011230364441871643,0.07917174696922302,0.15152840316295624
,6459,,,,,189,0.0005015318747609854,0.01213347353041172,0.09669745713472366,0.12646949291229248,,,,,,,,
0.0009724405542190442,6467,,,,,,,,,,,,,,,,,
0.0009724405542190442,6467,,,,,,,,,,,,,,,,,
0.0009724405542190442,6467,,,,,,,,,,,,,,,,,
0.0009724405542190442,6467,,,,,,,,,,,,,,,,,
,6467,0.00040509967948310077,0.011423707008361816,0.1002456471323967,0.11395712941884995,190,,,,,,,,,,,,
,6493,,,,,190,0.0004992044996470213,0.011977950111031532,0.09669743478298187,0.12506574392318726,,,,,,,,
0.0009718676151454207,6500,,,,,,,,,,,,,,,,,
0.0009718676151454207,6500,,,,,,,,,,,,,,,,,
0.0009718676151454207,6500,,,,,,,,,,,,,,,,,
0.0009718676151454207,6500,,,,,,,,,,,,,,,,,
,6500,0.0001655400701565668,0.009646604768931866,0.11334288120269775,0.08510992676019669,191,,,,,,,,,,,,
,6527,,,,,191,0.00049510010285303,0.012096697464585304,0.09669743478298187,0.12601834535598755,,,,,,,,
0.0009712889542038955,6533,,,,,,,,,,,,,,,,,
0.0009712889542038955,6533,,,,,,,,,,,,,,,,,
0.0009712889542038955,6533,,,,,,,,,,,,,,,,,
0.0009712889542038955,6533,,,,,,,,,,,,,,,,,
,6533,0.0004273352096788585,0.01547169964760542,0.09086696803569794,0.17026756703853607,192,,,,,,,,,,,,
,6561,,,,,192,0.0006442794692702591,0.014269381761550903,0.09669741988182068,0.14863313734531403,,,,,,,,
0.0009707045784187565,6566,,,,,,,,,,,,,,,,,
0.0009707045784187565,6566,,,,,,,,,,,,,,,,,
0.0009707045784187565,6566,,,,,,,,,,,,,,,,,
0.0009707045784187565,6566,,,,,,,,,,,,,,,,,
,6566,0.0008424577536061406,0.014761792495846748,0.09777738898992538,0.15097346901893616,193,,,,,,,,,,,,
,6595,,,,,193,0.0005473229102790356,0.012667015194892883,0.09669742733240128,0.13254262506961823,,,,,,,,
0.000970114494883662,6599,,,,,,,,,,,,,,,,,
0.000970114494883662,6599,,,,,,,,,,,,,,,,,
0.000970114494883662,6599,,,,,,,,,,,,,,,,,
0.000970114494883662,6599,,,,,,,,,,,,,,,,,
,6599,0.00012085495836799964,0.008626915514469147,0.11375530809164047,0.07583747059106827,194,,,,,,,,,,,,
,646,,,,,,,,,,0.0005793903837911785,0.01585598848760128,0.09195023030042648,0.17244097590446472,,,,
,647,,,,,,,,,,0.00013392411347012967,0.008340597152709961,0.039159953594207764,0.21298786997795105,,,,
,648,,,,,,,,,,0.0006580399349331856,0.01811009645462036,0.07243724912405014,0.25001078844070435,,,,
,649,,,,,,,,,,0.0007807895890437067,0.018404697999358177,0.09695577621459961,0.18982568383216858,,,,
,650,,,,,,,,,,0.0008665337227284908,0.020454052835702896,0.08865968883037567,0.2307029366493225,,,,
,651,,,,,,,,,,0.00045038986718282104,0.013610782101750374,0.05721943825483322,0.23786985874176025,,,,
,652,,,,,,,,,,0.0011896240757778287,0.021199524402618408,0.025477152317762375,0.8320991396903992,,,,
,653,,,,,,,,,,0.0007343977922573686,0.016239581629633904,0.06866084039211273,0.23651880025863647,,,,
,654,,,,,,,,,,0.0003444013127591461,0.015172867104411125,0.11188463866710663,0.13561169803142548,,,,
,655,,,,,,,,,,0.0006233008462004364,0.01781564950942993,0.10694815963506699,0.16658209264278412,,,,
,656,,,,,,,,,,0.0006712827598676085,0.019475597888231277,0.08197197318077087,0.23758846521377563,,,,
,657,,,,,,,,,,0.0008418987272307277,0.01864718645811081,0.07832591235637665,0.23807170987129211,,,,
,658,,,,,,,,,,0.00011991747305728495,0.00907206255942583,0.07550571858882904,0.12015065550804138,,,,
,659,,,,,,,,,,0.0014930719044059515,0.02208874374628067,0.06541398167610168,0.33767613768577576,,,,
,660,,,,,,,,,,0.0009800054831430316,0.021719086915254593,0.1331549882888794,0.16311131417751312,,,,
,661,,,,,,,,,,0.0006015629041939974,0.01647111028432846,0.08672043681144714,0.1899334043264389,,,,
,662,,,,,,,,,,0.0006046401103958488,0.014530535787343979,0.053386859595775604,0.27217432856559753,,,,
,6629,,,,,194,,,,,,,,,0.0006889827200211585,0.016961630433797836,0.07917174696922302,0.24775946140289307
,6629,,,,,194,0.0006270461017265916,0.014856938272714615,0.09669739753007889,0.15479417145252228,,,,,,,,
0.0009695187107615571,6632,,,,,,,,,,,,,,,,,
0.0009695187107615571,6632,,,,,,,,,,,,,,,,,
0.0009695187107615571,6632,,,,,,,,,,,,,,,,,
0.0009695187107615571,6632,,,,,,,,,,,,,,,,,
,6632,0.0005804286920465529,0.012265722267329693,0.08235543966293335,0.14893637597560883,195,,,,,,,,,,,,
,6663,,,,,195,0.0005711495177820325,0.013471909798681736,0.09669744223356247,0.1416604220867157,,,,,,,,
0.0009689172332845843,6665,,,,,,,,,,,,,,,,,
0.0009689172332845843,6665,,,,,,,,,,,,,,,,,
0.0009689172332845843,6665,,,,,,,,,,,,,,,,,
0.0009689172332845843,6665,,,,,,,,,,,,,,,,,
,6665,0.0002285595255671069,0.010366305708885193,0.11021896451711655,0.09405191242694855,196,,,,,,,,,,,,
,6697,,,,,196,0.0005116391694173217,0.01277979277074337,0.09669740498065948,0.1328802853822708,,,,,,,,
0.0009683100697539976,6698,,,,,,,,,,,,,,,,,
0.0009683100697539976,6698,,,,,,,,,,,,,,,,,
0.0009683100697539976,6698,,,,,,,,,,,,,,,,,
0.0009683100697539976,6698,,,,,,,,,,,,,,,,,
,6698,0.000113570989924483,0.008170674555003643,0.07696779072284698,0.10615704953670502,197,,,,,,,,,,,,
0.0009676972275400728,6731,,,,,,,,,,,,,,,,,
,6731,0.00289736595004797,0.026065347716212273,0.1328534483909607,0.19619622826576233,197,,,,,,,,,,,,
,6731,,,,,197,0.0007004232029430568,0.0152736222371459,0.09669739007949829,0.1589777022600174,,,,,,,,
0.0009670787140820198,6764,,,,,,,,,,,,,,,,,
0.0009670787140820198,6764,,,,,,,,,,,,,,,,,
0.0009670787140820198,6764,,,,,,,,,,,,,,,,,
0.0009670787140820198,6764,,,,,,,,,,,,,,,,,
,6764,0.0014717932790517807,0.023528723046183586,0.10127376765012741,0.2323278933763504,198,,,,,,,,,,,,
,6765,,,,,198,0.0005700354231521487,0.012961633503437042,0.09669744968414307,0.13633941113948822,,,,,,,,
0.0009664545368878891,6797,,,,,,,,,,,,,,,,,
0.0009664545368878891,6797,,,,,,,,,,,,,,,,,
0.0009664545368878891,6797,,,,,,,,,,,,,,,,,
0.0009664545368878891,6797,,,,,,,,,,,,,,,,,
,6797,0.0004897287581115961,0.012929456308484077,0.11880692094564438,0.10882745683193207,199,,,,,,,,,,,,
,663,,,,,,,,,,0.00041633046930655837,0.012735635042190552,0.09195023030042648,0.1385057270526886,,,,
,664,,,,,,,,,,0.00019609559967648238,0.00815541297197342,0.039159953594207764,0.2082589566707611,,,,
,665,,,,,,,,,,0.000942148850299418,0.018117636442184448,0.07243724912405014,0.25011488795280457,,,,
,666,,,,,,,,,,0.0002060865517705679,0.009335202164947987,0.09695577621459961,0.09628308564424515,,,,
,667,,,,,,,,,,0.00039855437353253365,0.01114354096353054,0.08865968883037567,0.12568891048431396,,,,
,668,,,,,,,,,,0.000562579371035099,0.011683553457260132,0.05721943825483322,0.2041884958744049,,,,
,669,,,,,,,,,,0.00018941081361845136,0.008108098059892654,0.025477152317762375,0.3182496428489685,,,,
,670,,,,,,,,,,0.0005215521086938679,0.015317192301154137,0.06866084039211273,0.22308480739593506,,,,
,671,,,,,,,,,,0.00022133809397928417,0.00847455020993948,0.11188463866710663,0.07574363797903061,,,,
,672,,,,,,,,,,0.0005022759432904422,0.013318421319127083,0.10694815963506699,0.12453155219554901,,,,
,673,,,,,,,,,,0.0004971930175088346,0.013444976881146431,0.08197197318077087,0.1640191674232483,,,,
,674,,,,,,,,,,0.0003927747020497918,0.011822579428553581,0.07832591235637665,0.15094082057476044,,,,
,675,,,,,,,,,,0.00028521992499008775,0.01051616296172142,0.07550571858882904,0.13927635550498962,,,,
,676,,,,,,,,,,0.0002802889794111252,0.009883783757686615,0.06541398167610168,0.15109586715698242,,,,
,677,,,,,,,,,,0.0004516963381320238,0.0130500178784132,0.1331549882888794,0.0980062186717987,,,,
,678,,,,,,,,,,0.0008933203062042594,0.012889954261481762,0.08672043681144714,0.14863801002502441,,,,
,679,,,,,,,,,,0.00025316583923995495,0.010012569837272167,0.053386859595775604,0.18754743039608002,,,,
,6799,,,,,199,,,,,,,,,0.00042896694503724575,0.011693967506289482,0.07917174696922302,0.16431067883968353
,6799,,,,,199,0.0005415037740021944,0.01323309913277626,0.09669744968414307,0.1376974880695343,,,,,,,,
0.0009658247035344843,6830,,,,,,,,,,,,,,,,,
0.0009658247035344843,6830,,,,,,,,,,,,,,,,,
0.0009658247035344843,6830,,,,,,,,,,,,,,,,,
0.0009658247035344843,6830,,,,,,,,,,,,,,,,,
,6830,0.00025581990485079587,0.012096129357814789,0.09977497160434723,0.12123408913612366,200,,,,,,,,,,,,
,6833,,,,,200,0.0005255448631942272,0.013171322643756866,0.09669744223356247,0.13757656514644623,,,,,,,,
0.0009651892216672673,6863,,,,,,,,,,,,,,,,,
0.0009651892216672673,6863,,,,,,,,,,,,,,,,,
0.0009651892216672673,6863,,,,,,,,,,,,,,,,,
0.0009651892216672673,6863,,,,,,,,,,,,,,,,,
,6863,0.0004728994972538203,0.01406131498515606,0.11242200434207916,0.12507617473602295,201,,,,,,,,,,,,
,6867,,,,,201,0.0004716429684776813,0.011956597678363323,0.09669742733240128,0.1245245561003685,,,,,,,,
0.0009645480990002665,6896,,,,,,,,,,,,,,,,,
0.0009645480990002665,6896,,,,,,,,,,,,,,,,,
0.0009645480990002665,6896,,,,,,,,,,,,,,,,,
0.0009645480990002665,6896,,,,,,,,,,,,,,,,,
,6896,0.0002354329772060737,0.012699609622359276,0.0986928641796112,0.1286780834197998,202,,,,,,,,,,,,
,6901,,,,,202,0.0004860215703956783,0.011396530084311962,0.09669743478298187,0.11917176842689514,,,,,,,,
0.0009639013433159836,6929,,,,,,,,,,,,,,,,,
0.0009639013433159836,6929,,,,,,,,,,,,,,,,,
0.0009639013433159836,6929,,,,,,,,,,,,,,,,,
0.0009639013433159836,6929,,,,,,,,,,,,,,,,,
,6929,0.00016187700384762138,0.01022399589419365,0.08690568059682846,0.11764471977949142,203,,,,,,,,,,,,
,6935,,,,,203,0.0006384382722899318,0.013958421535789967,0.09669741988182068,0.1462700217962265,,,,,,,,
0.000963248962465299,6962,,,,,,,,,,,,,,,,,
0.000963248962465299,6962,,,,,,,,,,,,,,,,,
0.000963248962465299,6962,,,,,,,,,,,,,,,,,
0.000963248962465299,6962,,,,,,,,,,,,,,,,,
,6962,0.0012084583286195993,0.023726221174001694,0.11374616622924805,0.20858918130397797,204,,,,,,,,,,,,
,680,,,,,,,,,,0.0009203871013596654,0.019659873098134995,0.09195023030042648,0.21380992233753204,,,,
,681,,,,,,,,,,0.00012666051043197513,0.009804889559745789,0.039159953594207764,0.2503804564476013,,,,
,682,,,,,,,,,,0.00025648297742009163,0.012538733892142773,0.07243724912405014,0.17309784889221191,,,,
,683,,,,,,,,,,0.0006688769208267331,0.018237784504890442,0.09695577621459961,0.18810413777828217,,,,
,684,,,,,,,,,,0.0010031585115939379,0.022100120782852173,0.08865968883037567,0.24926906824111938,,,,
,685,,,,,,,,,,0.00016495112504344434,0.010707143694162369,0.05721943825483322,0.18712420761585236,,,,
,686,,,,,,,,,,0.00012923066969960928,0.00910266675055027,0.025477152317762375,0.35728731751441956,,,,
,687,,,,,,,,,,0.00022965227253735065,0.01227317564189434,0.06866084039211273,0.17875070869922638,,,,
,688,,,,,,,,,,0.0007876100717112422,0.020471729338169098,0.11188463866710663,0.1829717457294464,,,,
,689,,,,,,,,,,0.000599650084041059,0.017773989588022232,0.10694815963506699,0.16619256138801575,,,,
,690,,,,,,,,,,0.0009910708758980036,0.01835738681256771,0.08197197318077087,0.22394709289073944,,,,
,691,,,,,,,,,,0.0008881298708729446,0.021990835666656494,0.07832591235637665,0.28076064586639404,,,,
,692,,,,,,,,,,0.00032845570240169764,0.014216568320989609,0.07550571858882904,0.18828463554382324,,,,
,693,,,,,,,,,,0.00028318710974417627,0.01356546115130186,0.06541398167610168,0.2073785811662674,,,,
,694,,,,,,,,,,0.001120892120525241,0.023799575865268707,0.1331549882888794,0.1787358820438385,,,,
,695,,,,,,,,,,0.00048618915025144815,0.01756216585636139,0.08672043681144714,0.20251470804214478,,,,
,696,,,,,,,,,,0.0001996689970837906,0.011789842508733273,0.053386859595775604,0.22083787620067596,,,,
,6969,,,,,204,,,,,,,,,0.0005499075632542372,0.016237454488873482,0.07917174696922302,0.2144985795021057
,6969,,,,,204,0.0007282800506800413,0.015635361894965172,0.09669741988182068,0.1634543091058731,,,,,,,,
0.0009625909643673747,6995,,,,,,,,,,,,,,,,,
0.0009625909643673747,6995,,,,,,,,,,,,,,,,,
0.0009625909643673747,6995,,,,,,,,,,,,,,,,,
0.0009625909643673747,6995,,,,,,,,,,,,,,,,,
,6995,0.00011119642294943333,0.008324941620230675,0.07774484902620316,0.10708028078079224,205,,,,,,,,,,,,
,7003,,,,,205,0.000527306750882417,0.013089083135128021,0.09669743478298187,0.13634362816810608,,,,,,,,
0.0009619273570095621,7028,,,,,,,,,,,,,,,,,
0.0009619273570095621,7028,,,,,,,,,,,,,,,,,
0.0009619273570095621,7028,,,,,,,,,,,,,,,,,
0.0009619273570095621,7028,,,,,,,,,,,,,,,,,
,7028,0.0010803433833643794,0.016570521518588066,0.08336566388607025,0.19876912236213684,206,,,,,,,,,,,,
,7037,,,,,206,0.0004982138052582741,0.011994107626378536,0.09669742733240128,0.1244688555598259,,,,,,,,
0.0009612581484473012,7061,,,,,,,,,,,,,,,,,
0.0009612581484473012,7061,,,,,,,,,,,,,,,,,
0.0009612581484473012,7061,,,,,,,,,,,,,,,,,
0.0009612581484473012,7061,,,,,,,,,,,,,,,,,
,7061,0.0023708054795861244,0.020507898181676865,0.08551241457462311,0.2398236095905304,207,,,,,,,,,,,,
,7071,,,,,207,0.0005110266502015293,0.012337903492152691,0.09669742733240128,0.12911133468151093,,,,,,,,
0.0009605833468040246,7094,,,,,,,,,,,,,,,,,
0.0009605833468040246,7094,,,,,,,,,,,,,,,,,
0.0009605833468040246,7094,,,,,,,,,,,,,,,,,
0.0009605833468040246,7094,,,,,,,,,,,,,,,,,
,7094,0.0002238000015495345,0.010550841689109802,0.08310119807720184,0.1269637644290924,208,,,,,,,,,,,,
,7105,,,,,208,0.0005533471121452749,0.013038642704486847,0.09669744223356247,0.13629533350467682,,,,,,,,
0.0009599029602710574,7127,,,,,,,,,,,,,,,,,
0.0009599029602710574,7127,,,,,,,,,,,,,,,,,
0.0009599029602710574,7127,,,,,,,,,,,,,,,,,
0.0009599029602710574,7127,,,,,,,,,,,,,,,,,
,7127,0.00024295994080603123,0.010244248434901237,0.09014465659856796,0.11364231258630753,209,,,,,,,,,,,,
,697,,,,,,,,,,0.00035783619387075305,0.0110749751329422,0.09195023030042648,0.12044531106948853,,,,
,698,,,,,,,,,,0.00021118263248354197,0.009651673957705498,0.039159953594207764,0.24646790325641632,,,,
,699,,,,,,,,,,8.073328353930265e-05,0.007184654474258423,0.07243724912405014,0.09918451309204102,,,,
,700,,,,,,,,,,0.0006748754531145096,0.01446436159312725,0.09695577621459961,0.14918513596057892,,,,
,701,,,,,,,,,,0.00037347059696912766,0.013699374161660671,0.08865968883037567,0.15451636910438538,,,,
,702,,,,,,,,,,0.00018193692085333169,0.009425747208297253,0.05721943825483322,0.1647297888994217,,,,
,703,,,,,,,,,,0.00016453181160613894,0.008431649766862392,0.025477152317762375,0.3309493362903595,,,,
,704,,,,,,,,,,0.00015587304369546473,0.008136207237839699,0.06866084039211273,0.11849848926067352,,,,
,705,,,,,,,,,,0.00035400580964051187,0.01223637443035841,0.11188463866710663,0.10936598479747772,,,,
,706,,,,,,,,,,0.0005444871494546533,0.011640459299087524,0.10694815963506699,0.10884205996990204,,,,
,707,,,,,,,,,,0.00014657063002232462,0.008945401757955551,0.08197197318077087,0.10912755131721497,,,,
,708,,,,,,,,,,0.00037084260839037597,0.012540303170681,0.07832591235637665,0.16010412573814392,,,,
,709,,,,,,,,,,0.000944566389080137,0.01696658506989479,0.07550571858882904,0.22470593452453613,,,,
,710,,,,,,,,,,0.00020650487567763776,0.009241271764039993,0.06541398167610168,0.141273632645607,,,,
,711,,,,,,,,,,0.0009203215013258159,0.017645202577114105,0.1331549882888794,0.1325162649154663,,,,
,712,,,,,,,,,,0.0007251150673255324,0.014425007626414299,0.08672043681144714,0.16633917391300201,,,,
,713,,,,,,,,,,0.0003450920630712062,0.012322483584284782,0.053386859595775604,0.2308148741722107,,,,
,7139,,,,,209,,,,,,,,,0.00039901304990053177,0.011629825457930565,0.07917174696922302,0.16083911061286926
,7139,,,,,209,0.0005402639508247375,0.013368838466703892,0.09669747203588486,0.14030244946479797,,,,,,,,
0.0009592169971075206,7160,,,,,,,,,,,,,,,,,
0.0009592169971075206,7160,,,,,,,,,,,,,,,,,
0.0009592169971075206,7160,,,,,,,,,,,,,,,,,
0.0009592169971075206,7160,,,,,,,,,,,,,,,,,
,7160,0.0003813757502939552,0.015591468662023544,0.10977767407894135,0.14202767610549927,210,,,,,,,,,,,,
,7173,,,,,210,0.0005330974818207324,0.012733887881040573,0.09669741243124008,0.1330033838748932,,,,,,,,
0.0009585254656402289,7193,,,,,,,,,,,,,,,,,
0.0009585254656402289,7193,,,,,,,,,,,,,,,,,
0.0009585254656402289,7193,,,,,,,,,,,,,,,,,
0.0009585254656402289,7193,,,,,,,,,,,,,,,,,
,7193,5.041992335463874e-05,0.005444053560495377,0.0947323739528656,0.057467713952064514,211,,,,,,,,,,,,
,7207,,,,,211,0.0005424919072538614,0.012751744128763676,0.09669743478298187,0.13234569132328033,,,,,,,,
0.0009578283742635894,7226,,,,,,,,,,,,,,,,,
0.0009578283742635894,7226,,,,,,,,,,,,,,,,,
0.0009578283742635894,7226,,,,,,,,,,,,,,,,,
0.0009578283742635894,7226,,,,,,,,,,,,,,,,,
,7226,0.000431685708463192,0.013512825593352318,0.090540811419487,0.14924566447734833,212,,,,,,,,,,,,
,7241,,,,,212,0.0005651842802762985,0.014260923489928246,0.09669739753007889,0.14874053001403809,,,,,,,,
0.0009571257314394995,7259,,,,,,,,,,,,,,,,,
0.0009571257314394995,7259,,,,,,,,,,,,,,,,,
0.0009571257314394995,7259,,,,,,,,,,,,,,,,,
0.0009571257314394995,7259,,,,,,,,,,,,,,,,,
,7259,0.000384030252462253,0.015395197086036205,0.10818075388669968,0.14230993390083313,213,,,,,,,,,,,,
,7275,,,,,213,0.0005979181150905788,0.013451642356812954,0.09669739753007889,0.1406078189611435,,,,,,,,
0.0009564175456972468,7292,,,,,,,,,,,,,,,,,
0.0009564175456972468,7292,,,,,,,,,,,,,,,,,
0.0009564175456972468,7292,,,,,,,,,,,,,,,,,
0.0009564175456972468,7292,,,,,,,,,,,,,,,,,
,7292,0.0002634150441735983,0.011382624506950378,0.07949744164943695,0.14318226277828217,214,,,,,,,,,,,,
,714,,,,,,,,,,0.0008719594916328788,0.0224277526140213,0.09195023030042648,0.24391184747219086,,,,
,715,,,,,,,,,,0.0009283588733524084,0.023895539343357086,0.039159953594207764,0.6102033257484436,,,,
,716,,,,,,,,,,0.0009260207880288363,0.020681552588939667,0.07243724912405014,0.2855098843574524,,,,
,717,,,,,,,,,,0.0007322257151827216,0.018194954842329025,0.09695577621459961,0.18766239285469055,,,,
,718,,,,,,,,,,0.0005897663068026304,0.01683492586016655,0.08865968883037567,0.18988250195980072,,,,
,719,,,,,,,,,,0.0008613774552941322,0.020464837551116943,0.05721943825483322,0.35765528678894043,,,,
,720,,,,,,,,,,0.0011095668887719512,0.022969525307416916,0.025477152317762375,0.901573121547699,,,,
,721,,,,,,,,,,0.0011930442415177822,0.023393532261252403,0.06866084039211273,0.3407113552093506,,,,
,722,,,,,,,,,,0.0008118822588585317,0.020176388323307037,0.11188463866710663,0.18033204972743988,,,,
,723,,,,,,,,,,0.0006022347370162606,0.018370509147644043,0.10694815963506699,0.17177020013332367,,,,
,724,,,,,,,,,,0.0026323681231588125,0.031075485050678253,0.08197197318077087,0.3790988624095917,,,,
,725,,,,,,,,,,0.0009569161338731647,0.020433586090803146,0.07832591235637665,0.2608789801597595,,,,
,726,,,,,,,,,,0.0005485276342369616,0.019927099347114563,0.07550571858882904,0.2639150619506836,,,,
,727,,,,,,,,,,0.0009378171525895596,0.02340354397892952,0.06541398167610168,0.35777580738067627,,,,
,728,,,,,,,,,,0.0005128898774273694,0.018223999068140984,0.1331549882888794,0.13686305284500122,,,,
,729,,,,,,,,,,0.00024816510267555714,0.012965811416506767,0.08672043681144714,0.14951273798942566,,,,
,730,,,,,,,,,,0.0003415826940909028,0.01467887219041586,0.053386859595775604,0.27495285868644714,,,,
,7309,,,,,214,,,,,,,,,0.0008858729270286858,0.02064194716513157,0.07917174696922302,0.3123372197151184
,7309,,,,,214,0.0005804370157420635,0.012789984233677387,0.09669744968414307,0.13394832611083984,,,,,,,,
0.0009557038256334012,7325,,,,,,,,,,,,,,,,,
0.0009557038256334012,7325,,,,,,,,,,,,,,,,,
0.0009557038256334012,7325,,,,,,,,,,,,,,,,,
0.0009557038256334012,7325,,,,,,,,,,,,,,,,,
,7325,0.001201592618599534,0.024384908378124237,0.0881485790014267,0.2766341269016266,215,,,,,,,,,,,,
,7343,,,,,215,0.0006036190898157656,0.014592169784009457,0.09669743478298187,0.1531364470720291,,,,,,,,
0.0009549845799117152,7358,,,,,,,,,,,,,,,,,
0.0009549845799117152,7358,,,,,,,,,,,,,,,,,
0.0009549845799117152,7358,,,,,,,,,,,,,,,,,
0.0009549845799117152,7358,,,,,,,,,,,,,,,,,
,7358,0.0003512586117722094,0.011549405753612518,0.10842158645391464,0.10652311146259308,216,,,,,,,,,,,,
,7377,,,,,216,0.0004901698557659984,0.011861076578497887,0.09669742733240128,0.12433519214391708,,,,,,,,
0.000954259817263016,7391,,,,,,,,,,,,,,,,,
0.000954259817263016,7391,,,,,,,,,,,,,,,,,
0.000954259817263016,7391,,,,,,,,,,,,,,,,,
0.000954259817263016,7391,,,,,,,,,,,,,,,,,
,7391,0.00031534337904304266,0.010056337341666222,0.07866369187831879,0.1278396099805832,217,,,,,,,,,,,,
,7411,,,,,217,0.0004781680181622505,0.01197335496544838,0.09669744968414307,0.125074103474617,,,,,,,,
0.0009535295464850987,7424,,,,,,,,,,,,,,,,,
0.0009535295464850987,7424,,,,,,,,,,,,,,,,,
0.0009535295464850987,7424,,,,,,,,,,,,,,,,,
0.0009535295464850987,7424,,,,,,,,,,,,,,,,,
,7424,8.982270082924515e-05,0.006611396558582783,0.0757141038775444,0.08732052892446518,218,,,,,,,,,,,,
,7445,,,,,218,0.00042380348895676434,0.011028594337403774,0.09669743478298187,0.11535803973674774,,,,,,,,
0.0009527937764426226,7457,,,,,,,,,,,,,,,,,
0.0009527937764426226,7457,,,,,,,,,,,,,,,,,
0.0009527937764426226,7457,,,,,,,,,,,,,,,,,
0.0009527937764426226,7457,,,,,,,,,,,,,,,,,
,7457,0.00034406338818371296,0.011883705854415894,0.08194020390510559,0.1450289785861969,219,,,,,,,,,,,,
,731,,,,,,,,,,9.607659740140662e-05,0.006727680563926697,0.09195023030042648,0.07316653430461884,,,,
,732,,,,,,,,,,0.00037587876431643963,0.00857185386121273,0.039159953594207764,0.21889330446720123,,,,
,733,,,,,,,,,,0.00024845899315550923,0.008977793157100677,0.07243724912405014,0.12393888831138611,,,,
,734,,,,,,,,,,0.002092778915539384,0.02152629755437374,0.09695577621459961,0.22202178835868835,,,,
,735,,,,,,,,,,0.0003763624408748001,0.010870027355849743,0.08865968883037567,0.12260393053293228,,,,
,736,,,,,,,,,,0.0003785645531024784,0.01017831452190876,0.05721943825483322,0.17788207530975342,,,,
,737,,,,,,,,,,0.0005041299154981971,0.011089581064879894,0.025477152317762375,0.4352753758430481,,,,
,738,,,,,,,,,,0.00019458282622508705,0.008104965090751648,0.06866084039211273,0.11804346740245819,,,,
,739,,,,,,,,,,0.00036184804048389196,0.00831154827028513,0.11188463866710663,0.07428675889968872,,,,
,740,,,,,,,,,,0.0005557482363656163,0.011188086122274399,0.10694815963506699,0.10461222380399704,,,,
,741,,,,,,,,,,0.0008744848310016096,0.015059839002788067,0.08197197318077087,0.18371933698654175,,,,
,742,,,,,,,,,,0.0002097838732879609,0.009774867445230484,0.07832591235637665,0.12479735165834427,,,,
,743,,,,,,,,,,0.0007140127709135413,0.014520255848765373,0.07550571858882904,0.19230668246746063,,,,
,744,,,,,,,,,,0.00044555519707500935,0.01134283747524023,0.06541398167610168,0.17340078949928284,,,,
,745,,,,,,,,,,0.0005518085090443492,0.012368688359856606,0.1331549882888794,0.09288940578699112,,,,
,746,,,,,,,,,,0.00029224599711596966,0.009603530168533325,0.08672043681144714,0.11074124276638031,,,,
,747,,,,,,,,,,3.7714227801188827e-05,0.005162032321095467,0.053386859595775604,0.09669104963541031,,,,
,7479,,,,,219,,,,,,,,,0.0005016169743612409,0.010946450755000114,0.07917174696922302,0.15727461874485016
,7479,,,,,219,0.0005566246691159904,0.012851813808083534,0.09669741988182068,0.1348656266927719,,,,,,,,
0.0009520525160670003,7490,,,,,,,,,,,,,,,,,
0.0009520525160670003,7490,,,,,,,,,,,,,,,,,
0.0009520525160670003,7490,,,,,,,,,,,,,,,,,
0.0009520525160670003,7490,,,,,,,,,,,,,,,,,
,7490,0.0002501187555026263,0.010393506847321987,0.08553051203489304,0.1215181052684784,220,,,,,,,,,,,,
,7513,,,,,220,0.00046619391650892794,0.012227736413478851,0.09669741243124008,0.1285267174243927,,,,,,,,
0.0009513057743562917,7523,,,,,,,,,,,,,,,,,
0.0009513057743562917,7523,,,,,,,,,,,,,,,,,
0.0009513057743562917,7523,,,,,,,,,,,,,,,,,
0.0009513057743562917,7523,,,,,,,,,,,,,,,,,
,7523,0.00027939380379393697,0.011658772826194763,0.10276897251605988,0.11344641447067261,221,,,,,,,,,,,,
,7547,,,,,221,0.0006209530984051526,0.013918247073888779,0.09669741988182068,0.14552022516727448,,,,,,,,
0.0009505535603750938,7556,,,,,,,,,,,,,,,,,
0.0009505535603750938,7556,,,,,,,,,,,,,,,,,
0.0009505535603750938,7556,,,,,,,,,,,,,,,,,
0.0009505535603750938,7556,,,,,,,,,,,,,,,,,
,7556,0.0014075266662985086,0.03125816956162453,0.09640282392501831,0.3242453336715698,222,,,,,,,,,,,,
,7581,,,,,222,0.0011764790397137403,0.021819787099957466,0.09669744223356247,0.22909530997276306,,,,,,,,
0.0009497958832544303,7589,,,,,,,,,,,,,,,,,
0.0009497958832544303,7589,,,,,,,,,,,,,,,,,
0.0009497958832544303,7589,,,,,,,,,,,,,,,,,
0.0009497958832544303,7589,,,,,,,,,,,,,,,,,
,7589,0.0009111177059821784,0.023937031626701355,0.08393847197294235,0.2851735055446625,223,,,,,,,,,,,,
,7615,,,,,223,0.001885336940176785,0.028623133897781372,0.09669739007949829,0.29882892966270447,,,,,,,,
0.0009490327521916417,7622,,,,,,,,,,,,,,,,,
0.0009490327521916417,7622,,,,,,,,,,,,,,,,,
0.0009490327521916417,7622,,,,,,,,,,,,,,,,,
0.0009490327521916417,7622,,,,,,,,,,,,,,,,,
,7622,0.0005367858102545142,0.019376983866095543,0.11848252266645432,0.1635429561138153,224,,,,,,,,,,,,
,748,,,,,,,,,,0.0008612952660769224,0.014513364993035793,0.09195023030042648,0.1578393429517746,,,,
,749,,,,,,,,,,0.0002339879283681512,0.009156452491879463,0.039159953594207764,0.2338217794895172,,,,
,750,,,,,,,,,,0.00021734127949457616,0.010069402866065502,0.07243724912405014,0.13900861144065857,,,,
,751,,,,,,,,,,0.000177733541931957,0.00915440171957016,0.09695577621459961,0.09441830962896347,,,,
,752,,,,,,,,,,0.0002705881488509476,0.008861970156431198,0.08865968883037567,0.09995488822460175,,,,
,753,,,,,,,,,,0.0003474546829238534,0.010542156174778938,0.05721943825483322,0.18424078822135925,,,,
,754,,,,,,,,,,0.0002530689525883645,0.013491680845618248,0.025477152317762375,0.5295597910881042,,,,
,755,,,,,,,,,,0.00013085980026517063,0.008806509897112846,0.06866084039211273,0.1282610148191452,,,,
,756,,,,,,,,,,0.0002797415654640645,0.009868795052170753,0.11188463866710663,0.08820508420467377,,,,
,757,,,,,,,,,,0.0020694879349321127,0.02484060823917389,0.10694815963506699,0.23226772248744965,,,,
,758,,,,,,,,,,0.0005983151495456696,0.0159299299120903,0.08197197318077087,0.19433383643627167,,,,
,759,,,,,,,,,,0.00039422581903636456,0.01158260926604271,0.07832591235637665,0.14787708222866058,,,,
,760,,,,,,,,,,0.0006040689186193049,0.012943866662681103,0.07550571858882904,0.17142893373966217,,,,
,761,,,,,,,,,,0.00032017051125876606,0.01174855511635542,0.06541398167610168,0.17960308492183685,,,,
,762,,,,,,,,,,0.0006599421612918377,0.015074612572789192,0.1331549882888794,0.1132110133767128,,,,
,763,,,,,,,,,,0.0003432458615861833,0.011568553745746613,0.08672043681144714,0.13340052962303162,,,,
,764,,,,,,,,,,0.000464081356767565,0.015156884677708149,0.053386859595775604,0.28390660881996155,,,,
,7649,,,,,224,,,,,,,,,0.0004844201321247965,0.012473681941628456,0.07917174696922302,0.18015919625759125
,7649,,,,,224,0.0008515260415151715,0.01697978749871254,0.09669743478298187,0.1767786741256714,,,,,,,,
0.0009482641764502734,7655,,,,,,,,,,,,,,,,,
0.0009482641764502734,7655,,,,,,,,,,,,,,,,,
0.0009482641764502734,7655,,,,,,,,,,,,,,,,,
0.0009482641764502734,7655,,,,,,,,,,,,,,,,,
,7655,0.0010839125607162714,0.017286699265241623,0.09744569659233093,0.17739826440811157,225,,,,,,,,,,,,
,7683,,,,,225,0.0007828156813047826,0.015954455360770226,0.09669743478298187,0.1657191663980484,,,,,,,,
0.0009474901653599624,7688,,,,,,,,,,,,,,,,,
0.0009474901653599624,7688,,,,,,,,,,,,,,,,,
0.0009474901653599624,7688,,,,,,,,,,,,,,,,,
0.0009474901653599624,7688,,,,,,,,,,,,,,,,,
,7688,0.001960290363058448,0.01742805540561676,0.11838911473751068,0.14720994234085083,226,,,,,,,,,,,,
,7717,,,,,226,0.0007274807430803776,0.01583630032837391,0.09669740498065948,0.16516463458538055,,,,,,,,
0.0009467107283163256,7721,,,,,,,,,,,,,,,,,
0.0009467107283163256,7721,,,,,,,,,,,,,,,,,
0.0009467107283163256,7721,,,,,,,,,,,,,,,,,
0.0009467107283163256,7721,,,,,,,,,,,,,,,,,
,7721,0.00034734158543869853,0.012209872715175152,0.10599269717931747,0.11519540101289749,227,,,,,,,,,,,,
,7751,,,,,227,0.0006706694257445633,0.013552393764257431,0.09669741243124008,0.14075954258441925,,,,,,,,
0.0009459258747808433,7754,,,,,,,,,,,,,,,,,
0.0009459258747808433,7754,,,,,,,,,,,,,,,,,
0.0009459258747808433,7754,,,,,,,,,,,,,,,,,
0.0009459258747808433,7754,,,,,,,,,,,,,,,,,
,7754,0.0012782820267602801,0.020921800285577774,0.10126982629299164,0.2065945863723755,228,,,,,,,,,,,,
,7785,,,,,228,0.0008747486863285303,0.017720811069011688,0.09669744223356247,0.18507656455039978,,,,,,,,
0.0009451356142807465,7787,,,,,,,,,,,,,,,,,
0.0009451356142807465,7787,,,,,,,,,,,,,,,,,
0.0009451356142807465,7787,,,,,,,,,,,,,,,,,
0.0009451356142807465,7787,,,,,,,,,,,,,,,,,
,7787,0.00046729331370443106,0.011548548005521297,0.1180046945810318,0.09786514937877655,229,,,,,,,,,,,,
,765,,,,,,,,,,0.0002121116704074666,0.009667412377893925,0.09195023030042648,0.10513743758201599,,,,
,766,,,,,,,,,,0.00011689623352140188,0.00764165073633194,0.039159953594207764,0.19513937830924988,,,,
,767,,,,,,,,,,0.00025404986809007823,0.009722378104925156,0.07243724912405014,0.13421791791915894,,,,
,768,,,,,,,,,,0.000601329084020108,0.010578548535704613,0.09695577621459961,0.10910693556070328,,,,
,769,,,,,,,,,,0.0002916258526965976,0.011711670085787773,0.08865968883037567,0.13209688663482666,,,,
,770,,,,,,,,,,0.0001820738398237154,0.008344564586877823,0.05721943825483322,0.14583441615104675,,,,
,771,,,,,,,,,,8.542314026271924e-05,0.005555475130677223,0.025477152317762375,0.2180570662021637,,,,
,772,,,,,,,,,,0.0002144654281437397,0.010355999693274498,0.06866084039211273,0.1508283019065857,,,,
,773,,,,,,,,,,0.00019947087275795639,0.010127237066626549,0.11188463866710663,0.09051498025655746,,,,
,774,,,,,,,,,,0.0008542430587112904,0.016072645783424377,0.10694815963506699,0.15028443932533264,,,,
,775,,,,,,,,,,0.00011877845827257261,0.007812119089066982,0.08197197318077087,0.09530230611562729,,,,
,776,,,,,,,,,,0.00012846662139054388,0.008209899067878723,0.07832591235637665,0.10481713712215424,,,,
,777,,,,,,,,,,5.467970549943857e-05,0.005019214004278183,0.07550571858882904,0.06647460907697678,,,,
,778,,,,,,,,,,0.00012645685637835413,0.00722863245755434,0.06541398167610168,0.11050590872764587,,,,
,779,,,,,,,,,,0.0005476829828694463,0.014308338984847069,0.1331549882888794,0.1074562668800354,,,,
,780,,,,,,,,,,0.00014710091636516154,0.008790858089923859,0.08672043681144714,0.10137007385492325,,,,
,781,,,,,,,,,,0.00018764451669994742,0.010945317335426807,0.053386859595775604,0.20501890778541565,,,,
,7819,,,,,229,,,,,,,,,0.00025615369668230414,0.009494826197624207,0.07917174696922302,0.1286085546016693
,7819,,,,,229,0.0006610557320527732,0.014836428686976433,0.09669740498065948,0.15584543347358704,,,,,,,,
0.0009443399564089012,7820,,,,,,,,,,,,,,,,,
0.0009443399564089012,7820,,,,,,,,,,,,,,,,,
0.0009443399564089012,7820,,,,,,,,,,,,,,,,,
0.0009443399564089012,7820,,,,,,,,,,,,,,,,,
,7820,0.0002729745756369084,0.010373003780841827,0.07731959223747253,0.13415749371051788,230,,,,,,,,,,,,
0.0009435389108236909,7853,,,,,,,,,,,,,,,,,
,7853,0.0001259000855498016,0.008197860792279243,0.05897598713636398,0.13900333642959595,230,,,,,,,,,,,,
,7853,,,,,230,0.0006620511994697154,0.014159663580358028,0.09669743478298187,0.14680516719818115,,,,,,,,
0.0009427324872489004,7886,,,,,,,,,,,,,,,,,
0.0009427324872489004,7886,,,,,,,,,,,,,,,,,
0.0009427324872489004,7886,,,,,,,,,,,,,,,,,
0.0009427324872489004,7886,,,,,,,,,,,,,,,,,
,7886,0.0001762862375471741,0.009287520311772823,0.11313154548406601,0.08209487050771713,231,,,,,,,,,,,,
,7887,,,,,231,0.0007615755894221365,0.01639487035572529,0.09669744223356247,0.17162224650382996,,,,,,,,
0.0009419206954735967,7919,,,,,,,,,,,,,,,,,
0.0009419206954735967,7919,,,,,,,,,,,,,,,,,
0.0009419206954735967,7919,,,,,,,,,,,,,,,,,
0.0009419206954735967,7919,,,,,,,,,,,,,,,,,
,7919,0.0006194508168846369,0.016513604670763016,0.10892419517040253,0.15160638093948364,232,,,,,,,,,,,,
,7921,,,,,232,0.0008232401451095939,0.016607919707894325,0.09669743478298187,0.17425334453582764,,,,,,,,
0.0009411035453520099,7952,,,,,,,,,,,,,,,,,
0.0009411035453520099,7952,,,,,,,,,,,,,,,,,
0.0009411035453520099,7952,,,,,,,,,,,,,,,,,
0.0009411035453520099,7952,,,,,,,,,,,,,,,,,
,7952,0.0005088615580461919,0.014164669439196587,0.12271679937839508,0.11542566865682602,233,,,,,,,,,,,,
,7955,,,,,233,0.0007156697101891041,0.014558497816324234,0.09669742733240128,0.15210367739200592,,,,,,,,
0.0009402810468034155,7985,,,,,,,,,,,,,,,,,
0.0009402810468034155,7985,,,,,,,,,,,,,,,,,
0.0009402810468034155,7985,,,,,,,,,,,,,,,,,
0.0009402810468034155,7985,,,,,,,,,,,,,,,,,
,7985,0.00042129348730668426,0.012121046893298626,0.09033127874135971,0.13418437540531158,234,,,,,,,,,,,,
,782,,,,,,,,,,0.0005971285863779485,0.018240559846162796,0.09195023030042648,0.19837424159049988,,,,
,783,,,,,,,,,,0.0006193992448970675,0.017652109265327454,0.039159953594207764,0.450769305229187,,,,
,784,,,,,,,,,,0.0005398749490268528,0.019356533885002136,0.07243724912405014,0.2672179341316223,,,,
,785,,,,,,,,,,0.0011554565280675888,0.022048022598028183,0.09695577621459961,0.22740285098552704,,,,
,786,,,,,,,,,,0.0005440607783384621,0.01820024847984314,0.08865968883037567,0.2052820920944214,,,,
,787,,,,,,,,,,0.000676550145726651,0.02160610631108284,0.05721943825483322,0.377600759267807,,,,
,788,,,,,,,,,,0.0005771127180196345,0.01793844625353813,0.025477152317762375,0.7040990591049194,,,,
,789,,,,,,,,,,0.000307330337818712,0.01573895290493965,0.06866084039211273,0.2292274683713913,,,,
,790,,,,,,,,,,0.0007969946600496769,0.01961657777428627,0.11188463866710663,0.1753285974264145,,,,
,791,,,,,,,,,,0.0011624146718531847,0.026240071281790733,0.10694815963506699,0.24535316228866577,,,,
,792,,,,,,,,,,0.0002528323675505817,0.014749780297279358,0.08197197318077087,0.17993684113025665,,,,
,793,,,,,,,,,,0.0003663276438601315,0.016835633665323257,0.07832591235637665,0.2149433195590973,,,,
,794,,,,,,,,,,0.0005808420246466994,0.01839905045926571,0.07550571858882904,0.2436775416135788,,,,
,795,,,,,,,,,,0.001282645738683641,0.024855246767401695,0.06541398167610168,0.3799683451652527,,,,
,796,,,,,,,,,,0.00036768894642591476,0.015439813956618309,0.1331549882888794,0.11595369130373001,,,,
,797,,,,,,,,,,0.0008194126421585679,0.02080647088587284,0.08672043681144714,0.2399257868528366,,,,
,798,,,,,,,,,,0.00039776950143277645,0.015664901584386826,0.053386859595775604,0.2934223711490631,,,,
,7989,,,,,234,,,,,,,,,0.0006567795062437654,0.019118066877126694,0.07917174696922302,0.27892276644706726
,7989,,,,,234,0.0006773077184334397,0.01424646656960249,0.09669743478298187,0.14904150366783142,,,,,,,,
0.0009394532098120128,8018,,,,,,,,,,,,,,,,,
0.0009394532098120128,8018,,,,,,,,,,,,,,,,,
0.0009394532098120128,8018,,,,,,,,,,,,,,,,,
0.0009394532098120128,8018,,,,,,,,,,,,,,,,,
,8018,0.0002762780641205609,0.010228004306554794,0.08453957736492157,0.12098479270935059,235,,,,,,,,,,,,
,8023,,,,,235,0.0006867602351121604,0.014657439664006233,0.09669741988182068,0.15226668119430542,,,,,,,,
0.000938620044426803,8051,,,,,,,,,,,,,,,,,
0.000938620044426803,8051,,,,,,,,,,,,,,,,,
0.000938620044426803,8051,,,,,,,,,,,,,,,,,
0.000938620044426803,8051,,,,,,,,,,,,,,,,,
,8051,0.0003708709264174104,0.013465486466884613,0.0701337605714798,0.19199718534946442,236,,,,,,,,,,,,
,8057,,,,,236,0.0006574274157173932,0.013965596444904804,0.09669742733240128,0.145741268992424,,,,,,,,
0.0009377815607614685,8084,,,,,,,,,,,,,,,,,
0.0009377815607614685,8084,,,,,,,,,,,,,,,,,
0.0009377815607614685,8084,,,,,,,,,,,,,,,,,
0.0009377815607614685,8084,,,,,,,,,,,,,,,,,
,8084,0.00025062874192371964,0.010961443185806274,0.10225656628608704,0.10719548165798187,237,,,,,,,,,,,,
,8091,,,,,237,0.0006942817126400769,0.015929926186800003,0.09669739753007889,0.16662132740020752,,,,,,,,
0.0009369377689942492,8117,,,,,,,,,,,,,,,,,
0.0009369377689942492,8117,,,,,,,,,,,,,,,,,
0.0009369377689942492,8117,,,,,,,,,,,,,,,,,
0.0009369377689942492,8117,,,,,,,,,,,,,,,,,
,8117,0.0007289967034012079,0.016918886452913284,0.11722167581319809,0.1443323940038681,238,,,,,,,,,,,,
,8125,,,,,238,0.0006686938577331603,0.014063399285078049,0.09669743478298187,0.14594076573848724,,,,,,,,
0.0009360886793678198,8150,,,,,,,,,,,,,,,,,
0.0009360886793678198,8150,,,,,,,,,,,,,,,,,
0.0009360886793678198,8150,,,,,,,,,,,,,,,,,
0.0009360886793678198,8150,,,,,,,,,,,,,,,,,
,8150,0.0014907157747074962,0.017383860424160957,0.10935220122337341,0.15897127985954285,239,,,,,,,,,,,,
,799,,,,,,,,,,0.00012504383630584925,0.007224734872579575,0.09195023030042648,0.07857222110033035,,,,
,800,,,,,,,,,,0.00017061177641153336,0.008919267915189266,0.039159953594207764,0.22776496410369873,,,,
,801,,,,,,,,,,0.00024285334802698344,0.008816873654723167,0.07243724912405014,0.12171738594770432,,,,
,802,,,,,,,,,,0.001171786105260253,0.018062584102153778,0.09695577621459961,0.18629711866378784,,,,
,803,,,,,,,,,,0.0002815665793605149,0.011428585276007652,0.08865968883037567,0.12890395522117615,,,,
,804,,,,,,,,,,0.00011345932580297813,0.007127953227609396,0.05721943825483322,0.12457221001386642,,,,
,805,,,,,,,,,,9.719383524497971e-05,0.0075457049533724785,0.025477152317762375,0.2961752414703369,,,,
,806,,,,,,,,,,0.0005058845854364336,0.013051033020019531,0.06866084039211273,0.1900796890258789,,,,
,807,,,,,,,,,,0.00024185198708437383,0.009274788200855255,0.11188463866710663,0.08289598673582077,,,,
,808,,,,,,,,,,0.0013235261430963874,0.021758727729320526,0.10694815963506699,0.20345114171504974,,,,
,809,,,,,,,,,,0.00048612727550789714,0.01220967061817646,0.08197197318077087,0.14894931018352509,,,,
,810,,,,,,,,,,0.0008160296711139381,0.016176946461200714,0.07832591235637665,0.206533744931221,,,,
,811,,,,,,,,,,0.0006684755790047348,0.011786903254687786,0.07550571858882904,0.15610608458518982,,,,
,812,,,,,,,,,,0.0003823119914159179,0.012034330517053604,0.06541398167610168,0.1839718073606491,,,,
,813,,,,,,,,,,0.000554548401851207,0.0135767487809062,0.1331549882888794,0.10196199268102646,,,,
,814,,,,,,,,,,0.0001446126843802631,0.008399741724133492,0.08672043681144714,0.09685999155044556,,,,
,815,,,,,,,,,,9.497536666458473e-05,0.007573646958917379,0.053386859595775604,0.14186348021030426,,,,
,8159,,,,,239,,,,,,,,,0.00044620572589337826,0.01157916709780693,0.07917174696922302,0.157893568277359
,8159,,,,,239,0.0006298494408838451,0.013687421567738056,0.09669741243124008,0.14307823777198792,,,,,,,,
0.0009352343021891637,8183,,,,,,,,,,,,,,,,,
0.0009352343021891637,8183,,,,,,,,,,,,,,,,,
0.0009352343021891637,8183,,,,,,,,,,,,,,,,,
0.0009352343021891637,8183,,,,,,,,,,,,,,,,,
,8183,0.0003502474573906511,0.011339254677295685,0.09815707057714462,0.11552151292562485,240,,,,,,,,,,,,
,8193,,,,,240,0.0005964618176221848,0.013315525837242603,0.09669743478298187,0.1402013748884201,,,,,,,,
0.0009343746478294518,8216,,,,,,,,,,,,,,,,,
0.0009343746478294518,8216,,,,,,,,,,,,,,,,,
0.0009343746478294518,8216,,,,,,,,,,,,,,,,,
0.0009343746478294518,8216,,,,,,,,,,,,,,,,,
,8216,0.0017770654521882534,0.022048091515898705,0.13650226593017578,0.1615217924118042,241,,,,,,,,,,,,
,8227,,,,,241,0.000831784273032099,0.017885833978652954,0.09669743478298187,0.1875581294298172,,,,,,,,
0.0009335097267239116,8249,,,,,,,,,,,,,,,,,
0.0009335097267239116,8249,,,,,,,,,,,,,,,,,
0.0009335097267239116,8249,,,,,,,,,,,,,,,,,
0.0009335097267239116,8249,,,,,,,,,,,,,,,,,
,8249,0.0003081615432165563,0.01155783049762249,0.09914618730545044,0.11657361686229706,242,,,,,,,,,,,,
,8261,,,,,242,0.0006434808019548655,0.014274636283516884,0.09669741988182068,0.1478472352027893,,,,,,,,
0.0009326395493717038,8282,,,,,,,,,,,,,,,,,
0.0009326395493717038,8282,,,,,,,,,,,,,,,,,
0.0009326395493717038,8282,,,,,,,,,,,,,,,,,
0.0009326395493717038,8282,,,,,,,,,,,,,,,,,
,8282,0.0005209549563005567,0.013543675653636456,0.10266409814357758,0.13192220032215118,243,,,,,,,,,,,,
,8295,,,,,243,0.0005145135801285505,0.012551117688417435,0.09669741988182068,0.13122102618217468,,,,,,,,
0.0009317641263357937,8315,,,,,,,,,,,,,,,,,
0.0009317641263357937,8315,,,,,,,,,,,,,,,,,
0.0009317641263357937,8315,,,,,,,,,,,,,,,,,
0.0009317641263357937,8315,,,,,,,,,,,,,,,,,
,8315,0.0007486909162253141,0.015316958539187908,0.09772597998380661,0.15673372149467468,244,,,,,,,,,,,,
,816,,,,,,,,,,0.0004281080327928066,0.014234155416488647,0.09195023030042648,0.1548028141260147,,,,
,817,,,,,,,,,,6.0163409216329455e-05,0.0058482433669269085,0.039159953594207764,0.14934241771697998,,,,
,818,,,,,,,,,,0.0011546737514436245,0.021607473492622375,0.07243724912405014,0.29829224944114685,,,,
,819,,,,,,,,,,0.0002950693015009165,0.01189066469669342,0.09695577621459961,0.12264007329940796,,,,
,820,,,,,,,,,,0.00017282778571825475,0.01043467503041029,0.08865968883037567,0.11769355088472366,,,,
,821,,,,,,,,,,0.00022090919082984328,0.009946459904313087,0.05721943825483322,0.1738300621509552,,,,
,822,,,,,,,,,,0.00048218516167253256,0.013263235799968243,0.025477152317762375,0.5205931067466736,,,,
,823,,,,,,,,,,0.00018350512254983187,0.00907556526362896,0.06866084039211273,0.1321796178817749,,,,
,824,,,,,,,,,,0.0004790563543792814,0.01518359687179327,0.11188463866710663,0.13570760190486908,,,,
,825,,,,,,,,,,0.0007098623318597674,0.018126890063285828,0.10694815963506699,0.16949228942394257,,,,
,826,,,,,,,,,,0.0007384372293017805,0.01634528674185276,0.08197197318077087,0.1994008868932724,,,,
,827,,,,,,,,,,0.000249725126195699,0.01101856492459774,0.07832591235637665,0.1406758427619934,,,,
,828,,,,,,,,,,0.0001963502581929788,0.010436289012432098,0.07550571858882904,0.13821850717067719,,,,
,829,,,,,,,,,,0.0011100710835307837,0.01786595955491066,0.06541398167610168,0.2731213867664337,,,,
,830,,,,,,,,,,0.00031777171534486115,0.013669329695403576,0.1331549882888794,0.10265728086233139,,,,
,831,,,,,,,,,,0.00017159862909466028,0.009205003269016743,0.08672043681144714,0.1061457097530365,,,,
,832,,,,,,,,,,0.00012802629498764873,0.008773840963840485,0.053386859595775604,0.16434454917907715,,,,
,8329,,,,,244,,,,,,,,,0.0004257590335328132,0.012873344123363495,0.07917174696922302,0.18281139433383942
,8329,,,,,244,0.0007442333153448999,0.013930282555520535,0.09669741988182068,0.14507535099983215,,,,,,,,
0.0009308834682428243,8348,,,,,,,,,,,,,,,,,
0.0009308834682428243,8348,,,,,,,,,,,,,,,,,
0.0009308834682428243,8348,,,,,,,,,,,,,,,,,
0.0009308834682428243,8348,,,,,,,,,,,,,,,,,
,8348,0.001164275803603232,0.013444042764604092,0.1209157258272171,0.111185222864151,245,,,,,,,,,,,,
,8363,,,,,245,0.0006305657443590462,0.012748257257044315,0.09669742733240128,0.132765993475914,,,,,,,,
0.0009299975857829844,8381,,,,,,,,,,,,,,,,,
0.0009299975857829844,8381,,,,,,,,,,,,,,,,,
0.0009299975857829844,8381,,,,,,,,,,,,,,,,,
0.0009299975857829844,8381,,,,,,,,,,,,,,,,,
,8381,0.0004810641403310001,0.01467693131417036,0.10637425631284714,0.13797445595264435,246,,,,,,,,,,,,
,8397,,,,,246,0.0005879679811187088,0.013240862637758255,0.09669744968414307,0.13886010646820068,,,,,,,,
0.0009291064897098826,8414,,,,,,,,,,,,,,,,,
0.0009291064897098826,8414,,,,,,,,,,,,,,,,,
0.0009291064897098826,8414,,,,,,,,,,,,,,,,,
0.0009291064897098826,8414,,,,,,,,,,,,,,,,,
,8414,0.00020770796982105821,0.009730864316225052,0.10786503553390503,0.09021332114934921,247,,,,,,,,,,,,
,8431,,,,,247,0.0004879147745668888,0.011969135142862797,0.09669744223356247,0.1240665465593338,,,,,,,,
0.0009282101908404137,8447,,,,,,,,,,,,,,,,,
0.0009282101908404137,8447,,,,,,,,,,,,,,,,,
0.0009282101908404137,8447,,,,,,,,,,,,,,,,,
0.0009282101908404137,8447,,,,,,,,,,,,,,,,,
,8447,7.292597729247063e-05,0.00653041061013937,0.0921730250120163,0.0708494707942009,248,,,,,,,,,,,,
,8465,,,,,248,0.0006065144552849233,0.012948057614266872,0.09669743478298187,0.13547949492931366,,,,,,,,
0.0009273087000546283,8480,,,,,,,,,,,,,,,,,
0.0009273087000546283,8480,,,,,,,,,,,,,,,,,
0.0009273087000546283,8480,,,,,,,,,,,,,,,,,
0.0009273087000546283,8480,,,,,,,,,,,,,,,,,
,8480,0.0008775024907663465,0.016214950010180473,0.09663085639476776,0.16780300438404083,249,,,,,,,,,,,,
,833,,,,,,,,,,0.0001530507579445839,0.008335953578352928,0.09195023030042648,0.09065722674131393,,,,
,834,,,,,,,,,,0.00011820443614851683,0.007506293710321188,0.039159953594207764,0.1916828602552414,,,,
,835,,,,,,,,,,0.00011028776498278603,0.0077695101499557495,0.07243724912405014,0.10725847631692886,,,,
,836,,,,,,,,,,0.0002197178255300969,0.008902880363166332,0.09695577621459961,0.09182412922382355,,,,
,837,,,,,,,,,,0.0002668994420673698,0.008967145346105099,0.08865968883037567,0.10114116966724396,,,,
,838,,,,,,,,,,0.0001266078616026789,0.0069666653871536255,0.05721943825483322,0.12175345420837402,,,,
,839,,,,,,,,,,6.514965207315981e-05,0.006191756576299667,0.025477152317762375,0.24303163588047028,,,,
,840,,,,,,,,,,0.00020102207781746984,0.010018091648817062,0.06866084039211273,0.14590689539909363,,,,
,841,,,,,,,,,,0.0003822529688477516,0.010548326186835766,0.11188463866710663,0.09427858144044876,,,,
,842,,,,,,,,,,0.00033916073152795434,0.012485744431614876,0.10694815963506699,0.11674575507640839,,,,
,843,,,,,,,,,,0.0005334140732884407,0.01479528658092022,0.08197197318077087,0.18049199879169464,,,,
,844,,,,,,,,,,0.00037911871913820505,0.009874004870653152,0.07832591235637665,0.1260630488395691,,,,
,845,,,,,,,,,,0.00018243261729367077,0.008226407691836357,0.07550571858882904,0.10895077884197235,,,,
,846,,,,,,,,,,0.0001801021135179326,0.009908671490848064,0.06541398167610168,0.15147633850574493,,,,
,847,,,,,,,,,,0.0010181756224483252,0.015483858063817024,0.1331549882888794,0.11628446727991104,,,,
,848,,,,,,,,,,0.0008815609617158771,0.013550231233239174,0.08672043681144714,0.15625186264514923,,,,
,849,,,,,,,,,,0.00026331510161980987,0.01060797180980444,0.053386859595775604,0.19870001077651978,,,,
,8499,,,,,249,,,,,,,,,0.0003204261010978371,0.009991156868636608,0.07917174696922302,0.13606701791286469
,8499,,,,,249,0.0006096529541537166,0.0138569800183177,0.09669743478298187,0.14523714780807495,,,,,,,,
0.0009264020282956016,8513,,,,,,,,,,,,,,,,,
0.0009264020282956016,8513,,,,,,,,,,,,,,,,,
0.0009264020282956016,8513,,,,,,,,,,,,,,,,,
0.0009264020282956016,8513,,,,,,,,,,,,,,,,,
,8513,0.00045807292917743325,0.01334630511701107,0.0779709443449974,0.1711702197790146,250,,,,,,,,,,,,
,8533,,,,,250,0.0006369667826220393,0.01345947664231062,0.09669741988182068,0.14178414642810822,,,,,,,,
0.0009254901865693001,8546,,,,,,,,,,,,,,,,,
0.0009254901865693001,8546,,,,,,,,,,,,,,,,,
0.0009254901865693001,8546,,,,,,,,,,,,,,,,,
0.0009254901865693001,8546,,,,,,,,,,,,,,,,,
,8546,0.00032958932570181787,0.010617303662002087,0.08484785258769989,0.1251334249973297,251,,,,,,,,,,,,
,8567,,,,,251,0.0007437035674229264,0.014956039376556873,0.09669747203588486,0.15610837936401367,,,,,,,,
0.000924573185944447,8579,,,,,,,,,,,,,,,,,
0.000924573185944447,8579,,,,,,,,,,,,,,,,,
0.000924573185944447,8579,,,,,,,,,,,,,,,,,
0.000924573185944447,8579,,,,,,,,,,,,,,,,,
,8579,0.00034215074265375733,0.012472974136471748,0.07677505910396576,0.16246125102043152,252,,,,,,,,,,,,
,8601,,,,,252,0.0005985836032778025,0.013489858247339725,0.09669744968414307,0.14122559130191803,,,,,,,,
0.0009236510375523902,8612,,,,,,,,,,,,,,,,,
0.0009236510375523902,8612,,,,,,,,,,,,,,,,,
0.0009236510375523902,8612,,,,,,,,,,,,,,,,,
0.0009236510375523902,8612,,,,,,,,,,,,,,,,,
,8612,0.0007398903253488243,0.018374556675553322,0.11451482772827148,0.16045568883419037,253,,,,,,,,,,,,
,8635,,,,,253,0.0006069455994293094,0.01404256746172905,0.09669745713472366,0.14605116844177246,,,,,,,,
0.0009227237525869632,8645,,,,,,,,,,,,,,,,,
0.0009227237525869632,8645,,,,,,,,,,,,,,,,,
0.0009227237525869632,8645,,,,,,,,,,,,,,,,,
0.0009227237525869632,8645,,,,,,,,,,,,,,,,,
,8645,0.00017937544907908887,0.010312161408364773,0.11254533380270004,0.09162672609090805,254,,,,,,,,,,,,
,850,,,,,,,,,,0.00047020456986501813,0.01592223159968853,0.09195023030042648,0.17316138744354248,,,,
,851,,,,,,,,,,0.0008416415075771511,0.014539115130901337,0.039159953594207764,0.3712749779224396,,,,
,852,,,,,,,,,,0.0002161766024073586,0.011889846995472908,0.07243724912405014,0.16413994133472443,,,,
,853,,,,,,,,,,0.0011185717303305864,0.020239543169736862,0.09695577621459961,0.20875023305416107,,,,
,854,,,,,,,,,,0.0006526490906253457,0.017952509224414825,0.08865968883037567,0.20248782634735107,,,,
,855,,,,,,,,,,0.0012163559440523386,0.02238171361386776,0.05721943825483322,0.3911557197570801,,,,
,856,,,,,,,,,,0.00028076014132238925,0.01160066481679678,0.025477152317762375,0.4553358256816864,,,,
,857,,,,,,,,,,0.000671594578307122,0.017241664230823517,0.06866084039211273,0.2511134743690491,,,,
,858,,,,,,,,,,0.0010506962426006794,0.02391229197382927,0.11188463866710663,0.21372272074222565,,,,
,859,,,,,,,,,,0.00042676180601119995,0.01733408123254776,0.10694815963506699,0.16207927465438843,,,,
,860,,,,,,,,,,0.0005990834906697273,0.018618077039718628,0.08197197318077087,0.2271273285150528,,,,
,861,,,,,,,,,,0.00029763751081191003,0.013262016698718071,0.07832591235637665,0.16931836307048798,,,,
,862,,,,,,,,,,0.0010423550847917795,0.01896774210035801,0.07550571858882904,0.2512093186378479,,,,
,863,,,,,,,,,,0.0015602894127368927,0.02375049889087677,0.06541398167610168,0.3630797863006592,,,,
,864,,,,,,,,,,0.0008119891281239688,0.021950727328658104,0.1331549882888794,0.16485095024108887,,,,
,865,,,,,,,,,,0.0009429493220523,0.01531128492206335,0.08672043681144714,0.17655910551548004,,,,
,866,,,,,,,,,,0.0001396431471221149,0.00874126236885786,0.053386859595775604,0.1637343168258667,,,,
,8669,,,,,254,,,,,,,,,0.0007424665964208543,0.01751336269080639,0.07917174696922302,0.2439228743314743
,8669,,,,,254,0.0006061865133233368,0.01381644792854786,0.09669742733240128,0.14503897726535797,,,,,,,,
0.0009217913423043538,8678,,,,,,,,,,,,,,,,,
0.0009217913423043538,8678,,,,,,,,,,,,,,,,,
0.0009217913423043538,8678,,,,,,,,,,,,,,,,,
0.0009217913423043538,8678,,,,,,,,,,,,,,,,,
,8678,0.00046233372995629907,0.013030859641730785,0.09346150606870651,0.1394248753786087,255,,,,,,,,,,,,
,8703,,,,,255,0.0006376483361236751,0.013738264329731464,0.09669742733240128,0.14376480877399445,,,,,,,,
0.0009208538180229652,8711,,,,,,,,,,,,,,,,,
0.0009208538180229652,8711,,,,,,,,,,,,,,,,,
0.0009208538180229652,8711,,,,,,,,,,,,,,,,,
0.0009208538180229652,8711,,,,,,,,,,,,,,,,,
,8711,0.00010827048390638083,0.007447186857461929,0.07857228815555573,0.09478133171796799,256,,,,,,,,,,,,
,8737,,,,,256,0.0005458821542561054,0.012872635386884212,0.09669741988182068,0.13470780849456787,,,,,,,,
0.0009199111911232775,8744,,,,,,,,,,,,,,,,,
0.0009199111911232775,8744,,,,,,,,,,,,,,,,,
0.0009199111911232775,8744,,,,,,,,,,,,,,,,,
0.0009199111911232775,8744,,,,,,,,,,,,,,,,,
,8744,0.0001869367406470701,0.009054072201251984,0.0743890255689621,0.12171245366334915,257,,,,,,,,,,,,
,8771,,,,,257,0.0006292628822848201,0.012710616923868656,0.09669741243124008,0.13402847945690155,,,,,,,,
0.0009189634730477115,8777,,,,,,,,,,,,,,,,,
0.0009189634730477115,8777,,,,,,,,,,,,,,,,,
0.0009189634730477115,8777,,,,,,,,,,,,,,,,,
0.0009189634730477115,8777,,,,,,,,,,,,,,,,,
,8777,0.0010782359167933464,0.01607600972056389,0.1070636510848999,0.1501537412405014,258,,,,,,,,,,,,
,8805,,,,,258,0.0005221665487624705,0.01272446196526289,0.09669742733240128,0.13207750022411346,,,,,,,,
0.0009180106753004892,8810,,,,,,,,,,,,,,,,,
0.0009180106753004892,8810,,,,,,,,,,,,,,,,,
0.0009180106753004892,8810,,,,,,,,,,,,,,,,,
0.0009180106753004892,8810,,,,,,,,,,,,,,,,,
,8810,0.0003681551606860012,0.01011829636991024,0.06886939704418182,0.14692004024982452,259,,,,,,,,,,,,
,867,,,,,,,,,,0.0008780064526945353,0.02154514566063881,0.09195023030042648,0.23431310057640076,,,,
,868,,,,,,,,,,0.000181599025381729,0.01061567198485136,0.039159953594207764,0.27108481526374817,,,,
,869,,,,,,,,,,0.0006821718416176736,0.018676595762372017,0.07243724912405014,0.257831335067749,,,,
,870,,,,,,,,,,0.0012316529173403978,0.023057615384459496,0.09695577621459961,0.2378157675266266,,,,
,871,,,,,,,,,,0.001024862751364708,0.020755458623170853,0.08865968883037567,0.2341025173664093,,,,
,872,,,,,,,,,,0.0002928365138359368,0.014164779335260391,0.05721943825483322,0.247551828622818,,,,
,873,,,,,,,,,,9.860028512775898e-05,0.007266353815793991,0.025477152317762375,0.2852104902267456,,,,
,874,,,,,,,,,,0.0005766464164480567,0.015840843319892883,0.06866084039211273,0.230711430311203,,,,
,875,,,,,,,,,,0.0006509252707473934,0.02019955962896347,0.11188463866710663,0.18053914606571198,,,,
,876,,,,,,,,,,0.002882582601159811,0.03086899034678936,0.10694815963506699,0.2886350452899933,,,,
,877,,,,,,,,,,0.0013033798895776272,0.02363300323486328,0.08197197318077087,0.2883058488368988,,,,
,878,,,,,,,,,,0.00035246432526037097,0.01661578193306923,0.07832591235637665,0.2121364325284958,,,,
,879,,,,,,,,,,0.0011084459256380796,0.01936643011868,0.07550571858882904,0.2564895451068878,,,,
,880,,,,,,,,,,0.0005088282050564885,0.014902731403708458,0.06541398167610168,0.22782176733016968,,,,
,881,,,,,,,,,,0.0008359578787349164,0.022493747994303703,0.1331549882888794,0.1689290553331375,,,,
,882,,,,,,,,,,0.0004014081787317991,0.016711127012968063,0.08672043681144714,0.19270111620426178,,,,
,883,,,,,,,,,,0.0003565575461834669,0.014353740960359573,0.053386859595775604,0.2688627541065216,,,,
,8839,,,,,259,,,,,,,,,0.00079847511369735,0.018409935757517815,0.07917174696922302,0.2393655925989151
,8839,,,,,259,0.000531280820723623,0.012254280969500542,0.09669742733240128,0.12859025597572327,,,,,,,,
0.0009170528094474945,8843,,,,,,,,,,,,,,,,,
0.0009170528094474945,8843,,,,,,,,,,,,,,,,,
0.0009170528094474945,8843,,,,,,,,,,,,,,,,,
0.0009170528094474945,8843,,,,,,,,,,,,,,,,,
,8843,0.0012066364288330078,0.022543882951140404,0.08849586546421051,0.2547450065612793,260,,,,,,,,,,,,
,8873,,,,,260,0.0007038138573989272,0.01611988991498947,0.09669741988182068,0.16823230683803558,,,,,,,,
0.0009160898871161316,8876,,,,,,,,,,,,,,,,,
0.0009160898871161316,8876,,,,,,,,,,,,,,,,,
0.0009160898871161316,8876,,,,,,,,,,,,,,,,,
0.0009160898871161316,8876,,,,,,,,,,,,,,,,,
,8876,0.0020872182212769985,0.024382855743169785,0.11511431634426117,0.2118142545223236,261,,,,,,,,,,,,
,8907,,,,,261,0.0006147453677840531,0.014395128935575485,0.09669743478298187,0.15033520758152008,,,,,,,,
0.0009151219199951843,8909,,,,,,,,,,,,,,,,,
0.0009151219199951843,8909,,,,,,,,,,,,,,,,,
0.0009151219199951843,8909,,,,,,,,,,,,,,,,,
0.0009151219199951843,8909,,,,,,,,,,,,,,,,,
,8909,0.0005714418366551399,0.014165136031806469,0.08141171932220459,0.1739937961101532,262,,,,,,,,,,,,
,8941,,,,,262,0.00046666781418025494,0.011556785553693771,0.09669745713472366,0.12086118757724762,,,,,,,,
0.0009141489198346754,8942,,,,,,,,,,,,,,,,,
0.0009141489198346754,8942,,,,,,,,,,,,,,,,,
0.0009141489198346754,8942,,,,,,,,,,,,,,,,,
0.0009141489198346754,8942,,,,,,,,,,,,,,,,,
,8942,0.00034788664197549224,0.010491548106074333,0.08950147032737732,0.11722206324338913,263,,,,,,,,,,,,
0.0009131708984457219,8975,,,,,,,,,,,,,,,,,
,8975,0.00022915765293873847,0.00981796532869339,0.09384538978338242,0.10461850464344025,263,,,,,,,,,,,,
,8975,,,,,263,0.0005270374240353703,0.012547587975859642,0.09669742733240128,0.13104896247386932,,,,,,,,
0.0009121878677003946,9008,,,,,,,,,,,,,,,,,
0.0009121878677003946,9008,,,,,,,,,,,,,,,,,
0.0009121878677003946,9008,,,,,,,,,,,,,,,,,
0.0009121878677003946,9008,,,,,,,,,,,,,,,,,
,9008,0.00020265206694602966,0.008856214582920074,0.10406186431646347,0.0851052775979042,264,,,,,,,,,,,,
,884,,,,,,,,,,0.0005129901110194623,0.013207687065005302,0.09195023030042648,0.14363950490951538,,,,
,885,,,,,,,,,,5.9668014728231356e-05,0.006010278128087521,0.039159953594207764,0.1534801721572876,,,,
,886,,,,,,,,,,0.0001434498990420252,0.007607858628034592,0.07243724912405014,0.10502687096595764,,,,
,887,,,,,,,,,,0.0002697384334169328,0.012070626020431519,0.09695577621459961,0.12449619174003601,,,,
,888,,,,,,,,,,0.0005906784790568054,0.01537010632455349,0.08865968883037567,0.1733606904745102,,,,
,889,,,,,,,,,,8.505395089741796e-05,0.006488681770861149,0.05721943825483322,0.113399937748909,,,,
,890,,,,,,,,,,0.0003362258430570364,0.008322734385728836,0.025477152317762375,0.32667431235313416,,,,
,891,,,,,,,,,,9.484434121986851e-05,0.0066138263791799545,0.06866084039211273,0.09632601588964462,,,,
,892,,,,,,,,,,0.0003486813511699438,0.011236248537898064,0.11188463866710663,0.10042707622051239,,,,
,893,,,,,,,,,,0.00022488835384137928,0.010642278008162975,0.10694815963506699,0.09950874745845795,,,,
,894,,,,,,,,,,0.00030445479205809534,0.010561752133071423,0.08197197318077087,0.12884587049484253,,,,
,895,,,,,,,,,,0.000542834575753659,0.011853693053126335,0.07832591235637665,0.15133805572986603,,,,
,896,,,,,,,,,,0.00034258520463481545,0.010098882019519806,0.07550571858882904,0.13374987244606018,,,,
,897,,,,,,,,,,0.00019440327014308423,0.006298276595771313,0.06541398167610168,0.09628332406282425,,,,
,898,,,,,,,,,,0.0007187534938566387,0.014032142236828804,0.1331549882888794,0.10538201779127121,,,,
,899,,,,,,,,,,0.00037321768468245864,0.013129916042089462,0.08672043681144714,0.15140508115291595,,,,
,900,,,,,,,,,,0.00023965511354617774,0.010191520676016808,0.053386859595775604,0.19089938700199127,,,,
,9009,,,,,264,,,,,,,,,0.00031877713627181947,0.010220596566796303,0.07917174696922302,0.1394183188676834
,9009,,,,,264,0.0005027907318435609,0.011858975514769554,0.09669745713472366,0.1244242787361145,,,,,,,,
0.0009111998395315704,9041,,,,,,,,,,,,,,,,,
0.0009111998395315704,9041,,,,,,,,,,,,,,,,,
0.0009111998395315704,9041,,,,,,,,,,,,,,,,,
0.0009111998395315704,9041,,,,,,,,,,,,,,,,,
,9041,0.00019989052088931203,0.008462879806756973,0.10141097754240036,0.08345130831003189,265,,,,,,,,,,,,
,9043,,,,,265,0.0005088281468488276,0.01195133663713932,0.09669740498065948,0.12422510236501694,,,,,,,,
0.0009102068259327901,9074,,,,,,,,,,,,,,,,,
0.0009102068259327901,9074,,,,,,,,,,,,,,,,,
0.0009102068259327901,9074,,,,,,,,,,,,,,,,,
0.0009102068259327901,9074,,,,,,,,,,,,,,,,,
,9074,0.00021761481184512377,0.010080883279442787,0.09228603541851044,0.10923518240451813,266,,,,,,,,,,,,
,9077,,,,,266,0.00046682541142217815,0.011878211982548237,0.09669745713472366,0.12487669289112091,,,,,,,,
0.0009092088389581116,9107,,,,,,,,,,,,,,,,,
0.0009092088389581116,9107,,,,,,,,,,,,,,,,,
0.0009092088389581116,9107,,,,,,,,,,,,,,,,,
0.0009092088389581116,9107,,,,,,,,,,,,,,,,,
,9107,0.0002014102356042713,0.009245865978300571,0.07896825671195984,0.11708331108093262,267,,,,,,,,,,,,
,9111,,,,,267,0.0005258393357507885,0.012145458720624447,0.09669742733240128,0.12698207795619965,,,,,,,,
0.0009082058907219651,9140,,,,,,,,,,,,,,,,,
0.0009082058907219651,9140,,,,,,,,,,,,,,,,,
0.0009082058907219651,9140,,,,,,,,,,,,,,,,,
0.0009082058907219651,9140,,,,,,,,,,,,,,,,,
,9140,0.00041286525083705783,0.014278149232268333,0.09843754023313522,0.14504778385162354,268,,,,,,,,,,,,
,9145,,,,,268,0.0005144468159414828,0.012698103673756123,0.09669741988182068,0.13349652290344238,,,,,,,,
0.000907197993399003,9173,,,,,,,,,,,,,,,,,
0.000907197993399003,9173,,,,,,,,,,,,,,,,,
0.000907197993399003,9173,,,,,,,,,,,,,,,,,
0.000907197993399003,9173,,,,,,,,,,,,,,,,,
,9173,0.0005982005386613309,0.015467377379536629,0.09391772747039795,0.16469068825244904,269,,,,,,,,,,,,
,901,,,,,,,,,,0.0006102364277467132,0.015636898577213287,0.09195023030042648,0.1700582653284073,,,,
,902,,,,,,,,,,6.096997458371334e-05,0.006249331869184971,0.039159953594207764,0.15958471596240997,,,,
,903,,,,,,,,,,0.00024210161063820124,0.011379895731806755,0.07243724912405014,0.15710003674030304,,,,
,904,,,,,,,,,,0.0005420000525191426,0.012802094221115112,0.09695577621459961,0.13204054534435272,,,,
,905,,,,,,,,,,0.00025944103254005313,0.010869024321436882,0.08865968883037567,0.12259261310100555,,,,
,906,,,,,,,,,,0.0005025854334235191,0.01495166402310133,0.05721943825483322,0.2613038718700409,,,,
,907,,,,,,,,,,9.985300130210817e-05,0.007648679427802563,0.025477152317762375,0.3002170920372009,,,,
,908,,,,,,,,,,0.00033096998231485486,0.013011598959565163,0.06866084039211273,0.18950535356998444,,,,
,909,,,,,,,,,,0.0002600263396743685,0.011474060826003551,0.11188463866710663,0.10255259275436401,,,,
,910,,,,,,,,,,0.0002625615743454546,0.012435725890100002,0.10694815963506699,0.11627805978059769,,,,
,911,,,,,,,,,,0.0003594465088099241,0.013403799384832382,0.08197197318077087,0.1635168343782425,,,,
,912,,,,,,,,,,0.0008424695115536451,0.019831974059343338,0.07832591235637665,0.2531980872154236,,,,
,913,,,,,,,,,,0.0006412692600861192,0.01510325726121664,0.07550571858882904,0.2000279724597931,,,,
,914,,,,,,,,,,0.0002580304862931371,0.011538125574588776,0.06541398167610168,0.17638620734214783,,,,
,915,,,,,,,,,,0.00022007207735441625,0.01101315300911665,0.1331549882888794,0.08270927518606186,,,,
,916,,,,,,,,,,0.0003237135533709079,0.010982572101056576,0.08672043681144714,0.12664340436458588,,,,
,917,,,,,,,,,,3.160199776175432e-05,0.004542737267911434,0.053386859595775604,0.08509090542793274,,,,
,9179,,,,,269,,,,,,,,,0.00035281875170767307,0.012143374420702457,0.07917174696922302,0.1668911725282669
,9179,,,,,269,0.0007003354839980602,0.014846179634332657,0.09669744968414307,0.15532322227954865,,,,,,,,
0.0009061851592239559,9206,,,,,,,,,,,,,,,,,
0.0009061851592239559,9206,,,,,,,,,,,,,,,,,
0.0009061851592239559,9206,,,,,,,,,,,,,,,,,
0.0009061851592239559,9206,,,,,,,,,,,,,,,,,
,9206,0.00014389323769137263,0.007551748305559158,0.11123721301555634,0.06788867712020874,270,,,,,,,,,,,,
,9213,,,,,270,0.0005311759887263179,0.013397427275776863,0.09669743478298187,0.1401536464691162,,,,,,,,
0.00090516740049148,9239,,,,,,,,,,,,,,,,,
0.00090516740049148,9239,,,,,,,,,,,,,,,,,
0.00090516740049148,9239,,,,,,,,,,,,,,,,,
0.00090516740049148,9239,,,,,,,,,,,,,,,,,
,9239,0.0001903204683912918,0.010503780096769333,0.07607045024633408,0.13807961344718933,271,,,,,,,,,,,,
,9247,,,,,271,0.0004937180783599615,0.012476651929318905,0.09669739753007889,0.13033711910247803,,,,,,,,
0.0009041447295560116,9272,,,,,,,,,,,,,,,,,
0.0009041447295560116,9272,,,,,,,,,,,,,,,,,
0.0009041447295560116,9272,,,,,,,,,,,,,,,,,
0.0009041447295560116,9272,,,,,,,,,,,,,,,,,
,9272,0.0004223699797876179,0.012611351907253265,0.11144474148750305,0.11316236853599548,272,,,,,,,,,,,,
,9281,,,,,272,0.0006659890059381723,0.014934993349015713,0.09669741988182068,0.15539120137691498,,,,,,,,
0.0009031171588316151,9305,,,,,,,,,,,,,,,,,
0.0009031171588316151,9305,,,,,,,,,,,,,,,,,
0.0009031171588316151,9305,,,,,,,,,,,,,,,,,
0.0009031171588316151,9305,,,,,,,,,,,,,,,,,
,9305,0.0004633988719433546,0.0121487807482481,0.09628453850746155,0.12617580592632294,273,,,,,,,,,,,,
,9315,,,,,273,0.0006698052166029811,0.014273162931203842,0.09669743478298187,0.14970438182353973,,,,,,,,
0.0009020847007918337,9338,,,,,,,,,,,,,,,,,
0.0009020847007918337,9338,,,,,,,,,,,,,,,,,
0.0009020847007918337,9338,,,,,,,,,,,,,,,,,
0.0009020847007918337,9338,,,,,,,,,,,,,,,,,
,9338,0.0005032531917095184,0.01599711738526821,0.07979709655046463,0.2004723995923996,274,,,,,,,,,,,,
,918,,,,,,,,,,0.0001836518495110795,0.008815594017505646,0.09195023030042648,0.09587352722883224,,,,
,919,,,,,,,,,,0.0004515195614658296,0.009951991029083729,0.039159953594207764,0.2541368901729584,,,,
,920,,,,,,,,,,0.00021457183174788952,0.008787673898041248,0.07243724912405014,0.12131427973508835,,,,
,921,,,,,,,,,,0.0011808963026851416,0.013070370070636272,0.09695577621459961,0.1348075270652771,,,,
,922,,,,,,,,,,0.0008537982357665896,0.015386472456157207,0.08865968883037567,0.17354528605937958,,,,
,923,,,,,,,,,,0.00015199440531432629,0.008129548281431198,0.05721943825483322,0.14207665622234344,,,,
,924,,,,,,,,,,0.0001469349954277277,0.006270199082791805,0.025477152317762375,0.24611057341098785,,,,
,925,,,,,,,,,,0.00018223439110442996,0.008639879524707794,0.06866084039211273,0.1258341521024704,,,,
,926,,,,,,,,,,0.0003605482343118638,0.014577850699424744,0.11188463866710663,0.1302935779094696,,,,
,927,,,,,,,,,,0.0008110121707431972,0.01519629918038845,0.10694815963506699,0.1420903205871582,,,,
,928,,,,,,,,,,0.00038404748192988336,0.013215097598731518,0.08197197318077087,0.16121481359004974,,,,
,929,,,,,,,,,,0.0003380600828677416,0.01162391435354948,0.07832591235637665,0.14840443432331085,,,,
,930,,,,,,,,,,0.0005068510072305799,0.013300064951181412,0.07550571858882904,0.17614643275737762,,,,
,931,,,,,,,,,,0.0004409661050885916,0.012463850900530815,0.06541398167610168,0.19053798913955688,,,,
,932,,,,,,,,,,0.00015632380382157862,0.009853255935013294,0.1331549882888794,0.07399839162826538,,,,
,933,,,,,,,,,,0.0011928114108741283,0.016215264797210693,0.08672043681144714,0.18698318302631378,,,,
,934,,,,,,,,,,0.0004805745556950569,0.011052140034735203,0.053386859595775604,0.20701982080936432,,,,
,9349,,,,,274,,,,,,,,,0.00047253098455257714,0.011576183140277863,0.07917174696922302,0.15808530151844025
,9349,,,,,274,0.0005421051173470914,0.013585180044174194,0.09669743478298187,0.1428416520357132,,,,,,,,
0.000901047367969536,9371,,,,,,,,,,,,,,,,,
0.000901047367969536,9371,,,,,,,,,,,,,,,,,
0.000901047367969536,9371,,,,,,,,,,,,,,,,,
0.000901047367969536,9371,,,,,,,,,,,,,,,,,
,9371,0.0013385096099227667,0.014557900838553905,0.09095437824726105,0.1600571572780609,275,,,,,,,,,,,,
,9383,,,,,275,0.0004998372751288116,0.012018635869026184,0.09669746458530426,0.12543462216854095,,,,,,,,
0.0009000051729567653,9404,,,,,,,,,,,,,,,,,
0.0009000051729567653,9404,,,,,,,,,,,,,,,,,
0.0009000051729567653,9404,,,,,,,,,,,,,,,,,
0.0009000051729567653,9404,,,,,,,,,,,,,,,,,
,9404,0.0005927835591137409,0.013075529597699642,0.09036153554916382,0.14470237493515015,276,,,,,,,,,,,,
,9417,,,,,276,0.0006410630303435028,0.014243838377296925,0.09669744223356247,0.1484123021364212,,,,,,,,
0.0008989581284045856,9437,,,,,,,,,,,,,,,,,
0.0008989581284045856,9437,,,,,,,,,,,,,,,,,
0.0008989581284045856,9437,,,,,,,,,,,,,,,,,
0.0008989581284045856,9437,,,,,,,,,,,,,,,,,
,9437,0.0007172780460678041,0.012237339280545712,0.07493795454502106,0.1632995903491974,277,,,,,,,,,,,,
,9451,,,,,277,0.000585048517677933,0.012708650901913643,0.09669744223356247,0.13301388919353485,,,,,,,,
0.0008979062470229307,9470,,,,,,,,,,,,,,,,,
0.0008979062470229307,9470,,,,,,,,,,,,,,,,,
0.0008979062470229307,9470,,,,,,,,,,,,,,,,,
0.0008979062470229307,9470,,,,,,,,,,,,,,,,,
,9470,7.295123941730708e-05,0.006255710497498512,0.08500777184963226,0.07358985394239426,278,,,,,,,,,,,,
,9485,,,,,278,0.0005773910670541227,0.013745142146945,0.09669743478298187,0.14358565211296082,,,,,,,,
0.0008968495415804458,9503,,,,,,,,,,,,,,,,,
0.0008968495415804458,9503,,,,,,,,,,,,,,,,,
0.0008968495415804458,9503,,,,,,,,,,,,,,,,,
0.0008968495415804458,9503,,,,,,,,,,,,,,,,,
,9503,0.0002240433677798137,0.009054162539541721,0.0954618901014328,0.09484582394361496,279,,,,,,,,,,,,
,935,,,,,,,,,,9.694410255178809e-05,0.007489015813916922,0.09195023030042648,0.08144639432430267,,,,
,936,,,,,,,,,,0.00012506640632636845,0.007499260827898979,0.039159953594207764,0.19150325655937195,,,,
,937,,,,,,,,,,0.000859041407238692,0.013527247123420238,0.07243724912405014,0.1867443323135376,,,,
,938,,,,,,,,,,0.0001766087079886347,0.009836854413151741,0.09695577621459961,0.10145711898803711,,,,
,939,,,,,,,,,,0.0001230136549565941,0.007750298827886581,0.08865968883037567,0.08741625398397446,,,,
,940,,,,,,,,,,0.0003694395418278873,0.011046509258449078,0.05721943825483322,0.1930551528930664,,,,
,941,,,,,,,,,,0.0006689857691526413,0.01066419668495655,0.025477152317762375,0.4185786545276642,,,,
,942,,,,,,,,,,0.00012846272147726268,0.006649712100625038,0.06866084039211273,0.09684867411851883,,,,
,943,,,,,,,,,,0.0008840151131153107,0.01749482750892639,0.11188463866710663,0.15636485815048218,,,,
,944,,,,,,,,,,0.0002205224009230733,0.009984445758163929,0.10694815963506699,0.09335780143737793,,,,
,945,,,,,,,,,,0.00025046494556590915,0.00970435794442892,0.08197197318077087,0.11838627606630325,,,,
,946,,,,,,,,,,0.00053595524514094,0.01446312665939331,0.07832591235637665,0.1846531331539154,,,,
,947,,,,,,,,,,0.0007867798558436334,0.012227902188897133,0.07550571858882904,0.16194668412208557,,,,
,948,,,,,,,,,,0.00010542233940213919,0.006895243190228939,0.06541398167610168,0.10540930181741714,,,,
,949,,,,,,,,,,0.0003751920012291521,0.013450760394334793,0.1331549882888794,0.10101581364870071,,,,
,950,,,,,,,,,,0.0004338845319580287,0.012639475986361504,0.08672043681144714,0.14574965834617615,,,,
,951,,,,,,,,,,0.00029225670732557774,0.012812632136046886,0.053386859595775604,0.23999594151973724,,,,
,9519,,,,,279,,,,,,,,,0.0003807976027019322,0.010775347240269184,0.07917174696922302,0.15433987975120544
,9519,,,,,279,0.000608766102232039,0.013528896495699883,0.09669740498065948,0.1416160613298416,,,,,,,,
0.0008957880249043362,9536,,,,,,,,,,,,,,,,,
0.0008957880249043362,9536,,,,,,,,,,,,,,,,,
0.0008957880249043362,9536,,,,,,,,,,,,,,,,,
0.0008957880249043362,9536,,,,,,,,,,,,,,,,,
,9536,0.0006822407594881952,0.01271577924489975,0.09832172840833664,0.12932826578617096,280,,,,,,,,,,,,
,9553,,,,,280,0.0005499616381712258,0.01272796280682087,0.09669742733240128,0.1328807771205902,,,,,,,,
0.0008947217098802088,9569,,,,,,,,,,,,,,,,,
0.0008947217098802088,9569,,,,,,,,,,,,,,,,,
0.0008947217098802088,9569,,,,,,,,,,,,,,,,,
0.0008947217098802088,9569,,,,,,,,,,,,,,,,,
,9569,0.0006251835729926825,0.013084436766803265,0.09654446691274643,0.13552755117416382,281,,,,,,,,,,,,
,9587,,,,,281,0.0004784300981555134,0.01171354204416275,0.09669742733240128,0.12142377346754074,,,,,,,,
0.0008936506094519193,9602,,,,,,,,,,,,,,,,,
0.0008936506094519193,9602,,,,,,,,,,,,,,,,,
0.0008936506094519193,9602,,,,,,,,,,,,,,,,,
0.0008936506094519193,9602,,,,,,,,,,,,,,,,,
,9602,0.0007894711452536285,0.012663265690207481,0.11252014338970184,0.11254219710826874,282,,,,,,,,,,,,
,9621,,,,,282,0.0005308849504217505,0.012499288655817509,0.09669741243124008,0.13100215792655945,,,,,,,,
0.0008925747366214104,9635,,,,,,,,,,,,,,,,,
0.0008925747366214104,9635,,,,,,,,,,,,,,,,,
0.0008925747366214104,9635,,,,,,,,,,,,,,,,,
0.0008925747366214104,9635,,,,,,,,,,,,,,,,,
,9635,0.0005093931686133146,0.011288928799331188,0.09524776041507721,0.11852171272039413,283,,,,,,,,,,,,
,9655,,,,,283,0.000506495707668364,0.012286938726902008,0.09669740498065948,0.12796953320503235,,,,,,,,
0.0008914941044485572,9668,,,,,,,,,,,,,,,,,
0.0008914941044485572,9668,,,,,,,,,,,,,,,,,
0.0008914941044485572,9668,,,,,,,,,,,,,,,,,
0.0008914941044485572,9668,,,,,,,,,,,,,,,,,
,9668,0.00021732255117967725,0.011076584458351135,0.10649027675390244,0.10401497781276703,284,,,,,,,,,,,,
,952,,,,,,,,,,0.0006758541567251086,0.014343513175845146,0.09195023030042648,0.15599212050437927,,,,
,953,,,,,,,,,,0.0008857282809913158,0.015924641862511635,0.039159953594207764,0.4066562056541443,,,,
,954,,,,,,,,,,0.001015745336189866,0.015413890592753887,0.07243724912405014,0.21278953552246094,,,,
,955,,,,,,,,,,0.0005321265198290348,0.012671589851379395,0.09695577621459961,0.13069452345371246,,,,
,956,,,,,,,,,,0.0009089945815503597,0.014144988730549812,0.08865968883037567,0.1595424860715866,,,,
,957,,,,,,,,,,0.000619086145889014,0.013510840944945812,0.05721943825483322,0.2361232340335846,,,,
,958,,,,,,,,,,0.00034625755506567657,0.008080210536718369,0.025477152317762375,0.31715503334999084,,,,
,959,,,,,,,,,,0.0004739724099636078,0.008930953219532967,0.06866084039211273,0.1300734430551529,,,,
,960,,,,,,,,,,0.0013848801609128714,0.019449852406978607,0.11188463866710663,0.17383843660354614,,,,
,961,,,,,,,,,,0.00020772420975845307,0.010143984109163284,0.10694815963506699,0.09484953433275223,,,,
,962,,,,,,,,,,0.00044979792437516153,0.01133390050381422,0.08197197318077087,0.13826553523540497,,,,
,963,,,,,,,,,,0.0020369505509734154,0.025241022929549217,0.07832591235637665,0.32225632667541504,,,,
,964,,,,,,,,,,0.0008069436880759895,0.014779780060052872,0.07550571858882904,0.19574382901191711,,,,
,965,,,,,,,,,,0.00063476333161816,0.014339967630803585,0.06541398167610168,0.2192186564207077,,,,
,966,,,,,,,,,,0.0013180915266275406,0.01908647082746029,0.1331549882888794,0.14334024488925934,,,,
,967,,,,,,,,,,0.0006233545718714595,0.012969519942998886,0.08672043681144714,0.149555504322052,,,,
,968,,,,,,,,,,0.00038126189610920846,0.009866170585155487,0.053386859595775604,0.18480518460273743,,,,
,9689,,,,,284,,,,,,,,,0.0007938187336549163,0.014252190478146076,0.07917174696922302,0.19867055118083954
,9689,,,,,284,0.0005437392392195761,0.012024334631860256,0.09669744223356247,0.1264803260564804,,,,,,,,
0.0008904087260510082,9701,,,,,,,,,,,,,,,,,
0.0008904087260510082,9701,,,,,,,,,,,,,,,,,
0.0008904087260510082,9701,,,,,,,,,,,,,,,,,
0.0008904087260510082,9701,,,,,,,,,,,,,,,,,
,9701,0.0005704959621652961,0.012328790500760078,0.12588584423065186,0.09793626517057419,285,,,,,,,,,,,,
,9723,,,,,285,0.0005019363597966731,0.012678057886660099,0.09669743478298187,0.13279284536838531,,,,,,,,
0.0008893186146040257,9734,,,,,,,,,,,,,,,,,
0.0008893186146040257,9734,,,,,,,,,,,,,,,,,
0.0008893186146040257,9734,,,,,,,,,,,,,,,,,
0.0008893186146040257,9734,,,,,,,,,,,,,,,,,
,9734,0.00039928260957822204,0.008890906348824501,0.0980762243270874,0.09065301716327667,286,,,,,,,,,,,,
,9757,,,,,286,0.000554691010620445,0.01330881379544735,0.09669740498065948,0.13847841322422028,,,,,,,,
0.0008882237833403252,9767,,,,,,,,,,,,,,,,,
0.0008882237833403252,9767,,,,,,,,,,,,,,,,,
0.0008882237833403252,9767,,,,,,,,,,,,,,,,,
0.0008882237833403252,9767,,,,,,,,,,,,,,,,,
,9767,0.0001102426613215357,0.006811374332755804,0.09939150512218475,0.06853074580430984,287,,,,,,,,,,,,
,9791,,,,,287,0.0005126698524691164,0.011898850090801716,0.09669744968414307,0.1246049553155899,,,,,,,,
0.0008871242455499152,9800,,,,,,,,,,,,,,,,,
0.0008871242455499152,9800,,,,,,,,,,,,,,,,,
0.0008871242455499152,9800,,,,,,,,,,,,,,,,,
0.0008871242455499152,9800,,,,,,,,,,,,,,,,,
,9800,0.000446775637101382,0.012398315593600273,0.07578426599502563,0.1636001020669937,288,,,,,,,,,,,,
,9825,,,,,288,0.0004711620567832142,0.012351789511740208,0.09669742733240128,0.12894172966480255,,,,,,,,
0.0008860200145799373,9833,,,,,,,,,,,,,,,,,
0.0008860200145799373,9833,,,,,,,,,,,,,,,,,
0.0008860200145799373,9833,,,,,,,,,,,,,,,,,
0.0008860200145799373,9833,,,,,,,,,,,,,,,,,
,9833,0.0001153037155745551,0.006801524665206671,0.07678728550672531,0.08857617527246475,289,,,,,,,,,,,,
,969,,,,,,,,,,0.0008028943557292223,0.012957452796399593,0.09195023030042648,0.1409180909395218,,,,
,970,,,,,,,,,,8.547691686544567e-05,0.0057592084631323814,0.039159953594207764,0.1470687836408615,,,,
,971,,,,,,,,,,0.00018332194304093719,0.008094273507595062,0.07243724912405014,0.11174185574054718,,,,
,972,,,,,,,,,,0.00023446667182724923,0.008568027056753635,0.09695577621459961,0.08837045729160309,,,,
,973,,,,,,,,,,0.00039114448009058833,0.011946436017751694,0.08865968883037567,0.1347448229789734,,,,
,974,,,,,,,,,,0.0001662263530306518,0.007437573280185461,0.05721943825483322,0.1299833059310913,,,,
,975,,,,,,,,,,7.889174594311044e-05,0.005482340231537819,0.025477152317762375,0.2151864618062973,,,,
,976,,,,,,,,,,0.00015584818902425468,0.007403727155178785,0.06866084039211273,0.10783040523529053,,,,
,977,,,,,,,,,,0.00023320317268371582,0.009890934452414513,0.11188463866710663,0.08840296417474747,,,,
,978,,,,,,,,,,0.00047852983698248863,0.012157442979514599,0.10694815963506699,0.1136760264635086,,,,
,979,,,,,,,,,,0.00031662301626056433,0.011995519511401653,0.08197197318077087,0.14633682370185852,,,,
,980,,,,,,,,,,0.0001308544015046209,0.007008676882833242,0.07832591235637665,0.0894809365272522,,,,
,981,,,,,,,,,,0.0006088860100135207,0.010119307786226273,0.07550571858882904,0.13402040302753448,,,,
,982,,,,,,,,,,7.80583213781938e-05,0.00639068428426981,0.06541398167610168,0.0976959839463234,,,,
,983,,,,,,,,,,0.000787337776273489,0.01193660032004118,0.1331549882888794,0.0896444022655487,,,,
,984,,,,,,,,,,0.00011694106797222048,0.0062500834465026855,0.08672043681144714,0.0720716267824173,,,,
,985,,,,,,,,,,4.2131072405027226e-05,0.004259948153048754,0.053386859595775604,0.07979393005371094,,,,
,9859,,,,,289,,,,,,,,,0.00029465925763361156,0.008811275474727154,0.07917174696922302,0.1179320365190506
,9859,,,,,289,0.0004171177570242435,0.011194863356649876,0.09669744223356247,0.11774962395429611,,,,,,,,
0.0008849111038345018,9866,,,,,,,,,,,,,,,,,
0.0008849111038345018,9866,,,,,,,,,,,,,,,,,
0.0008849111038345018,9866,,,,,,,,,,,,,,,,,
0.0008849111038345018,9866,,,,,,,,,,,,,,,,,
,9866,0.0005903011187911034,0.012062652967870235,0.08647366613149643,0.1394950896501541,290,,,,,,,,,,,,
,9893,,,,,290,0.0004635165387298912,0.011188443750143051,0.09669744968414307,0.11719174683094025,,,,,,,,
0.000883797526774527,9899,,,,,,,,,,,,,,,,,
0.000883797526774527,9899,,,,,,,,,,,,,,,,,
0.000883797526774527,9899,,,,,,,,,,,,,,,,,
0.000883797526774527,9899,,,,,,,,,,,,,,,,,
,9899,0.0009696653578430414,0.014684200286865234,0.09942426532506943,0.14769230782985687,291,,,,,,,,,,,,
,9927,,,,,291,0.00044038292253389955,0.011681724339723587,0.09669741988182068,0.12313075363636017,,,,,,,,
0.0008826792969175748,9932,,,,,,,,,,,,,,,,,
0.0008826792969175748,9932,,,,,,,,,,,,,,,,,
0.0008826792969175748,9932,,,,,,,,,,,,,,,,,
0.0008826792969175748,9932,,,,,,,,,,,,,,,,,
,9932,0.000271407188847661,0.010847292840480804,0.10642906278371811,0.10192038863897324,292,,,,,,,,,,,,
,9961,,,,,292,0.0004477931361179799,0.011222884058952332,0.09669744968414307,0.1176532655954361,,,,,,,,
0.0008815564278376861,9965,,,,,,,,,,,,,,,,,
0.0008815564278376861,9965,,,,,,,,,,,,,,,,,
0.0008815564278376861,9965,,,,,,,,,,,,,,,,,
0.0008815564278376861,9965,,,,,,,,,,,,,,,,,
,9965,0.001376695348881185,0.013969908468425274,0.12743595242500305,0.10962297022342682,293,,,,,,,,,,,,
,9995,,,,,293,0.0005382553208619356,0.012398403137922287,0.09669740498065948,0.1293853372335434,,,,,,,,
0.0008804289331652176,9998,,,,,,,,,,,,,,,,,
0.0008804289331652176,9998,,,,,,,,,,,,,,,,,
0.0008804289331652176,9998,,,,,,,,,,,,,,,,,
0.0008804289331652176,9998,,,,,,,,,,,,,,,,,
,9998,0.000399960670620203,0.014037291519343853,0.0966220498085022,0.1452804058790207,294,,,,,,,,,,,,
,986,,,,,,,,,,0.0006628379924222827,0.013710576109588146,0.09195023030042648,0.1491086483001709,,,,
,987,,,,,,,,,,0.0002682179620023817,0.009624257683753967,0.039159953594207764,0.24576778709888458,,,,
,988,,,,,,,,,,0.00014667928917333484,0.008321590721607208,0.07243724912405014,0.11487998068332672,,,,
,989,,,,,,,,,,0.0007143721450120211,0.014368454925715923,0.09695577621459961,0.14819595217704773,,,,
,990,,,,,,,,,,0.0003275045892223716,0.01199762336909771,0.08865968883037567,0.1353221833705902,,,,
,991,,,,,,,,,,0.0005183931207284331,0.012164237909018993,0.05721943825483322,0.21258921921253204,,,,
,992,,,,,,,,,,0.00016539861098863184,0.008808404207229614,0.025477152317762375,0.3457372486591339,,,,
,993,,,,,,,,,,0.0009494287660345435,0.015043830499053001,0.06866084039211273,0.21910347044467926,,,,
,994,,,,,,,,,,0.00042225077049806714,0.012029937468469143,0.11188463866710663,0.10752089321613312,,,,
,995,,,,,,,,,,0.000733846565708518,0.017207762226462364,0.10694815963506699,0.1608981490135193,,,,
,996,,,,,,,,,,6.902149470988661e-05,0.006843531504273415,0.08197197318077087,0.08348622918128967,,,,
,997,,,,,,,,,,0.00020649060024879873,0.00911218486726284,0.07832591235637665,0.11633677035570145,,,,
,998,,,,,,,,,,0.00069948541931808,0.013271789066493511,0.07550571858882904,0.17577195167541504,,,,
,999,,,,,,,,,,0.00012127667287131771,0.007367544807493687,0.06541398167610168,0.1126294955611229,,,,
,1000,,,,,,,,,,0.0013158575166016817,0.018713198602199554,0.1331549882888794,0.14053696393966675,,,,
,1001,,,,,,,,,,0.0005004316917620599,0.015174729749560356,0.08672043681144714,0.17498445510864258,,,,
,1002,,,,,,,,,,0.000419713236624375,0.013734984211623669,0.053386859595775604,0.2572726905345917,,,,
,10029,,,,,294,,,,,,,,,0.0004866217786911875,0.012162200175225735,0.07917174696922302,0.16813884675502777
,10029,,,,,294,0.0005090789054520428,0.012574504129588604,0.09669740498065948,0.13184228539466858,,,,,,,,
0.0008792968265866751,10031,,,,,,,,,,,,,,,,,
0.0008792968265866751,10031,,,,,,,,,,,,,,,,,
0.0008792968265866751,10031,,,,,,,,,,,,,,,,,
0.0008792968265866751,10031,,,,,,,,,,,,,,,,,
,10031,0.0005947460886090994,0.013780917972326279,0.07672815024852753,0.17960704863071442,295,,,,,,,,,,,,
,10063,,,,,295,0.0005201136227697134,0.01236521452665329,0.09669747203588486,0.12916794419288635,,,,,,,,
0.0008781601218445472,10064,,,,,,,,,,,,,,,,,
0.0008781601218445472,10064,,,,,,,,,,,,,,,,,
0.0008781601218445472,10064,,,,,,,,,,,,,,,,,
0.0008781601218445472,10064,,,,,,,,,,,,,,,,,
,10064,0.00010569093137746677,0.006438979879021645,0.08054722100496292,0.07994042336940765,296,,,,,,,,,,,,
0.00087701883273714,10097,,,,,,,,,,,,,,,,,
,10097,0.0006894759135320783,0.015777239575982094,0.11208917200565338,0.14075613021850586,296,,,,,,,,,,,,
,10097,,,,,296,0.0004901996580883861,0.01217141468077898,0.09669744968414307,0.1266588568687439,,,,,,,,
0.0008758729731184079,10130,,,,,,,,,,,,,,,,,
0.0008758729731184079,10130,,,,,,,,,,,,,,,,,
0.0008758729731184079,10130,,,,,,,,,,,,,,,,,
0.0008758729731184079,10130,,,,,,,,,,,,,,,,,
,10130,0.0016556510236114264,0.01622716709971428,0.09726914018392563,0.1668274849653244,297,,,,,,,,,,,,
,10131,,,,,297,0.0004986218991689384,0.012207100167870522,0.09669742733240128,0.12753760814666748,,,,,,,,
0.0008747225568977859,10163,,,,,,,,,,,,,,,,,
0.0008747225568977859,10163,,,,,,,,,,,,,,,,,
0.0008747225568977859,10163,,,,,,,,,,,,,,,,,
0.0008747225568977859,10163,,,,,,,,,,,,,,,,,
,10163,0.001008043996989727,0.01201201044023037,0.09284605830907822,0.12937554717063904,298,,,,,,,,,,,,
,10165,,,,,298,0.0004467771796043962,0.011182909831404686,0.09669741243124008,0.11676575243473053,,,,,,,,
0.000873567598040022,10196,,,,,,,,,,,,,,,,,
0.000873567598040022,10196,,,,,,,,,,,,,,,,,
0.000873567598040022,10196,,,,,,,,,,,,,,,,,
0.000873567598040022,10196,,,,,,,,,,,,,,,,,
,10196,0.0004237997345626354,0.011611171066761017,0.10133634507656097,0.11458050459623337,299,,,,,,,,,,,,
,1003,,,,,,,,,,0.00018030624778475612,0.006989891640841961,0.09195023030042648,0.07601819932460785,,,,
,1004,,,,,,,,,,0.00017524795839563012,0.00851457566022873,0.039159953594207764,0.21743063628673553,,,,
,1005,,,,,,,,,,0.00025834160624071956,0.00918239913880825,0.07243724912405014,0.1267634779214859,,,,
,1006,,,,,,,,,,0.0011661554453894496,0.01221278216689825,0.09695577621459961,0.12596239149570465,,,,
,1007,,,,,,,,,,0.0005491444026120007,0.015130339190363884,0.08865968883037567,0.17065633833408356,,,,
,1008,,,,,,,,,,0.00010059549094876274,0.006365506909787655,0.05721943825483322,0.11124726384878159,,,,
,1009,,,,,,,,,,0.00013585998385678977,0.005583928432315588,0.025477152317762375,0.2191738784313202,,,,
,1010,,,,,,,,,,0.00043173597077839077,0.012044183909893036,0.06866084039211273,0.17541559040546417,,,,
,1011,,,,,,,,,,0.0003177413309458643,0.011104950681328773,0.11188463866710663,0.0992535725235939,,,,
,1012,,,,,,,,,,0.0013551078736782074,0.018595848232507706,0.10694815963506699,0.17387719452381134,,,,
,1013,,,,,,,,,,0.0005177328712306917,0.013908205553889275,0.08197197318077087,0.1696702390909195,,,,
,1014,,,,,,,,,,0.00010212208144366741,0.006581397261470556,0.07832591235637665,0.0840257853269577,,,,
,1015,,,,,,,,,,0.00015671970322728157,0.0077154203318059444,0.07550571858882904,0.10218324512243271,,,,
,1016,,,,,,,,,,0.0003908001526724547,0.011432809755206108,0.06541398167610168,0.17477621138095856,,,,
,1017,,,,,,,,,,0.00046919737360440195,0.01215700339525938,0.1331549882888794,0.0912996381521225,,,,
,1018,,,,,,,,,,0.001238461583852768,0.013712845742702484,0.08672043681144714,0.15812702476978302,,,,
,1019,,,,,,,,,,3.277831638115458e-05,0.004226084798574448,0.053386859595775604,0.07915963232517242,,,,
,10199,,,,,299,,,,,,,,,0.00045747801777906716,0.010493895970284939,0.07917174696922302,0.14021529257297516
,10199,,,,,299,0.0005318346084095538,0.011984705924987793,0.09669743478298187,0.1250298023223877,,,,,,,,
0.0008724081105650054,10229,,,,,,,,,,,,,,,,,
0.0008724081105650054,10229,,,,,,,,,,,,,,,,,
0.0008724081105650054,10229,,,,,,,,,,,,,,,,,
0.0008724081105650054,10229,,,,,,,,,,,,,,,,,
,10229,0.00013018277240917087,0.006930741481482983,0.09261845052242279,0.07483110576868057,300,,,,,,,,,,,,
,10233,,,,,300,0.0004948786809109151,0.011701229959726334,0.09669740498065948,0.12244784832000732,,,,,,,,
0.0008712441085475982,10262,,,,,,,,,,,,,,,,,
0.0008712441085475982,10262,,,,,,,,,,,,,,,,,
0.0008712441085475982,10262,,,,,,,,,,,,,,,,,
0.0008712441085475982,10262,,,,,,,,,,,,,,,,,
,10262,0.000367934990208596,0.01451079547405243,0.10087274760007858,0.14385247230529785,301,,,,,,,,,,,,
,10267,,,,,301,0.0006007133051753044,0.01375539880245924,0.09669741988182068,0.14336419105529785,,,,,,,,
0.0008700756061174642,10295,,,,,,,,,,,,,,,,,
0.0008700756061174642,10295,,,,,,,,,,,,,,,,,
0.0008700756061174642,10295,,,,,,,,,,,,,,,,,
0.0008700756061174642,10295,,,,,,,,,,,,,,,,,
,10295,7.380051829386503e-05,0.006508365273475647,0.10336783528327942,0.06296315044164658,302,,,,,,,,,,,,
,10301,,,,,302,0.0005488008609972894,0.012519867159426212,0.09669744223356247,0.13015010952949524,,,,,,,,
0.0008689026174588967,10328,,,,,,,,,,,,,,,,,
0.0008689026174588967,10328,,,,,,,,,,,,,,,,,
0.0008689026174588967,10328,,,,,,,,,,,,,,,,,
0.0008689026174588967,10328,,,,,,,,,,,,,,,,,
,10328,0.0001892910513561219,0.008563017472624779,0.08098495006561279,0.1057358980178833,303,,,,,,,,,,,,
,10335,,,,,303,0.00042871167534030974,0.012096865102648735,0.09669741243124008,0.12682099640369415,,,,,,,,
0.0008677251568106465,10361,,,,,,,,,,,,,,,,,
0.0008677251568106465,10361,,,,,,,,,,,,,,,,,
0.0008677251568106465,10361,,,,,,,,,,,,,,,,,
0.0008677251568106465,10361,,,,,,,,,,,,,,,,,
,10361,0.0004714532697107643,0.010635269805788994,0.08308463543653488,0.1280052363872528,304,,,,,,,,,,,,
,1020,,,,,,,,,,0.00015783873095642775,0.011311767622828484,0.09195023030042648,0.12302053719758987,,,,
,1021,,,,,,,,,,0.00024315257905982435,0.011747471056878567,0.039159953594207764,0.2999867796897888,,,,
,1022,,,,,,,,,,0.0003790851915255189,0.015270419418811798,0.07243724912405014,0.2108089029788971,,,,
,1023,,,,,,,,,,0.0007778556318953633,0.016363004222512245,0.09695577621459961,0.16876769065856934,,,,
,1024,,,,,,,,,,0.00029050069861114025,0.013796794228255749,0.08865968883037567,0.1556151658296585,,,,
,1025,,,,,,,,,,0.0002814265317283571,0.012222337536513805,0.05721943825483322,0.21360459923744202,,,,
,1026,,,,,,,,,,0.0003197012119926512,0.01271279901266098,0.025477152317762375,0.4989880323410034,,,,
,1027,,,,,,,,,,0.00036053190706297755,0.015125567093491554,0.06866084039211273,0.22029390931129456,,,,
,1028,,,,,,,,,,0.00015093802358023822,0.010689858347177505,0.11188463866710663,0.09554356336593628,,,,
,1029,,,,,,,,,,0.0022807305213063955,0.02591586485505104,0.10694815963506699,0.24232172966003418,,,,
,1030,,,,,,,,,,0.0005744114750996232,0.015482185408473015,0.08197197318077087,0.18887166678905487,,,,
,1031,,,,,,,,,,0.00030367658473551273,0.013273569755256176,0.07832591235637665,0.16946585476398468,,,,
,1032,,,,,,,,,,0.00031010498059913516,0.013045519590377808,0.07550571858882904,0.17277522385120392,,,,
,1033,,,,,,,,,,0.00028173753526061773,0.012676535174250603,0.06541398167610168,0.19378934800624847,,,,
,1034,,,,,,,,,,0.0006218121270649135,0.01863289065659046,0.1331549882888794,0.13993383944034576,,,,
,1035,,,,,,,,,,0.0006571675185114145,0.017704203724861145,0.08672043681144714,0.20415258407592773,,,,
,1036,,,,,,,,,,0.00023625118774361908,0.012666774913668633,0.053386859595775604,0.23726385831832886,,,,
,10369,,,,,304,,,,,,,,,0.0004909598501399159,0.014681286178529263,0.07917174696922302,0.20712201297283173
,10369,,,,,304,0.0005287838284857571,0.01275025773793459,0.09669743478298187,0.13263316452503204,,,,,,,,
0.0008665432384657502,10394,,,,,,,,,,,,,,,,,
0.0008665432384657502,10394,,,,,,,,,,,,,,,,,
0.0008665432384657502,10394,,,,,,,,,,,,,,,,,
0.0008665432384657502,10394,,,,,,,,,,,,,,,,,
,10394,0.0009731125901453197,0.012423498556017876,0.11041413247585297,0.11251727491617203,305,,,,,,,,,,,,
,10403,,,,,305,0.0006004319875501096,0.01365659013390541,0.09669741988182068,0.14113381505012512,,,,,,,,
0.0008653568767713544,10427,,,,,,,,,,,,,,,,,
0.0008653568767713544,10427,,,,,,,,,,,,,,,,,
0.0008653568767713544,10427,,,,,,,,,,,,,,,,,
0.0008653568767713544,10427,,,,,,,,,,,,,,,,,
,10427,0.0009056380949914455,0.01215315144509077,0.07138991355895996,0.1702362298965454,306,,,,,,,,,,,,
,10437,,,,,306,0.0004909654962830245,0.012204325757920742,0.09669744223356247,0.12795403599739075,,,,,,,,
0.0008641660861285442,10460,,,,,,,,,,,,,,,,,
0.0008641660861285442,10460,,,,,,,,,,,,,,,,,
0.0008641660861285442,10460,,,,,,,,,,,,,,,,,
0.0008641660861285442,10460,,,,,,,,,,,,,,,,,
,10460,0.0003555976436473429,0.011285427026450634,0.11088666319847107,0.1017744243144989,307,,,,,,,,,,,,
,10471,,,,,307,0.0005868681473657489,0.013077083975076675,0.09669744223356247,0.13621705770492554,,,,,,,,
0.0008629708809921668,10493,,,,,,,,,,,,,,,,,
0.0008629708809921668,10493,,,,,,,,,,,,,,,,,
0.0008629708809921668,10493,,,,,,,,,,,,,,,,,
0.0008629708809921668,10493,,,,,,,,,,,,,,,,,
,10493,0.0003982849302701652,0.012809349223971367,0.07578133791685104,0.16903036832809448,308,,,,,,,,,,,,
,10505,,,,,308,0.0005710314726457,0.013009222224354744,0.09669743478298187,0.13575318455696106,,,,,,,,
0.0008617712758706555,10526,,,,,,,,,,,,,,,,,
0.0008617712758706555,10526,,,,,,,,,,,,,,,,,
0.0008617712758706555,10526,,,,,,,,,,,,,,,,,
0.0008617712758706555,10526,,,,,,,,,,,,,,,,,
,10526,0.0014755520969629288,0.019869593903422356,0.10577880591154099,0.18784095346927643,309,,,,,,,,,,,,
,1037,,,,,,,,,,0.0014417008496820927,0.025106441229581833,0.09195023030042648,0.27304378151893616,,,,
,1038,,,,,,,,,,0.0006882084999233484,0.01332825981080532,0.039159953594207764,0.34035423398017883,,,,
,1039,,,,,,,,,,0.00122349732555449,0.021963229402899742,0.07243724912405014,0.3032034933567047,,,,
,1040,,,,,,,,,,0.0005300263874232769,0.013878986239433289,0.09695577621459961,0.14314758777618408,,,,
,1041,,,,,,,,,,0.00038358743768185377,0.014577658846974373,0.08865968883037567,0.16442260146141052,,,,
,1042,,,,,,,,,,0.000609116512350738,0.01286563090980053,0.05721943825483322,0.22484716773033142,,,,
,1043,,,,,,,,,,0.0004908021655865014,0.013800086453557014,0.025477152317762375,0.5416649580001831,,,,
,1044,,,,,,,,,,0.0004961772356182337,0.013471979647874832,0.06866084039211273,0.19621050357818604,,,,
,1045,,,,,,,,,,0.001514326548203826,0.024121075868606567,0.11188463866710663,0.2155887931585312,,,,
,1046,,,,,,,,,,0.002120404038578272,0.0224611796438694,0.10694815963506699,0.2100193053483963,,,,
,1047,,,,,,,,,,0.0005670310347341001,0.015766412019729614,0.08197197318077087,0.19233903288841248,,,,
,1048,,,,,,,,,,0.0007606818107888103,0.016878364607691765,0.07832591235637665,0.21548886597156525,,,,
,1049,,,,,,,,,,0.0008848381112329662,0.018201446160674095,0.07550571858882904,0.24106046557426453,,,,
,1050,,,,,,,,,,0.0007220981642603874,0.019128620624542236,0.06541398167610168,0.2924239933490753,,,,
,1051,,,,,,,,,,0.0007143208640627563,0.020165763795375824,0.1331549882888794,0.15144579112529755,,,,
,1052,,,,,,,,,,0.0005011357134208083,0.013491450808942318,0.08672043681144714,0.15557405352592468,,,,
,1053,,,,,,,,,,7.776706479489803e-05,0.007124264258891344,0.053386859595775604,0.13344600796699524,,,,
,10539,,,,,309,,,,,,,,,0.0008280841866508126,0.01711856946349144,0.07917174696922302,0.2378361076116562
,10539,,,,,309,0.0006250407896004617,0.013623133301734924,0.09669739007949829,0.14243152737617493,,,,,,,,
0.0008605672853258553,10559,,,,,,,,,,,,,,,,,
0.0008605672853258553,10559,,,,,,,,,,,,,,,,,
0.0008605672853258553,10559,,,,,,,,,,,,,,,,,
0.0008605672853258553,10559,,,,,,,,,,,,,,,,,
,10559,0.00040892057586461306,0.01098852138966322,0.07399603724479675,0.1485014706850052,310,,,,,,,,,,,,
,10573,,,,,310,0.0004955020849592984,0.011976159177720547,0.09669742733240128,0.1251022070646286,,,,,,,,
0.0008593589239728452,10592,,,,,,,,,,,,,,,,,
0.0008593589239728452,10592,,,,,,,,,,,,,,,,,
0.0008593589239728452,10592,,,,,,,,,,,,,,,,,
0.0008593589239728452,10592,,,,,,,,,,,,,,,,,
,10592,0.00023397430777549744,0.009348636493086815,0.09714694321155548,0.09623190760612488,311,,,,,,,,,,,,
,10607,,,,,311,0.0005036274087615311,0.011996413581073284,0.09669744968414307,0.12523846328258514,,,,,,,,
0.0008581462064797605,10625,,,,,,,,,,,,,,,,,
0.0008581462064797605,10625,,,,,,,,,,,,,,,,,
0.0008581462064797605,10625,,,,,,,,,,,,,,,,,
0.0008581462064797605,10625,,,,,,,,,,,,,,,,,
,10625,0.0015669020358473063,0.01792558841407299,0.08965682983398438,0.19993554055690765,312,,,,,,,,,,,,
,10641,,,,,312,0.0004991808091290295,0.012930827215313911,0.09669740498065948,0.13623423874378204,,,,,,,,
0.0008569291475676162,10658,,,,,,,,,,,,,,,,,
0.0008569291475676162,10658,,,,,,,,,,,,,,,,,
0.0008569291475676162,10658,,,,,,,,,,,,,,,,,
0.0008569291475676162,10658,,,,,,,,,,,,,,,,,
,10658,0.00039466231828555465,0.010386107489466667,0.0765124261379242,0.13574405014514923,313,,,,,,,,,,,,
,10675,,,,,313,0.00043882764293812215,0.0113887470215559,0.09669741988182068,0.12075802683830261,,,,,,,,
0.0008557077620101244,10691,,,,,,,,,,,,,,,,,
0.0008557077620101244,10691,,,,,,,,,,,,,,,,,
0.0008557077620101244,10691,,,,,,,,,,,,,,,,,
0.0008557077620101244,10691,,,,,,,,,,,,,,,,,
,10691,0.00042371824383735657,0.009242970496416092,0.09018383920192719,0.10249030590057373,314,,,,,,,,,,,,
,1054,,,,,,,,,,0.00033901268034242094,0.010697722434997559,0.09195023030042648,0.11634251475334167,,,,
,1055,,,,,,,,,,9.117770241573453e-05,0.006647507660090923,0.039159953594207764,0.16975265741348267,,,,
,1056,,,,,,,,,,0.00043839396676048636,0.012453942559659481,0.07243724912405014,0.1719273030757904,,,,
,1057,,,,,,,,,,9.322555706603453e-05,0.007219919469207525,0.09695577621459961,0.07446610182523727,,,,
,1058,,,,,,,,,,0.00017081356782000512,0.009611072950065136,0.08865968883037567,0.10840407758951187,,,,
,1059,,,,,,,,,,5.353345113690011e-05,0.0050568049773573875,0.05721943825483322,0.08837563544511795,,,,
,1060,,,,,,,,,,0.0007182626868598163,0.011924153193831444,0.025477152317762375,0.4680330157279968,,,,
,1061,,,,,,,,,,0.0002034143399214372,0.009232009761035442,0.06866084039211273,0.13445813953876495,,,,
,1062,,,,,,,,,,0.0003356274391990155,0.010120881721377373,0.11188463866710663,0.09045817703008652,,,,
,1063,,,,,,,,,,0.00031120446510612965,0.009147584438323975,0.10694815963506699,0.08553287386894226,,,,
,1064,,,,,,,,,,0.00022828683722764254,0.01043231412768364,0.08197197318077087,0.12726682424545288,,,,
,1065,,,,,,,,,,0.0003491773968562484,0.01119657140225172,0.07832591235637665,0.1429484784603119,,,,
,1066,,,,,,,,,,6.946190842427313e-05,0.006514377426356077,0.07550571858882904,0.0862765982747078,,,,
,1067,,,,,,,,,,0.00034268636954948306,0.010566048324108124,0.06541398167610168,0.16152581572532654,,,,
,1068,,,,,,,,,,0.0006224953103810549,0.01518978364765644,0.1331549882888794,0.11407595872879028,,,,
,1069,,,,,,,,,,0.00027514377143234015,0.010477515868842602,0.08672043681144714,0.12081944197416306,,,,
,1070,,,,,,,,,,0.00023026345297694206,0.009732314385473728,0.053386859595775604,0.18229790031909943,,,,
,10709,,,,,314,,,,,,,,,0.000288196315523237,0.009778963401913643,0.07917174696922302,0.14260926842689514
,10709,,,,,314,0.0004441202327143401,0.01070932112634182,0.09669744223356247,0.1113961711525917,,,,,,,,
0.000854482064633521,10724,,,,,,,,,,,,,,,,,
0.000854482064633521,10724,,,,,,,,,,,,,,,,,
0.000854482064633521,10724,,,,,,,,,,,,,,,,,
0.000854482064633521,10724,,,,,,,,,,,,,,,,,
,10724,0.00019479937327560037,0.007839749567210674,0.08221685141324997,0.09535451978445053,315,,,,,,,,,,,,
,10743,,,,,315,0.0005538208060897887,0.012736604548990726,0.09669743478298187,0.1325032263994217,,,,,,,,
0.0008532520703163803,10757,,,,,,,,,,,,,,,,,
0.0008532520703163803,10757,,,,,,,,,,,,,,,,,
0.0008532520703163803,10757,,,,,,,,,,,,,,,,,
0.0008532520703163803,10757,,,,,,,,,,,,,,,,,
,10757,0.00013350600784178823,0.00801616720855236,0.10774834454059601,0.07439711689949036,316,,,,,,,,,,,,
,10777,,,,,316,0.0004227836907375604,0.01126690860837698,0.09669741988182068,0.1177283525466919,,,,,,,,
0.0008520177939894385,10790,,,,,,,,,,,,,,,,,
0.0008520177939894385,10790,,,,,,,,,,,,,,,,,
0.0008520177939894385,10790,,,,,,,,,,,,,,,,,
0.0008520177939894385,10790,,,,,,,,,,,,,,,,,
,10790,0.00025397801073268056,0.01024188008159399,0.09009125083684921,0.11368339508771896,317,,,,,,,,,,,,
,10811,,,,,317,0.0005335857858881354,0.012142593041062355,0.09669741243124008,0.12670783698558807,,,,,,,,
0.0008507792506354084,10823,,,,,,,,,,,,,,,,,
0.0008507792506354084,10823,,,,,,,,,,,,,,,,,
0.0008507792506354084,10823,,,,,,,,,,,,,,,,,
0.0008507792506354084,10823,,,,,,,,,,,,,,,,,
,10823,0.0007330309017561376,0.012589439749717712,0.0738106220960617,0.17056404054164886,318,,,,,,,,,,,,
,10845,,,,,318,0.00045494220103137195,0.010891059413552284,0.09669742733240128,0.11349517852067947,,,,,,,,
0.0008495364552888017,10856,,,,,,,,,,,,,,,,,
0.0008495364552888017,10856,,,,,,,,,,,,,,,,,
0.0008495364552888017,10856,,,,,,,,,,,,,,,,,
0.0008495364552888017,10856,,,,,,,,,,,,,,,,,
,10856,0.00036510074278339744,0.010954181663691998,0.1049797385931015,0.1043456643819809,319,,,,,,,,,,,,
,1071,,,,,,,,,,0.00030301493825390935,0.011152475140988827,0.09195023030042648,0.12128815799951553,,,,
,1072,,,,,,,,,,0.00019764484022744,0.0077895596623420715,0.039159953594207764,0.19891642034053802,,,,
,1073,,,,,,,,,,0.0007764340844005346,0.011932610534131527,0.07243724912405014,0.1647302806377411,,,,
,1074,,,,,,,,,,0.0004975744523108006,0.0114982258528471,0.09695577621459961,0.11859246343374252,,,,
,1075,,,,,,,,,,0.000635314907412976,0.014551187865436077,0.08865968883037567,0.1641240417957306,,,,
,1076,,,,,,,,,,0.0008684638887643814,0.014267071150243282,0.05721943825483322,0.24933955073356628,,,,
,1077,,,,,,,,,,0.0009559978498145938,0.017631512135267258,0.025477152317762375,0.6920516490936279,,,,
,1078,,,,,,,,,,0.0005805316613987088,0.012064622715115547,0.06866084039211273,0.17571327090263367,,,,
,1079,,,,,,,,,,0.00045661127660423517,0.013046326115727425,0.11188463866710663,0.11660514771938324,,,,
,1080,,,,,,,,,,0.0004361555620562285,0.013106141239404678,0.10694815963506699,0.12254666537046432,,,,
,1081,,,,,,,,,,0.0004647879395633936,0.011775245890021324,0.08197197318077087,0.1436496376991272,,,,
,1082,,,,,,,,,,0.00032212736550718546,0.010709598660469055,0.07832591235637665,0.13673122227191925,,,,
,1083,,,,,,,,,,0.00010801688040373847,0.006797729060053825,0.07550571858882904,0.09002931416034698,,,,
,1084,,,,,,,,,,0.000640968035440892,0.012088274583220482,0.06541398167610168,0.18479646742343903,,,,
,1085,,,,,,,,,,0.00029915320919826627,0.011529064737260342,0.1331549882888794,0.08658379316329956,,,,
,1086,,,,,,,,,,0.00029753759736195207,0.009663758799433708,0.08672043681144714,0.11143575608730316,,,,
,1087,,,,,,,,,,0.000625068205408752,0.015516839921474457,0.053386859595775604,0.2906489968299866,,,,
,10879,,,,,319,,,,,,,,,0.000494360807351768,0.011968042701482773,0.07917174696922302,0.18338243663311005
,10879,,,,,319,0.0005216109566390514,0.013169663026928902,0.09669744968414307,0.1382155865430832,,,,,,,,
0.0008482894230357428,10889,,,,,,,,,,,,,,,,,
0.0008482894230357428,10889,,,,,,,,,,,,,,,,,
0.0008482894230357428,10889,,,,,,,,,,,,,,,,,
0.0008482894230357428,10889,,,,,,,,,,,,,,,,,
,10889,0.0008212254615500569,0.01808677241206169,0.11236757040023804,0.16096077859401703,320,,,,,,,,,,,,
,10913,,,,,320,0.0005134404054842889,0.012796229682862759,0.09669743478298187,0.13373957574367523,,,,,,,,
0.0008470381690137881,10922,,,,,,,,,,,,,,,,,
0.0008470381690137881,10922,,,,,,,,,,,,,,,,,
0.0008470381690137881,10922,,,,,,,,,,,,,,,,,
0.0008470381690137881,10922,,,,,,,,,,,,,,,,,
,10922,0.00020380955538712442,0.008022560738027096,0.08737041801214218,0.09182237833738327,321,,,,,,,,,,,,
,10947,,,,,321,0.00041803947533480823,0.011254745535552502,0.09669745713472366,0.11787290871143341,,,,,,,,
0.0008457827084117416,10955,,,,,,,,,,,,,,,,,
0.0008457827084117416,10955,,,,,,,,,,,,,,,,,
0.0008457827084117416,10955,,,,,,,,,,,,,,,,,
0.0008457827084117416,10955,,,,,,,,,,,,,,,,,
,10955,0.0007217236561700702,0.017093539237976074,0.11263614147901535,0.15175890922546387,322,,,,,,,,,,,,
,10981,,,,,322,0.00046212004963308573,0.011156275868415833,0.09669746458530426,0.11654578149318695,,,,,,,,
0.00084452305646947,10988,,,,,,,,,,,,,,,,,
0.00084452305646947,10988,,,,,,,,,,,,,,,,,
0.00084452305646947,10988,,,,,,,,,,,,,,,,,
0.00084452305646947,10988,,,,,,,,,,,,,,,,,
,10988,0.0009498858125880361,0.014217103831470013,0.09744895994663239,0.14589281380176544,323,,,,,,,,,,,,
