lr-AdamW,step,train_loss_step,train/mae_step,train/avg_gt_step,train/relative_mae_step,epoch,train_loss_epoch,train/mae_epoch,train/avg_gt_epoch,train/relative_mae_epoch,val_loss_step,val/mae_step,val/avg_gt_step,val/relative_mae_step,val_loss_epoch,val/mae_epoch,val/avg_gt_epoch,val/relative_mae_epoch
0.00010871406959152799,32,,,,,,,,,,,,,,,,,
0.00010871406959152799,32,,,,,,,,,,,,,,,,,
0.00010871406959152799,32,,,,,,,,,,,,,,,,,
0.00010871406959152799,32,,,,,,,,,,,,,,,,,
,32,0.00016525565297342837,0.0070729642175138,0.08901231735944748,0.0794605016708374,0,,,,,,,,,,,,
,33,,,,,0,0.0003927427751477808,0.009573246352374554,0.09670308977365494,0.10073111951351166,,,,,,,,
0.00011770045385779124,65,,,,,,,,,,,,,,,,,
0.00011770045385779124,65,,,,,,,,,,,,,,,,,
0.00011770045385779124,65,,,,,,,,,,,,,,,,,
0.00011770045385779124,65,,,,,,,,,,,,,,,,,
,65,0.0013766250340268016,0.016894139349460602,0.10571175068616867,0.15981324017047882,1,,,,,,,,,,,,
,67,,,,,1,0.0004225883458275348,0.009915384463965893,0.09670303761959076,0.10285384207963943,,,,,,,,
0.00012668683812405447,98,,,,,,,,,,,,,,,,,
0.00012668683812405447,98,,,,,,,,,,,,,,,,,
0.00012668683812405447,98,,,,,,,,,,,,,,,,,
0.00012668683812405447,98,,,,,,,,,,,,,,,,,
,98,0.00024119978479575366,0.0070443591102957726,0.08687728643417358,0.0810840055346489,2,,,,,,,,,,,,
,101,,,,,2,0.0004053330048918724,0.009402545168995857,0.09670304507017136,0.09973414242267609,,,,,,,,
0.0001356732223903177,131,,,,,,,,,,,,,,,,,
0.0001356732223903177,131,,,,,,,,,,,,,,,,,
0.0001356732223903177,131,,,,,,,,,,,,,,,,,
0.0001356732223903177,131,,,,,,,,,,,,,,,,,
,131,0.00020212563686072826,0.007751922123134136,0.10219311714172363,0.07585561275482178,3,,,,,,,,,,,,
,135,,,,,3,0.0003605785605031997,0.009237600490450859,0.09670303761959076,0.09666024893522263,,,,,,,,
0.00014465960665658095,164,,,,,,,,,,,,,,,,,
0.00014465960665658095,164,,,,,,,,,,,,,,,,,
0.00014465960665658095,164,,,,,,,,,,,,,,,,,
0.00014465960665658095,164,,,,,,,,,,,,,,,,,
,164,0.00017114580259658396,0.006704993546009064,0.09849074482917786,0.06807739287614822,4,,,,,,,,,,,,
,0,,,,,,,,,,0.00015337811782956123,0.006594005972146988,0.09195023030042648,0.07171276211738586,,,,
,1,,,,,,,,,,5.0187562010250986e-05,0.004899393301457167,0.039159953594207764,0.12511231005191803,,,,
,2,,,,,,,,,,0.0008266029180958867,0.0141166802495718,0.07243724912405014,0.19488148391246796,,,,
,3,,,,,,,,,,0.0005495151272043586,0.01313180010765791,0.09695577621459961,0.1354411244392395,,,,
,4,,,,,,,,,,0.0001737278507789597,0.007150569930672646,0.08865968883037567,0.08065186440944672,,,,
,5,,,,,,,,,,0.00010683361324481666,0.005878382828086615,0.05721943825483322,0.10273399949073792,,,,
,6,,,,,,,,,,0.0001865971426013857,0.007680778857320547,0.025477152317762375,0.30147701501846313,,,,
,7,,,,,,,,,,0.00041178910760208964,0.009973655454814434,0.06866084039211273,0.14525970816612244,,,,
,8,,,,,,,,,,0.000212609171285294,0.007163687609136105,0.11188463866710663,0.06402744352817535,,,,
,9,,,,,,,,,,0.0003619198396336287,0.009974610060453415,0.10694815963506699,0.0932658314704895,,,,
,10,,,,,,,,,,7.806732173776254e-05,0.005047578364610672,0.08197197318077087,0.06157687306404114,,,,
,11,,,,,,,,,,0.0001286080077989027,0.0069250743836164474,0.07832591235637665,0.08841356635093689,,,,
,12,,,,,,,,,,5.9731850342359394e-05,0.0050194887444376945,0.07550571858882904,0.06647825241088867,,,,
,13,,,,,,,,,,0.0001680374552961439,0.005834344308823347,0.06541398167610168,0.08919107913970947,,,,
,14,,,,,,,,,,0.0002856058708857745,0.00886515248566866,0.1331549882888794,0.06657769531011581,,,,
,15,,,,,,,,,,0.000226756717893295,0.008038006722927094,0.08672043681144714,0.09268871694803238,,,,
,16,,,,,,,,,,0.00023156940005719662,0.007017768919467926,0.05225556343793869,0.13429704308509827,,,,
,169,,,,,4,,,,,,,,,0.000248227413976565,0.007866792380809784,0.07918630540370941,0.11191746592521667
,169,,,,,4,0.00042957995901815593,0.009755099192261696,0.09670303761959076,0.10208343714475632,,,,,,,,
0.0001536459909228442,197,,,,,,,,,,,,,,,,,
0.0001536459909228442,197,,,,,,,,,,,,,,,,,
0.0001536459909228442,197,,,,,,,,,,,,,,,,,
0.0001536459909228442,197,,,,,,,,,,,,,,,,,
,197,0.000534921302460134,0.011774368584156036,0.09643109887838364,0.12210135161876678,5,,,,,,,,,,,,
,203,,,,,5,0.00041615506052039564,0.009594675153493881,0.09670302271842957,0.10073663294315338,,,,,,,,
0.00016263237518910741,230,,,,,,,,,,,,,,,,,
0.00016263237518910741,230,,,,,,,,,,,,,,,,,
0.00016263237518910741,230,,,,,,,,,,,,,,,,,
0.00016263237518910741,230,,,,,,,,,,,,,,,,,
,230,0.0008981431601569057,0.014362847432494164,0.1129608005285263,0.12714894115924835,6,,,,,,,,,,,,
,237,,,,,6,0.0003582491190172732,0.009070147760212421,0.09670304507017136,0.09495284408330917,,,,,,,,
0.00017161875945537067,263,,,,,,,,,,,,,,,,,
0.00017161875945537067,263,,,,,,,,,,,,,,,,,
0.00017161875945537067,263,,,,,,,,,,,,,,,,,
0.00017161875945537067,263,,,,,,,,,,,,,,,,,
,263,0.000722064811270684,0.01403531339019537,0.09553974866867065,0.14690546691417694,7,,,,,,,,,,,,
,271,,,,,7,0.00040946679655462503,0.00955429207533598,0.09670305252075195,0.09955042600631714,,,,,,,,
0.0001806051437216339,296,,,,,,,,,,,,,,,,,
0.0001806051437216339,296,,,,,,,,,,,,,,,,,
0.0001806051437216339,296,,,,,,,,,,,,,,,,,
0.0001806051437216339,296,,,,,,,,,,,,,,,,,
,296,0.00013624830171465874,0.0070608509704470634,0.08381583541631699,0.08424243330955505,8,,,,,,,,,,,,
,305,,,,,8,0.00037110637640580535,0.009236384183168411,0.09670303761959076,0.09724199026823044,,,,,,,,
0.00018959152798789713,329,,,,,,,,,,,,,,,,,
0.00018959152798789713,329,,,,,,,,,,,,,,,,,
0.00018959152798789713,329,,,,,,,,,,,,,,,,,
0.00018959152798789713,329,,,,,,,,,,,,,,,,,
,329,0.0002814578474499285,0.010337230749428272,0.13080179691314697,0.07902972400188446,9,,,,,,,,,,,,
,17,,,,,,,,,,0.00010999638470821083,0.006700999569147825,0.09195023030042648,0.07287637144327164,,,,
,18,,,,,,,,,,0.0007288415217772126,0.009941348806023598,0.039159953594207764,0.253865122795105,,,,
,19,,,,,,,,,,9.777463128557429e-05,0.006448405794799328,0.07243724912405014,0.08902056515216827,,,,
,20,,,,,,,,,,0.0003982848138548434,0.010021199472248554,0.09695577621459961,0.1033584475517273,,,,
,21,,,,,,,,,,0.0005103332223370671,0.0117713687941432,0.08865968883037567,0.13277022540569305,,,,
,22,,,,,,,,,,0.00033945971517823637,0.00942775048315525,0.05721943825483322,0.16476479172706604,,,,
,23,,,,,,,,,,0.0001226677413797006,0.005217404570430517,0.025477152317762375,0.2047875076532364,,,,
,24,,,,,,,,,,0.00014114222722128034,0.0065854210406541824,0.06866084039211273,0.09591231495141983,,,,
,25,,,,,,,,,,0.00022894951689522713,0.010078063234686852,0.11188463866710663,0.09007547795772552,,,,
,26,,,,,,,,,,0.0008960837731137872,0.015410922467708588,0.10694815963506699,0.14409711956977844,,,,
,27,,,,,,,,,,0.00041587185114622116,0.012308366596698761,0.08197197318077087,0.15015333890914917,,,,
,28,,,,,,,,,,0.00082784378901124,0.012550322338938713,0.07832591235637665,0.1602320373058319,,,,
,29,,,,,,,,,,0.0008787953993305564,0.013212164863944054,0.07550571858882904,0.17498227953910828,,,,
,30,,,,,,,,,,0.00011308967805234715,0.005173151846975088,0.06541398167610168,0.07908326387405396,,,,
,31,,,,,,,,,,0.00026625144528225064,0.00961451418697834,0.1331549882888794,0.07220543175935745,,,,
,32,,,,,,,,,,0.00032874365570023656,0.007822124287486076,0.08672043681144714,0.0901993066072464,,,,
,33,,,,,,,,,,9.393158688908443e-05,0.006152241490781307,0.05225556343793869,0.11773368716239929,,,,
,339,,,,,9,,,,,,,,,0.0003909754741471261,0.009415735490620136,0.07918630540370941,0.12953032553195953
,339,,,,,9,0.00043427111813798547,0.009923284873366356,0.09670302271842957,0.10334662348031998,,,,,,,,
0.0001985779122541604,362,,,,,,,,,,,,,,,,,
0.0001985779122541604,362,,,,,,,,,,,,,,,,,
0.0001985779122541604,362,,,,,,,,,,,,,,,,,
0.0001985779122541604,362,,,,,,,,,,,,,,,,,
,362,0.0002804769610520452,0.009308644570410252,0.09980263561010361,0.09327051788568497,10,,,,,,,,,,,,
,373,,,,,10,0.000417672359617427,0.009467611089348793,0.09670306742191315,0.09860460460186005,,,,,,,,
0.00020756429652042362,395,,,,,,,,,,,,,,,,,
0.00020756429652042362,395,,,,,,,,,,,,,,,,,
0.00020756429652042362,395,,,,,,,,,,,,,,,,,
0.00020756429652042362,395,,,,,,,,,,,,,,,,,
,395,0.0008199282456189394,0.012588847428560257,0.08756020665168762,0.14377360045909882,11,,,,,,,,,,,,
,407,,,,,11,0.00041209234041161835,0.009742921218276024,0.09670305997133255,0.10218729823827744,,,,,,,,
0.00021655068078668682,428,,,,,,,,,,,,,,,,,
0.00021655068078668682,428,,,,,,,,,,,,,,,,,
0.00021655068078668682,428,,,,,,,,,,,,,,,,,
0.00021655068078668682,428,,,,,,,,,,,,,,,,,
,428,0.0005504762521013618,0.012145129963755608,0.1095808669924736,0.1108325645327568,12,,,,,,,,,,,,
,441,,,,,12,0.0003839394194073975,0.009347080253064632,0.09670303016901016,0.09837410598993301,,,,,,,,
0.0002255370650529501,461,,,,,,,,,,,,,,,,,
0.0002255370650529501,461,,,,,,,,,,,,,,,,,
0.0002255370650529501,461,,,,,,,,,,,,,,,,,
0.0002255370650529501,461,,,,,,,,,,,,,,,,,
,461,0.00034249277086928487,0.008240053430199623,0.07364410161972046,0.11189018934965134,13,,,,,,,,,,,,
,475,,,,,13,0.00038210145430639386,0.009283984079957008,0.09670307487249374,0.09676814079284668,,,,,,,,
0.0002345234493192133,494,,,,,,,,,,,,,,,,,
0.0002345234493192133,494,,,,,,,,,,,,,,,,,
0.0002345234493192133,494,,,,,,,,,,,,,,,,,
0.0002345234493192133,494,,,,,,,,,,,,,,,,,
,494,0.000689222477376461,0.012862350791692734,0.09509661048650742,0.1352556049823761,14,,,,,,,,,,,,
,34,,,,,,,,,,0.0002598259598016739,0.008381912484765053,0.09195023030042648,0.09115704894065857,,,,
,35,,,,,,,,,,2.7348218281986192e-05,0.003913720138370991,0.039159953594207764,0.09994187206029892,,,,
,36,,,,,,,,,,0.00013391239917837083,0.007610758300870657,0.07243724912405014,0.10506690293550491,,,,
,37,,,,,,,,,,0.00018206628737971187,0.006866956129670143,0.09695577621459961,0.07082564383745193,,,,
,38,,,,,,,,,,0.00041135825449600816,0.00989731214940548,0.08865968883037567,0.11163259297609329,,,,
,39,,,,,,,,,,0.0005040314281359315,0.01114756427705288,0.05721943825483322,0.19482125341892242,,,,
,40,,,,,,,,,,7.766912312945351e-05,0.00518867326900363,0.025477152317762375,0.2036597728729248,,,,
,41,,,,,,,,,,0.00014112352801021188,0.007194778881967068,0.06866084039211273,0.10478720813989639,,,,
,42,,,,,,,,,,0.0001297833223361522,0.007415832486003637,0.11188463866710663,0.06628105789422989,,,,
,43,,,,,,,,,,5.3379288146970794e-05,0.004900656640529633,0.10694815963506699,0.04582272469997406,,,,
,44,,,,,,,,,,0.00016975114704109728,0.006175193004310131,0.08197197318077087,0.07533296942710876,,,,
,45,,,,,,,,,,0.0002359456557314843,0.007866192609071732,0.07832591235637665,0.1004289835691452,,,,
,46,,,,,,,,,,0.0001754332333803177,0.008119836449623108,0.07550571858882904,0.1075393408536911,,,,
,47,,,,,,,,,,0.00019121319928672165,0.008043902926146984,0.06541398167610168,0.12296915054321289,,,,
,48,,,,,,,,,,0.00033358228392899036,0.01014968566596508,0.1331549882888794,0.07622459530830383,,,,
,49,,,,,,,,,,0.00011139402340631932,0.006471745669841766,0.08672043681144714,0.07462768256664276,,,,
,50,,,,,,,,,,5.005288403481245e-05,0.0051905447617173195,0.05225556343793869,0.09932997077703476,,,,
,509,,,,,14,,,,,,,,,0.00019168750441167504,0.0073903026059269905,0.07918630540370941,0.10307779163122177
,509,,,,,14,0.00036878458922728896,0.009613268077373505,0.09670308232307434,0.1005571186542511,,,,,,,,
0.00024350983358547657,527,,,,,,,,,,,,,,,,,
0.00024350983358547657,527,,,,,,,,,,,,,,,,,
0.00024350983358547657,527,,,,,,,,,,,,,,,,,
0.00024350983358547657,527,,,,,,,,,,,,,,,,,
,527,0.0003117980668321252,0.009334776550531387,0.09470038115978241,0.09857168048620224,15,,,,,,,,,,,,
,543,,,,,15,0.0003557156305760145,0.009200070053339005,0.09670302271842957,0.09589136391878128,,,,,,,,
0.0002524962178517398,560,,,,,,,,,,,,,,,,,
0.0002524962178517398,560,,,,,,,,,,,,,,,,,
0.0002524962178517398,560,,,,,,,,,,,,,,,,,
0.0002524962178517398,560,,,,,,,,,,,,,,,,,
,560,8.401671948377043e-05,0.006377671845257282,0.09366309642791748,0.06809160858392715,16,,,,,,,,,,,,
,577,,,,,16,0.00041266853804700077,0.009521503001451492,0.09670303016901016,0.09926113486289978,,,,,,,,
0.00026148260211800303,593,,,,,,,,,,,,,,,,,
0.00026148260211800303,593,,,,,,,,,,,,,,,,,
0.00026148260211800303,593,,,,,,,,,,,,,,,,,
0.00026148260211800303,593,,,,,,,,,,,,,,,,,
,593,0.0004839161119889468,0.011422082781791687,0.07730075716972351,0.14776156842708588,17,,,,,,,,,,,,
,611,,,,,17,0.00034400972072035074,0.009055531583726406,0.09670301526784897,0.09541917592287064,,,,,,,,
0.00027046898638426626,626,,,,,,,,,,,,,,,,,
0.00027046898638426626,626,,,,,,,,,,,,,,,,,
0.00027046898638426626,626,,,,,,,,,,,,,,,,,
0.00027046898638426626,626,,,,,,,,,,,,,,,,,
,626,0.0008023054688237607,0.013465849682688713,0.09472479671239853,0.14215758442878723,18,,,,,,,,,,,,
,645,,,,,18,0.00040015587001107633,0.009488706476986408,0.09670305252075195,0.09913847595453262,,,,,,,,
0.0002794553706505295,659,,,,,,,,,,,,,,,,,
0.0002794553706505295,659,,,,,,,,,,,,,,,,,
0.0002794553706505295,659,,,,,,,,,,,,,,,,,
0.0002794553706505295,659,,,,,,,,,,,,,,,,,
,659,0.0001265935570700094,0.006835584994405508,0.09833323955535889,0.06951448321342468,19,,,,,,,,,,,,
,51,,,,,,,,,,0.00018147367518395185,0.00817236676812172,0.09195023030042648,0.08887814730405807,,,,
,52,,,,,,,,,,0.00013167821452952921,0.007742847315967083,0.039159953594207764,0.19772355258464813,,,,
,53,,,,,,,,,,0.00035885325632989407,0.012319600209593773,0.07243724912405014,0.17007270455360413,,,,
,54,,,,,,,,,,0.0008190653170458972,0.01626688241958618,0.09695577621459961,0.16777628660202026,,,,
,55,,,,,,,,,,6.690281588817015e-05,0.005765732377767563,0.08865968883037567,0.06503216922283173,,,,
,56,,,,,,,,,,0.00021917890990152955,0.008800126612186432,0.05721943825483322,0.15379607677459717,,,,
,57,,,,,,,,,,9.480604057898745e-05,0.0065065971575677395,0.025477152317762375,0.25538939237594604,,,,
,58,,,,,,,,,,0.0002735416346695274,0.00941179133951664,0.06866084039211273,0.13707652688026428,,,,
,59,,,,,,,,,,0.00045179156586527824,0.011029722169041634,0.11188463866710663,0.09858119487762451,,,,
,60,,,,,,,,,,0.00028407530044205487,0.007150189485400915,0.10694815963506699,0.06685658544301987,,,,
,61,,,,,,,,,,8.414545300183818e-05,0.005080354865640402,0.08197197318077087,0.06197672337293625,,,,
,62,,,,,,,,,,0.00030140086892060935,0.01059127040207386,0.07832591235637665,0.1352204978466034,,,,
,63,,,,,,,,,,6.626195681747049e-05,0.006473504938185215,0.07550571858882904,0.08573528379201889,,,,
,64,,,,,,,,,,8.54859099490568e-05,0.005719113163650036,0.06541398167610168,0.08742950856685638,,,,
,65,,,,,,,,,,0.0005557587137445807,0.012119798921048641,0.1331549882888794,0.09102023392915726,,,,
,66,,,,,,,,,,0.0003576064482331276,0.010674318298697472,0.08672043681144714,0.12308882921934128,,,,
,67,,,,,,,,,,0.00012215098831802607,0.007846151478588581,0.05225556343793869,0.15014956891536713,,,,
,679,,,,,19,,,,,,,,,0.0002662485931068659,0.008954380638897419,0.07918630540370941,0.12489263713359833
,679,,,,,19,0.00039407520671375096,0.009758828207850456,0.09670306742191315,0.10312739759683609,,,,,,,,
0.0002884417549167928,692,,,,,,,,,,,,,,,,,
0.0002884417549167928,692,,,,,,,,,,,,,,,,,
0.0002884417549167928,692,,,,,,,,,,,,,,,,,
0.0002884417549167928,692,,,,,,,,,,,,,,,,,
,692,0.0001721858134260401,0.006356365513056517,0.10314660519361496,0.061624567955732346,20,,,,,,,,,,,,
,713,,,,,20,0.0004461060743778944,0.010093620978295803,0.09670304507017136,0.10565440356731415,,,,,,,,
0.000297428139183056,725,,,,,,,,,,,,,,,,,
0.000297428139183056,725,,,,,,,,,,,,,,,,,
0.000297428139183056,725,,,,,,,,,,,,,,,,,
0.000297428139183056,725,,,,,,,,,,,,,,,,,
,725,0.00020871925516985357,0.008438053540885448,0.09743299335241318,0.08660364896059036,21,,,,,,,,,,,,
,747,,,,,21,0.0004333068791311234,0.010128598660230637,0.09670305252075195,0.10552439093589783,,,,,,,,
0.00030641452344931923,758,,,,,,,,,,,,,,,,,
0.00030641452344931923,758,,,,,,,,,,,,,,,,,
0.00030641452344931923,758,,,,,,,,,,,,,,,,,
0.00030641452344931923,758,,,,,,,,,,,,,,,,,
,758,0.0015483701135963202,0.01136058196425438,0.11703192442655563,0.09707249701023102,22,,,,,,,,,,,,
,781,,,,,22,0.0003920251037925482,0.009435335174202919,0.09670306742191315,0.09830630570650101,,,,,,,,
0.0003154009077155825,791,,,,,,,,,,,,,,,,,
0.0003154009077155825,791,,,,,,,,,,,,,,,,,
0.0003154009077155825,791,,,,,,,,,,,,,,,,,
0.0003154009077155825,791,,,,,,,,,,,,,,,,,
,791,0.00025997747434303164,0.008476887829601765,0.11289826035499573,0.07508429884910583,23,,,,,,,,,,,,
,815,,,,,23,0.0003840946883428842,0.00956782978028059,0.09670306742191315,0.09991254657506943,,,,,,,,
0.0003243872919818457,824,,,,,,,,,,,,,,,,,
0.0003243872919818457,824,,,,,,,,,,,,,,,,,
0.0003243872919818457,824,,,,,,,,,,,,,,,,,
0.0003243872919818457,824,,,,,,,,,,,,,,,,,
,824,0.0003023211902473122,0.01101741474121809,0.09117178618907928,0.1208423599600792,24,,,,,,,,,,,,
,68,,,,,,,,,,0.0008841220987960696,0.01759951189160347,0.09195023030042648,0.19140256941318512,,,,
,69,,,,,,,,,,0.0009353636996820569,0.01107180304825306,0.039159953594207764,0.2827327251434326,,,,
,70,,,,,,,,,,0.00013057960313744843,0.0067887697368860245,0.07243724912405014,0.09371930360794067,,,,
,71,,,,,,,,,,0.00016203895211219788,0.0075871809385716915,0.09695577621459961,0.07825402915477753,,,,
,72,,,,,,,,,,0.0009530250681564212,0.013411395251750946,0.08865968883037567,0.15126822888851166,,,,
,73,,,,,,,,,,0.00012842619617003947,0.00630210479721427,0.05721943825483322,0.11013920605182648,,,,
,74,,,,,,,,,,0.00012605282245203853,0.0065290667116642,0.025477152317762375,0.2562713325023651,,,,
,75,,,,,,,,,,0.00030062010046094656,0.009486451745033264,0.06866084039211273,0.13816390931606293,,,,
,76,,,,,,,,,,0.00044205502490513027,0.011167993769049644,0.11188463866710663,0.09981703758239746,,,,
,77,,,,,,,,,,0.00019163696561008692,0.00901092030107975,0.10694815963506699,0.08425502479076385,,,,
,78,,,,,,,,,,8.816941408440471e-05,0.00613547395914793,0.08197197318077087,0.07484842836856842,,,,
,79,,,,,,,,,,7.70386541262269e-05,0.006127852946519852,0.07832591235637665,0.07823531329631805,,,,
,80,,,,,,,,,,0.00026790855918079615,0.008564510382711887,0.07550571858882904,0.11342861503362656,,,,
,81,,,,,,,,,,0.0005942934658378363,0.01025613583624363,0.06541398167610168,0.15678811073303223,,,,
,82,,,,,,,,,,0.00025661103427410126,0.009908026084303856,0.1331549882888794,0.07440972328186035,,,,
,83,,,,,,,,,,0.0007231609779410064,0.011822755448520184,0.08672043681144714,0.13633181154727936,,,,
,84,,,,,,,,,,8.43528687255457e-05,0.00538485124707222,0.05225556343793869,0.10304836183786392,,,,
,849,,,,,24,,,,,,,,,0.0003820168785750866,0.009361356496810913,0.07918630540370941,0.13161148130893707
,849,,,,,24,0.00038724762271158397,0.009649188257753849,0.09670303761959076,0.10120856016874313,,,,,,,,
0.000333373676248109,857,,,,,,,,,,,,,,,,,
0.000333373676248109,857,,,,,,,,,,,,,,,,,
0.000333373676248109,857,,,,,,,,,,,,,,,,,
0.000333373676248109,857,,,,,,,,,,,,,,,,,
,857,0.0004045203095301986,0.009081236086785793,0.11353000998497009,0.0799897313117981,25,,,,,,,,,,,,
,883,,,,,25,0.0003912741085514426,0.009602622129023075,0.09670302271842957,0.10080509632825851,,,,,,,,
0.0003423600605143722,890,,,,,,,,,,,,,,,,,
0.0003423600605143722,890,,,,,,,,,,,,,,,,,
0.0003423600605143722,890,,,,,,,,,,,,,,,,,
0.0003423600605143722,890,,,,,,,,,,,,,,,,,
,890,0.00028983387164771557,0.00798257626593113,0.08914151787757874,0.0895494669675827,26,,,,,,,,,,,,
,917,,,,,26,0.000404842896386981,0.009786317124962807,0.09670306742191315,0.10276731848716736,,,,,,,,
0.0003513464447806354,923,,,,,,,,,,,,,,,,,
0.0003513464447806354,923,,,,,,,,,,,,,,,,,
0.0003513464447806354,923,,,,,,,,,,,,,,,,,
0.0003513464447806354,923,,,,,,,,,,,,,,,,,
,923,0.00036911314236931503,0.008710246533155441,0.12437465041875839,0.07003232091665268,27,,,,,,,,,,,,
,951,,,,,27,0.0004138080112170428,0.009716376662254333,0.09670303761959076,0.10148004442453384,,,,,,,,
0.00036033282904689867,956,,,,,,,,,,,,,,,,,
0.00036033282904689867,956,,,,,,,,,,,,,,,,,
0.00036033282904689867,956,,,,,,,,,,,,,,,,,
0.00036033282904689867,956,,,,,,,,,,,,,,,,,
,956,0.000294291676254943,0.008172313682734966,0.07794405519962311,0.10484843701124191,28,,,,,,,,,,,,
,985,,,,,28,0.00040862473542802036,0.010186991654336452,0.09670303761959076,0.10642839968204498,,,,,,,,
0.0003693192133131619,989,,,,,,,,,,,,,,,,,
0.0003693192133131619,989,,,,,,,,,,,,,,,,,
0.0003693192133131619,989,,,,,,,,,,,,,,,,,
0.0003693192133131619,989,,,,,,,,,,,,,,,,,
,989,0.000941108854021877,0.012872254475951195,0.1142384260892868,0.11267884075641632,29,,,,,,,,,,,,
,85,,,,,,,,,,0.000639470643363893,0.012405550107359886,0.09195023030042648,0.13491590321063995,,,,
,86,,,,,,,,,,7.8518372902181e-05,0.0048182508908212185,0.039159953594207764,0.12304022908210754,,,,
,87,,,,,,,,,,0.0001250902278115973,0.006363506428897381,0.07243724912405014,0.08784852921962738,,,,
,88,,,,,,,,,,0.0006583507638424635,0.012315384112298489,0.09695577621459961,0.12702062726020813,,,,
,89,,,,,,,,,,0.001262470381334424,0.016945071518421173,0.08865968883037567,0.1911248415708542,,,,
,90,,,,,,,,,,0.00023799270275048912,0.009387163445353508,0.05721943825483322,0.1640554666519165,,,,
,91,,,,,,,,,,0.0003019580035470426,0.009365679696202278,0.025477152317762375,0.36761078238487244,,,,
,92,,,,,,,,,,0.0001299302966799587,0.007289431057870388,0.06866084039211273,0.10616575181484222,,,,
,93,,,,,,,,,,0.00040580271161161363,0.011316939257085323,0.11188463866710663,0.10114827752113342,,,,
,94,,,,,,,,,,0.00023939930542837828,0.00784724485129118,0.10694815963506699,0.07337427884340286,,,,
,95,,,,,,,,,,0.0002772316220216453,0.01002446934580803,0.08197197318077087,0.12229140847921371,,,,
,96,,,,,,,,,,0.000182421033969149,0.008457559160888195,0.07832591235637665,0.10797905921936035,,,,
,97,,,,,,,,,,0.0003094653657171875,0.008101748302578926,0.07550571858882904,0.10729978233575821,,,,
,98,,,,,,,,,,0.0001377623702865094,0.006085474044084549,0.06541398167610168,0.0930301621556282,,,,
,99,,,,,,,,,,0.00019759981660172343,0.00854479894042015,0.1331549882888794,0.06417182087898254,,,,
,100,,,,,,,,,,0.00032589788315817714,0.00979628786444664,0.08672043681144714,0.11296398937702179,,,,
,101,,,,,,,,,,0.00029527663718909025,0.010475455783307552,0.05225556343793869,0.20046581327915192,,,,
,1019,,,,,29,,,,,,,,,0.00034284841967746615,0.009351653978228569,0.07918630540370941,0.13238023221492767
,1019,,,,,29,0.00037252038600854576,0.009361387230455875,0.09670302271842957,0.09811027348041534,,,,,,,,
0.0003783055975794252,1022,,,,,,,,,,,,,,,,,
0.0003783055975794252,1022,,,,,,,,,,,,,,,,,
0.0003783055975794252,1022,,,,,,,,,,,,,,,,,
0.0003783055975794252,1022,,,,,,,,,,,,,,,,,
,1022,0.0010770168155431747,0.015476351603865623,0.10241664946079254,0.1511116623878479,30,,,,,,,,,,,,
,1053,,,,,30,0.0003739663807209581,0.009499271400272846,0.09670303761959076,0.09905324876308441,,,,,,,,
0.00038729198184568836,1055,,,,,,,,,,,,,,,,,
0.00038729198184568836,1055,,,,,,,,,,,,,,,,,
0.00038729198184568836,1055,,,,,,,,,,,,,,,,,
0.00038729198184568836,1055,,,,,,,,,,,,,,,,,
,1055,0.000255757273407653,0.008669856004416943,0.08564083278179169,0.10123506188392639,31,,,,,,,,,,,,
,1087,,,,,31,0.00037116280873306096,0.009538247250020504,0.09670305252075195,0.10021898150444031,,,,,,,,
0.0003962783661119517,1088,,,,,,,,,,,,,,,,,
0.0003962783661119517,1088,,,,,,,,,,,,,,,,,
0.0003962783661119517,1088,,,,,,,,,,,,,,,,,
0.0003962783661119517,1088,,,,,,,,,,,,,,,,,
,1088,0.00014776646276004612,0.007661645766347647,0.11115642637014389,0.06892669200897217,32,,,,,,,,,,,,
0.0004052647503782149,1121,,,,,,,,,,,,,,,,,
,1121,3.45606058544945e-05,0.004581416957080364,0.07081028819084167,0.06469986587762833,32,,,,,,,,,,,,
,1121,,,,,32,0.00041769095696508884,0.009997733868658543,0.09670305252075195,0.10467072576284409,,,,,,,,
0.00041425113464447816,1154,,,,,,,,,,,,,,,,,
0.00041425113464447816,1154,,,,,,,,,,,,,,,,,
0.00041425113464447816,1154,,,,,,,,,,,,,,,,,
0.00041425113464447816,1154,,,,,,,,,,,,,,,,,
,1154,0.00016417620645370334,0.007821103557944298,0.10117167234420776,0.07730526477098465,33,,,,,,,,,,,,
,1155,,,,,33,0.00044265438918955624,0.010385148227214813,0.09670305252075195,0.10785307735204697,,,,,,,,
0.0004232375189107412,1187,,,,,,,,,,,,,,,,,
0.0004232375189107412,1187,,,,,,,,,,,,,,,,,
0.0004232375189107412,1187,,,,,,,,,,,,,,,,,
0.0004232375189107412,1187,,,,,,,,,,,,,,,,,
,1187,0.00011979833652731031,0.006745888851583004,0.09529939293861389,0.07078626751899719,34,,,,,,,,,,,,
,102,,,,,,,,,,0.0004449167172424495,0.009626847691833973,0.09195023030042648,0.10469627380371094,,,,
,103,,,,,,,,,,7.535774784628302e-05,0.0049611227586865425,0.039159953594207764,0.1266886442899704,,,,
,104,,,,,,,,,,0.00018519326113164425,0.008464851416647434,0.07243724912405014,0.11685770004987717,,,,
,105,,,,,,,,,,0.00020879597286693752,0.007310553919523954,0.09695577621459961,0.07540090382099152,,,,
,106,,,,,,,,,,0.0002797175548039377,0.009357205592095852,0.08865968883037567,0.1055406853556633,,,,
,107,,,,,,,,,,8.423017425229773e-05,0.005604907404631376,0.05721943825483322,0.09795458614826202,,,,
,108,,,,,,,,,,9.555688302498311e-05,0.005380001850426197,0.025477152317762375,0.21116958558559418,,,,
,109,,,,,,,,,,0.0003288553562015295,0.00866229459643364,0.06866084039211273,0.1261606067419052,,,,
,110,,,,,,,,,,0.00015325468848459423,0.007263190113008022,0.11188463866710663,0.06491677463054657,,,,
,111,,,,,,,,,,0.00014137277321424335,0.006837522145360708,0.10694815963506699,0.06393304467201233,,,,
,112,,,,,,,,,,0.00013934102025814354,0.006827767007052898,0.08197197318077087,0.08329390734434128,,,,
,113,,,,,,,,,,0.0004206275916658342,0.00938015803694725,0.07832591235637665,0.11975802481174469,,,,
,114,,,,,,,,,,0.00017461652169004083,0.007662906777113676,0.07550571858882904,0.10148775577545166,,,,
,115,,,,,,,,,,4.8661364417057484e-05,0.004066977184265852,0.06541398167610168,0.062172893434762955,,,,
,116,,,,,,,,,,0.00013279281847644597,0.007102804258465767,0.1331549882888794,0.05334237962961197,,,,
,117,,,,,,,,,,6.968451634747908e-05,0.0054020448587834835,0.08672043681144714,0.06229263171553612,,,,
,118,,,,,,,,,,2.8959173505427316e-05,0.004411607049405575,0.05225556343793869,0.08442366868257523,,,,
,1189,,,,,34,,,,,,,,,0.0001816639123717323,0.007037391420453787,0.07918630540370941,0.0980532243847847
,1189,,,,,34,0.0003881498414557427,0.009650534018874168,0.09670305997133255,0.10057207942008972,,,,,,,,
0.00043222390317700457,1220,,,,,,,,,,,,,,,,,
0.00043222390317700457,1220,,,,,,,,,,,,,,,,,
0.00043222390317700457,1220,,,,,,,,,,,,,,,,,
0.00043222390317700457,1220,,,,,,,,,,,,,,,,,
,1220,0.00016895876615308225,0.006343711167573929,0.0792153924703598,0.08008179068565369,35,,,,,,,,,,,,
,1223,,,,,35,0.00038038622005842626,0.009330020286142826,0.09670306742191315,0.09784062951803207,,,,,,,,
0.00044121028744326785,1253,,,,,,,,,,,,,,,,,
0.00044121028744326785,1253,,,,,,,,,,,,,,,,,
0.00044121028744326785,1253,,,,,,,,,,,,,,,,,
0.00044121028744326785,1253,,,,,,,,,,,,,,,,,
,1253,0.00016089444397948682,0.006419750861823559,0.09970810264348984,0.06438544392585754,36,,,,,,,,,,,,
,1257,,,,,36,0.0003329386527184397,0.009099381044507027,0.09670304507017136,0.09512261301279068,,,,,,,,
0.000450196671709531,1286,,,,,,,,,,,,,,,,,
0.000450196671709531,1286,,,,,,,,,,,,,,,,,
0.000450196671709531,1286,,,,,,,,,,,,,,,,,
0.000450196671709531,1286,,,,,,,,,,,,,,,,,
,1286,0.00023505202261731029,0.008573077619075775,0.09153656661510468,0.09365739673376083,37,,,,,,,,,,,,
,1291,,,,,37,0.00043623492820188403,0.010002371855080128,0.09670304507017136,0.10425761342048645,,,,,,,,
0.00045918305597579436,1319,,,,,,,,,,,,,,,,,
0.00045918305597579436,1319,,,,,,,,,,,,,,,,,
0.00045918305597579436,1319,,,,,,,,,,,,,,,,,
0.00045918305597579436,1319,,,,,,,,,,,,,,,,,
,1319,0.00017904856940731406,0.00886903889477253,0.08648477494716644,0.10255028307437897,38,,,,,,,,,,,,
,1325,,,,,38,0.0003758006205316633,0.009515700861811638,0.09670308232307434,0.09969596564769745,,,,,,,,
0.00046816944024205754,1352,,,,,,,,,,,,,,,,,
0.00046816944024205754,1352,,,,,,,,,,,,,,,,,
0.00046816944024205754,1352,,,,,,,,,,,,,,,,,
0.00046816944024205754,1352,,,,,,,,,,,,,,,,,
,1352,0.00056312489323318,0.014441031031310558,0.08747208118438721,0.16509301960468292,39,,,,,,,,,,,,
,119,,,,,,,,,,0.00029772764537483454,0.009044370613992214,0.09195023030042648,0.09836157411336899,,,,
,120,,,,,,,,,,4.964979598298669e-05,0.004049863200634718,0.039159953594207764,0.10341846197843552,,,,
,121,,,,,,,,,,7.526221452280879e-05,0.0050171492621302605,0.07243724912405014,0.06926199793815613,,,,
,122,,,,,,,,,,0.000951367081142962,0.009865684434771538,0.09695577621459961,0.10175446420907974,,,,
,123,,,,,,,,,,0.0009904548060148954,0.016028301790356636,0.08865968883037567,0.18078452348709106,,,,
,124,,,,,,,,,,0.0002031460462603718,0.006216748617589474,0.05721943825483322,0.10864747315645218,,,,
,125,,,,,,,,,,1.979466287593823e-05,0.0028489381074905396,0.025477152317762375,0.11182320863008499,,,,
,126,,,,,,,,,,0.00020519885583780706,0.0066683366894721985,0.06866084039211273,0.09711992740631104,,,,
,127,,,,,,,,,,0.00022293829533737153,0.008476338349282742,0.11188463866710663,0.07575961947441101,,,,
,128,,,,,,,,,,0.00026718713343143463,0.008762518875300884,0.10694815963506699,0.08193238824605942,,,,
,129,,,,,,,,,,0.00014599363203160465,0.007413524203002453,0.08197197318077087,0.09043972939252853,,,,
,130,,,,,,,,,,5.052053529652767e-05,0.004750138148665428,0.07832591235637665,0.060645800083875656,,,,
,131,,,,,,,,,,0.00024027864856179804,0.009293528273701668,0.07550571858882904,0.12308374792337418,,,,
,132,,,,,,,,,,0.0003544272040016949,0.00895975437015295,0.06541398167610168,0.13696999847888947,,,,
,133,,,,,,,,,,0.0001341876049991697,0.007646534591913223,0.1331549882888794,0.05742581561207771,,,,
,134,,,,,,,,,,0.00011624706530710682,0.005708977580070496,0.08672043681144714,0.06583196669816971,,,,
,135,,,,,,,,,,0.0001327605714322999,0.005739406682550907,0.05225556343793869,0.10983338952064514,,,,
,1359,,,,,39,,,,,,,,,0.0002661067992448807,0.007492145523428917,0.07918630540370941,0.09807136654853821
,1359,,,,,39,0.00036241099587641656,0.009608963504433632,0.09670305252075195,0.10007450729608536,,,,,,,,
0.0004771558245083207,1385,,,,,,,,,,,,,,,,,
0.0004771558245083207,1385,,,,,,,,,,,,,,,,,
0.0004771558245083207,1385,,,,,,,,,,,,,,,,,
0.0004771558245083207,1385,,,,,,,,,,,,,,,,,
,1385,0.00020404651877470315,0.008682172745466232,0.0813855454325676,0.1066795289516449,40,,,,,,,,,,,,
,1393,,,,,40,0.00038394954754039645,0.009460278786718845,0.09670305252075195,0.0988037958741188,,,,,,,,
0.00048614220877458406,1418,,,,,,,,,,,,,,,,,
0.00048614220877458406,1418,,,,,,,,,,,,,,,,,
0.00048614220877458406,1418,,,,,,,,,,,,,,,,,
0.00048614220877458406,1418,,,,,,,,,,,,,,,,,
,1418,0.00039390171878039837,0.011334680020809174,0.08842649310827255,0.12818193435668945,41,,,,,,,,,,,,
,1427,,,,,41,0.0003896383277606219,0.009795104153454304,0.09670303761959076,0.10229326784610748,,,,,,,,
0.0004951285930408472,1451,,,,,,,,,,,,,,,,,
0.0004951285930408472,1451,,,,,,,,,,,,,,,,,
0.0004951285930408472,1451,,,,,,,,,,,,,,,,,
0.0004951285930408472,1451,,,,,,,,,,,,,,,,,
,1451,0.0002197761059505865,0.010046666488051414,0.09246673434972763,0.10865167528390884,42,,,,,,,,,,,,
,1461,,,,,42,0.0004078692873008549,0.010246776044368744,0.09670305997133255,0.10710640996694565,,,,,,,,
0.0005041149773071105,1484,,,,,,,,,,,,,,,,,
0.0005041149773071105,1484,,,,,,,,,,,,,,,,,
0.0005041149773071105,1484,,,,,,,,,,,,,,,,,
0.0005041149773071105,1484,,,,,,,,,,,,,,,,,
,1484,6.236725312191993e-05,0.005319019313901663,0.08221110701560974,0.06469951570034027,43,,,,,,,,,,,,
,1495,,,,,43,0.00036601198371499777,0.009744318202137947,0.09670303761959076,0.10124321281909943,,,,,,,,
0.0005131013615733737,1517,,,,,,,,,,,,,,,,,
0.0005131013615733737,1517,,,,,,,,,,,,,,,,,
0.0005131013615733737,1517,,,,,,,,,,,,,,,,,
0.0005131013615733737,1517,,,,,,,,,,,,,,,,,
,1517,6.193398439791054e-05,0.005996759049594402,0.09923994541168213,0.06042686104774475,44,,,,,,,,,,,,
,136,,,,,,,,,,0.00022186378191690892,0.007827263325452805,0.09195023030042648,0.08512499183416367,,,,
,137,,,,,,,,,,0.00029869162244722247,0.008820882998406887,0.039159953594207764,0.22525258362293243,,,,
,138,,,,,,,,,,0.00036473432555794716,0.011313127353787422,0.07243724912405014,0.1561782956123352,,,,
,139,,,,,,,,,,0.000401999190216884,0.010853847488760948,0.09695577621459961,0.11194635927677155,,,,
,140,,,,,,,,,,0.0009170229895971715,0.013515355996787548,0.08865968883037567,0.15244080126285553,,,,
,141,,,,,,,,,,0.00026647537015378475,0.0078854039311409,0.05721943825483322,0.1378098577260971,,,,
,142,,,,,,,,,,0.0004061736981384456,0.009239774197340012,0.025477152317762375,0.3626689016819,,,,
,143,,,,,,,,,,0.0003082936455029994,0.009722228161990643,0.06866084039211273,0.14159783720970154,,,,
,144,,,,,,,,,,0.00025482531054876745,0.008807111531496048,0.11188463866710663,0.07871599495410919,,,,
,145,,,,,,,,,,0.0006172977155074477,0.01174660213291645,0.10694815963506699,0.10983452945947647,,,,
,146,,,,,,,,,,0.0002831956371665001,0.00831543654203415,0.08197197318077087,0.10144241899251938,,,,
,147,,,,,,,,,,0.00031840731389820576,0.008323094807565212,0.07832591235637665,0.10626232624053955,,,,
,148,,,,,,,,,,0.0014159264974296093,0.018365364521741867,0.07550571858882904,0.243231400847435,,,,
,149,,,,,,,,,,0.0009346199221909046,0.01700682006776333,0.06541398167610168,0.2599875032901764,,,,
,150,,,,,,,,,,0.00046556544839404523,0.014170711860060692,0.1331549882888794,0.10642267763614655,,,,
,151,,,,,,,,,,2.589506584627088e-05,0.0038406522944569588,0.08672043681144714,0.04428773745894432,,,,
,152,,,,,,,,,,0.001178433420136571,0.014491930603981018,0.05225556343793869,0.2773279547691345,,,,
,1529,,,,,44,,,,,,,,,0.000490315374918282,0.010727250017225742,0.07918630540370941,0.155264750123024
,1529,,,,,44,0.0004139901138842106,0.010073075070977211,0.09670304507017136,0.10554109513759613,,,,,,,,
0.0005220877458396369,1550,,,,,,,,,,,,,,,,,
0.0005220877458396369,1550,,,,,,,,,,,,,,,,,
0.0005220877458396369,1550,,,,,,,,,,,,,,,,,
0.0005220877458396369,1550,,,,,,,,,,,,,,,,,
,1550,0.00043849702342413366,0.01059466041624546,0.11621056497097015,0.09116778522729874,45,,,,,,,,,,,,
,1563,,,,,45,0.00037562521174550056,0.009772300720214844,0.09670306742191315,0.10213573276996613,,,,,,,,
0.0005310741301059002,1583,,,,,,,,,,,,,,,,,
0.0005310741301059002,1583,,,,,,,,,,,,,,,,,
0.0005310741301059002,1583,,,,,,,,,,,,,,,,,
0.0005310741301059002,1583,,,,,,,,,,,,,,,,,
,1583,0.0007543344981968403,0.01280379667878151,0.0778844803571701,0.16439469158649445,46,,,,,,,,,,,,
,1597,,,,,46,0.00040676278877072036,0.010350379161536694,0.09670301526784897,0.10882110148668289,,,,,,,,
0.0005400605143721634,1616,,,,,,,,,,,,,,,,,
0.0005400605143721634,1616,,,,,,,,,,,,,,,,,
0.0005400605143721634,1616,,,,,,,,,,,,,,,,,
0.0005400605143721634,1616,,,,,,,,,,,,,,,,,
,1616,0.00030647803214378655,0.00735277496278286,0.09092193096876144,0.08086909353733063,47,,,,,,,,,,,,
,1631,,,,,47,0.0003755008801817894,0.009821412153542042,0.09670309722423553,0.10351302474737167,,,,,,,,
0.0005490468986384267,1649,,,,,,,,,,,,,,,,,
0.0005490468986384267,1649,,,,,,,,,,,,,,,,,
0.0005490468986384267,1649,,,,,,,,,,,,,,,,,
0.0005490468986384267,1649,,,,,,,,,,,,,,,,,
,1649,0.0002389676810707897,0.00948816817253828,0.08667226135730743,0.10947178304195404,48,,,,,,,,,,,,
,1665,,,,,48,0.0004109291476197541,0.01011521928012371,0.09670305252075195,0.10529205203056335,,,,,,,,
0.0005580332829046899,1682,,,,,,,,,,,,,,,,,
0.0005580332829046899,1682,,,,,,,,,,,,,,,,,
0.0005580332829046899,1682,,,,,,,,,,,,,,,,,
0.0005580332829046899,1682,,,,,,,,,,,,,,,,,
,1682,0.0005469227908179164,0.008853630162775517,0.10260143131017685,0.08629147708415985,49,,,,,,,,,,,,
,153,,,,,,,,,,0.0010104588000103831,0.015464596450328827,0.09195023030042648,0.16818439960479736,,,,
,154,,,,,,,,,,0.0005228569498285651,0.01290976069867611,0.039159953594207764,0.329667329788208,,,,
,155,,,,,,,,,,0.00016893944120965898,0.008454306982457638,0.07243724912405014,0.11671213060617447,,,,
,156,,,,,,,,,,0.0002378534700255841,0.009109634906053543,0.09695577621459961,0.0939565896987915,,,,
,157,,,,,,,,,,0.0001280111027881503,0.007235403172671795,0.08865968883037567,0.08160870522260666,,,,
,158,,,,,,,,,,0.0006493375403806567,0.012869147583842278,0.05721943825483322,0.22490863502025604,,,,
,159,,,,,,,,,,9.520540334051475e-05,0.005792750045657158,0.025477152317762375,0.22737030684947968,,,,
,160,,,,,,,,,,0.00011125043965876102,0.006676080636680126,0.06866084039211273,0.09723271429538727,,,,
,161,,,,,,,,,,0.00014059004024602473,0.007650838233530521,0.11188463866710663,0.06838148087263107,,,,
,162,,,,,,,,,,0.00020050400053150952,0.009211710654199123,0.10694815963506699,0.0861324742436409,,,,
,163,,,,,,,,,,0.0005934273358434439,0.011881436221301556,0.08197197318077087,0.14494508504867554,,,,
,164,,,,,,,,,,0.0003059301234316081,0.009458228945732117,0.07832591235637665,0.12075477093458176,,,,
,165,,,,,,,,,,6.0955306253163144e-05,0.004329190123826265,0.07550571858882904,0.05733591690659523,,,,
,166,,,,,,,,,,0.0007520077633671463,0.015807460993528366,0.06541398167610168,0.24165259301662445,,,,
,167,,,,,,,,,,0.0007272676448337734,0.014625970274209976,0.1331549882888794,0.10984168946743011,,,,
,168,,,,,,,,,,9.872434748103842e-05,0.006623813882470131,0.08672043681144714,0.07638122141361237,,,,
,169,,,,,,,,,,1.4240004020393826e-05,0.002845668001100421,0.05225556343793869,0.05445673689246178,,,,
,1699,,,,,49,,,,,,,,,0.00035214785020798445,0.009668069891631603,0.07918630540370941,0.13771480321884155
,1699,,,,,49,0.000377366115571931,0.009847366251051426,0.09670305252075195,0.10231885313987732,,,,,,,,
0.0005670196671709531,1715,,,,,,,,,,,,,,,,,
0.0005670196671709531,1715,,,,,,,,,,,,,,,,,
0.0005670196671709531,1715,,,,,,,,,,,,,,,,,
0.0005670196671709531,1715,,,,,,,,,,,,,,,,,
,1715,0.00018520778394304216,0.008493827655911446,0.10185515880584717,0.0833912268280983,50,,,,,,,,,,,,
,1733,,,,,50,0.00039004714926704764,0.009750309400260448,0.09670305997133255,0.102237269282341,,,,,,,,
0.0005760060514372164,1748,,,,,,,,,,,,,,,,,
0.0005760060514372164,1748,,,,,,,,,,,,,,,,,
0.0005760060514372164,1748,,,,,,,,,,,,,,,,,
0.0005760060514372164,1748,,,,,,,,,,,,,,,,,
,1748,9.50942630879581e-05,0.007891988381743431,0.08333977311849594,0.0946965292096138,51,,,,,,,,,,,,
,1767,,,,,51,0.00047665188321843743,0.0111034931614995,0.09670305252075195,0.11600731313228607,,,,,,,,
0.0005849924357034796,1781,,,,,,,,,,,,,,,,,
0.0005849924357034796,1781,,,,,,,,,,,,,,,,,
0.0005849924357034796,1781,,,,,,,,,,,,,,,,,
0.0005849924357034796,1781,,,,,,,,,,,,,,,,,
,1781,0.0001632479834370315,0.008147114887833595,0.08528199791908264,0.09553146362304688,52,,,,,,,,,,,,
,1801,,,,,52,0.0004071101429872215,0.010086407884955406,0.09670308232307434,0.10596912354230881,,,,,,,,
0.0005939788199697429,1814,,,,,,,,,,,,,,,,,
0.0005939788199697429,1814,,,,,,,,,,,,,,,,,
0.0005939788199697429,1814,,,,,,,,,,,,,,,,,
0.0005939788199697429,1814,,,,,,,,,,,,,,,,,
,1814,0.00028250488685444,0.009543079882860184,0.07959400862455368,0.11989694833755493,53,,,,,,,,,,,,
,1835,,,,,53,0.00040412350790575147,0.010140618309378624,0.09670308232307434,0.10662048310041428,,,,,,,,
0.0006029652042360059,1847,,,,,,,,,,,,,,,,,
0.0006029652042360059,1847,,,,,,,,,,,,,,,,,
0.0006029652042360059,1847,,,,,,,,,,,,,,,,,
0.0006029652042360059,1847,,,,,,,,,,,,,,,,,
,1847,0.0006002063164487481,0.010587441734969616,0.10122742503881454,0.10459063202142715,54,,,,,,,,,,,,
,170,,,,,,,,,,0.0002127869811374694,0.00870530679821968,0.09195023030042648,0.09467410296201706,,,,
,171,,,,,,,,,,0.00016490428242832422,0.006488127633929253,0.039159953594207764,0.16568267345428467,,,,
,172,,,,,,,,,,0.0002194960688939318,0.008227700367569923,0.07243724912405014,0.11358381807804108,,,,
,173,,,,,,,,,,0.0006723655387759209,0.013243203982710838,0.09695577621459961,0.1365901380777359,,,,
,174,,,,,,,,,,0.0006906109629198909,0.012827310711145401,0.08865968883037567,0.14468029141426086,,,,
,175,,,,,,,,,,0.00016542609955649823,0.006267016287893057,0.05721943825483322,0.10952598601579666,,,,
,176,,,,,,,,,,0.00018326580175198615,0.00637405551970005,0.025477152317762375,0.2501870393753052,,,,
,177,,,,,,,,,,0.00015809229807928205,0.007798632141202688,0.06866084039211273,0.11358193308115005,,,,
,178,,,,,,,,,,0.0003586221719160676,0.010195771232247353,0.11188463866710663,0.09112752974033356,,,,
,179,,,,,,,,,,0.00013821039465256035,0.005792108830064535,0.10694815963506699,0.05415809154510498,,,,
,180,,,,,,,,,,0.00036302750231698155,0.010598888620734215,0.08197197318077087,0.12929891049861908,,,,
,181,,,,,,,,,,0.00029272702522575855,0.009067225269973278,0.07832591235637665,0.11576276272535324,,,,
,182,,,,,,,,,,0.0008933744393289089,0.011667254380881786,0.07550571858882904,0.15452145040035248,,,,
,183,,,,,,,,,,0.00027503559249453247,0.009504763409495354,0.06541398167610168,0.1453016847372055,,,,
,184,,,,,,,,,,0.00010882718197535723,0.00758055504411459,0.1331549882888794,0.0569303072988987,,,,
,185,,,,,,,,,,0.0004264965537004173,0.00724555691704154,0.08672043681144714,0.08355073630809784,,,,
,186,,,,,,,,,,2.809723446262069e-05,0.0035980120301246643,0.05225556343793869,0.06885413080453873,,,,
,1869,,,,,54,,,,,,,,,0.00032347379601560533,0.00868984591215849,0.07918630540370941,0.12082329392433167
,1869,,,,,54,0.00038565750583074987,0.009496758691966534,0.09670306742191315,0.09901686757802963,,,,,,,,
0.0006119515885022693,1880,,,,,,,,,,,,,,,,,
0.0006119515885022693,1880,,,,,,,,,,,,,,,,,
0.0006119515885022693,1880,,,,,,,,,,,,,,,,,
0.0006119515885022693,1880,,,,,,,,,,,,,,,,,
,1880,0.0002552128571551293,0.007548208348453045,0.08670882880687714,0.0870523527264595,55,,,,,,,,,,,,
,1903,,,,,55,0.00041489824070595205,0.009858690202236176,0.09670305997133255,0.10286280512809753,,,,,,,,
0.0006209379727685325,1913,,,,,,,,,,,,,,,,,
0.0006209379727685325,1913,,,,,,,,,,,,,,,,,
0.0006209379727685325,1913,,,,,,,,,,,,,,,,,
0.0006209379727685325,1913,,,,,,,,,,,,,,,,,
,1913,0.0001361479953629896,0.009232869371771812,0.09936124086380005,0.09292223304510117,56,,,,,,,,,,,,
,1937,,,,,56,0.00038858893094584346,0.010369153693318367,0.09670306742191315,0.10876626521348953,,,,,,,,
0.0006299243570347957,1946,,,,,,,,,,,,,,,,,
0.0006299243570347957,1946,,,,,,,,,,,,,,,,,
0.0006299243570347957,1946,,,,,,,,,,,,,,,,,
0.0006299243570347957,1946,,,,,,,,,,,,,,,,,
,1946,4.9823800509329885e-05,0.004482284188270569,0.0706411823630333,0.06345142424106598,57,,,,,,,,,,,,
,1971,,,,,57,0.0003871509979944676,0.009828301146626472,0.09670304507017136,0.10296324640512466,,,,,,,,
0.0006389107413010591,1979,,,,,,,,,,,,,,,,,
0.0006389107413010591,1979,,,,,,,,,,,,,,,,,
0.0006389107413010591,1979,,,,,,,,,,,,,,,,,
0.0006389107413010591,1979,,,,,,,,,,,,,,,,,
,1979,0.000185356053407304,0.007724249269813299,0.10086235404014587,0.07658207416534424,58,,,,,,,,,,,,
,2005,,,,,58,0.0003593954024836421,0.009467420168220997,0.09670305997133255,0.09902825206518173,,,,,,,,
0.0006478971255673222,2012,,,,,,,,,,,,,,,,,
0.0006478971255673222,2012,,,,,,,,,,,,,,,,,
0.0006478971255673222,2012,,,,,,,,,,,,,,,,,
0.0006478971255673222,2012,,,,,,,,,,,,,,,,,
,2012,0.0002303428773302585,0.007980563677847385,0.07034638524055481,0.1134466603398323,59,,,,,,,,,,,,
,187,,,,,,,,,,0.00013729270722251385,0.006756496615707874,0.09195023030042648,0.07347992062568665,,,,
,188,,,,,,,,,,0.0002750376588664949,0.007508964277803898,0.039159953594207764,0.19175104796886444,,,,
,189,,,,,,,,,,0.0004999981611035764,0.009930162690579891,0.07243724912405014,0.1370863914489746,,,,
,190,,,,,,,,,,0.0005244517233222723,0.011467593722045422,0.09695577621459961,0.11827652901411057,,,,
,191,,,,,,,,,,0.0007270946516655385,0.01263352669775486,0.08865968883037567,0.1424945890903473,,,,
,192,,,,,,,,,,8.53628444019705e-05,0.005998594220727682,0.05721943825483322,0.10483488440513611,,,,
,193,,,,,,,,,,0.00011235931015107781,0.00635394174605608,0.025477152317762375,0.24939754605293274,,,,
,194,,,,,,,,,,0.00012797428644262254,0.0065811071544885635,0.06866084039211273,0.09584948420524597,,,,
,195,,,,,,,,,,0.00040098847239278257,0.012638445012271404,0.11188463866710663,0.1129596009850502,,,,
,196,,,,,,,,,,0.0001310033694608137,0.007748208474367857,0.10694815963506699,0.0724482536315918,,,,
,197,,,,,,,,,,9.770218457560986e-05,0.006488175131380558,0.08197197318077087,0.07915113121271133,,,,
,198,,,,,,,,,,0.00012736802455037832,0.006868337746709585,0.07832591235637665,0.08768920600414276,,,,
,199,,,,,,,,,,0.000732642482034862,0.011623508296906948,0.07550571858882904,0.1539420783519745,,,,
,200,,,,,,,,,,0.0003092257247772068,0.008284209296107292,0.06541398167610168,0.12664277851581573,,,,
,201,,,,,,,,,,0.0005687654484063387,0.012683465145528316,0.1331549882888794,0.09525339305400848,,,,
,202,,,,,,,,,,0.00016232217603828758,0.007693172432482243,0.08672043681144714,0.08871232718229294,,,,
,203,,,,,,,,,,0.00017352061695419252,0.008336277678608894,0.05225556343793869,0.1595289707183838,,,,
,2039,,,,,59,,,,,,,,,0.0003094757266808301,0.008813698776066303,0.07918630540370941,0.12180203944444656
,2039,,,,,59,0.0003542805789038539,0.009315419010818005,0.09670304507017136,0.09718280285596848,,,,,,,,
0.0006568835098335854,2045,,,,,,,,,,,,,,,,,
0.0006568835098335854,2045,,,,,,,,,,,,,,,,,
0.0006568835098335854,2045,,,,,,,,,,,,,,,,,
0.0006568835098335854,2045,,,,,,,,,,,,,,,,,
,2045,0.00013626320287585258,0.007125950418412685,0.1026444062590599,0.06942365318536758,60,,,,,,,,,,,,
,2073,,,,,60,0.00046853552339598536,0.010497650131583214,0.09670305252075195,0.10965090245008469,,,,,,,,
0.0006658698940998488,2078,,,,,,,,,,,,,,,,,
0.0006658698940998488,2078,,,,,,,,,,,,,,,,,
0.0006658698940998488,2078,,,,,,,,,,,,,,,,,
0.0006658698940998488,2078,,,,,,,,,,,,,,,,,
,2078,0.0002974406525027007,0.01002035103738308,0.10719688981771469,0.09347612410783768,61,,,,,,,,,,,,
,2107,,,,,61,0.0004248675249982625,0.01087193377315998,0.09670305997133255,0.11410349607467651,,,,,,,,
0.000674856278366112,2111,,,,,,,,,,,,,,,,,
0.000674856278366112,2111,,,,,,,,,,,,,,,,,
0.000674856278366112,2111,,,,,,,,,,,,,,,,,
0.000674856278366112,2111,,,,,,,,,,,,,,,,,
,2111,0.00014366928371600807,0.007227865979075432,0.10625400394201279,0.0680244043469429,62,,,,,,,,,,,,
,2141,,,,,62,0.0004135302733629942,0.010096661746501923,0.09670305252075195,0.10536283254623413,,,,,,,,
0.0006838426626323752,2144,,,,,,,,,,,,,,,,,
0.0006838426626323752,2144,,,,,,,,,,,,,,,,,
0.0006838426626323752,2144,,,,,,,,,,,,,,,,,
0.0006838426626323752,2144,,,,,,,,,,,,,,,,,
,2144,0.00028585593099705875,0.007884219288825989,0.09533810615539551,0.08269745111465454,63,,,,,,,,,,,,
,2175,,,,,63,0.00039616244612261653,0.009940729476511478,0.09670304507017136,0.10363611578941345,,,,,,,,
0.0006928290468986385,2177,,,,,,,,,,,,,,,,,
0.0006928290468986385,2177,,,,,,,,,,,,,,,,,
0.0006928290468986385,2177,,,,,,,,,,,,,,,,,
0.0006928290468986385,2177,,,,,,,,,,,,,,,,,
,2177,9.401894931215793e-05,0.0060136206448078156,0.08686278760433197,0.06923125684261322,64,,,,,,,,,,,,
,204,,,,,,,,,,0.001154077472165227,0.013176314532756805,0.09195023030042648,0.14329831302165985,,,,
,205,,,,,,,,,,0.00022213665943127126,0.007897429168224335,0.039159953594207764,0.20167100429534912,,,,
,206,,,,,,,,,,0.00014434879994951189,0.0060874223709106445,0.07243724912405014,0.0840371698141098,,,,
,207,,,,,,,,,,0.0012091079261153936,0.015365402214229107,0.09695577621459961,0.15847843885421753,,,,
,208,,,,,,,,,,0.00024632117128930986,0.008716695941984653,0.08865968883037567,0.09831632673740387,,,,
,209,,,,,,,,,,0.0005881909746676683,0.010678115300834179,0.05721943825483322,0.18661688268184662,,,,
,210,,,,,,,,,,1.550156230223365e-05,0.002527553355321288,0.025477152317762375,0.09920859336853027,,,,
,211,,,,,,,,,,0.00011198876745766029,0.006902461405843496,0.06866084039211273,0.10052979737520218,,,,
,212,,,,,,,,,,0.000517284672241658,0.011615872383117676,0.11188463866710663,0.1038200706243515,,,,
,213,,,,,,,,,,0.00025838016881607473,0.008736841380596161,0.10694815963506699,0.08169229328632355,,,,
,214,,,,,,,,,,0.0008723485516384244,0.012904027476906776,0.08197197318077087,0.15741997957229614,,,,
,215,,,,,,,,,,0.00014095011283643544,0.006891527678817511,0.07832591235637665,0.08798526972532272,,,,
,216,,,,,,,,,,6.125860818428919e-05,0.004685480147600174,0.07550571858882904,0.06205463036894798,,,,
,217,,,,,,,,,,0.00027969569782726467,0.009247241541743279,0.06541398167610168,0.14136488735675812,,,,
,218,,,,,,,,,,0.0001388159580528736,0.007113729603588581,0.1331549882888794,0.05342442914843559,,,,
,219,,,,,,,,,,8.405408880207688e-05,0.005965459160506725,0.08672043681144714,0.0687895342707634,,,,
,220,,,,,,,,,,0.00019509493722580373,0.006872221361845732,0.05225556343793869,0.13151173293590546,,,,
,2209,,,,,64,,,,,,,,,0.0003722429391928017,0.008602889254689217,0.07918630540370941,0.11481597274541855
,2209,,,,,64,0.00039335410110652447,0.009904099628329277,0.09670302271842957,0.10311724245548248,,,,,,,,
0.0007018154311649017,2210,,,,,,,,,,,,,,,,,
0.0007018154311649017,2210,,,,,,,,,,,,,,,,,
0.0007018154311649017,2210,,,,,,,,,,,,,,,,,
0.0007018154311649017,2210,,,,,,,,,,,,,,,,,
,2210,0.00011669543891912326,0.006029545329511166,0.11406847089529037,0.052858997136354446,65,,,,,,,,,,,,
0.0007108018154311649,2243,,,,,,,,,,,,,,,,,
,2243,9.956777648767456e-05,0.006664646789431572,0.10628381371498108,0.0627061277627945,65,,,,,,,,,,,,
,2243,,,,,65,0.00038842897629365325,0.010548735037446022,0.09670301526784897,0.1102362647652626,,,,,,,,
0.0007197881996974282,2276,,,,,,,,,,,,,,,,,
0.0007197881996974282,2276,,,,,,,,,,,,,,,,,
0.0007197881996974282,2276,,,,,,,,,,,,,,,,,
0.0007197881996974282,2276,,,,,,,,,,,,,,,,,
,2276,0.0008576847612857819,0.013514572754502296,0.11139537394046783,0.12132076174020767,66,,,,,,,,,,,,
,2277,,,,,66,0.0003849752829410136,0.009770439006388187,0.09670305252075195,0.10252389311790466,,,,,,,,
0.0007287745839636914,2309,,,,,,,,,,,,,,,,,
0.0007287745839636914,2309,,,,,,,,,,,,,,,,,
0.0007287745839636914,2309,,,,,,,,,,,,,,,,,
0.0007287745839636914,2309,,,,,,,,,,,,,,,,,
,2309,0.0008729341789148748,0.014142672531306744,0.08250827342271805,0.17140913009643555,67,,,,,,,,,,,,
,2311,,,,,67,0.0003876729460898787,0.010090752504765987,0.09670305252075195,0.10554108768701553,,,,,,,,
0.0007377609682299546,2342,,,,,,,,,,,,,,,,,
0.0007377609682299546,2342,,,,,,,,,,,,,,,,,
0.0007377609682299546,2342,,,,,,,,,,,,,,,,,
0.0007377609682299546,2342,,,,,,,,,,,,,,,,,
,2342,0.00010569881123956293,0.006644108798354864,0.077309750020504,0.08594139665365219,68,,,,,,,,,,,,
,2345,,,,,68,0.0003920435265172273,0.010144074447453022,0.09670303761959076,0.10630036890506744,,,,,,,,
0.0007467473524962178,2375,,,,,,,,,,,,,,,,,
0.0007467473524962178,2375,,,,,,,,,,,,,,,,,
0.0007467473524962178,2375,,,,,,,,,,,,,,,,,
0.0007467473524962178,2375,,,,,,,,,,,,,,,,,
,2375,0.000273863784968853,0.009257093071937561,0.09465104341506958,0.09780232608318329,69,,,,,,,,,,,,
,221,,,,,,,,,,0.00013107752602081746,0.00650083739310503,0.09195023030042648,0.07069951295852661,,,,
,222,,,,,,,,,,0.00023750528634991497,0.007050932385027409,0.039159953594207764,0.18005461990833282,,,,
,223,,,,,,,,,,0.000490322767291218,0.009969438426196575,0.07243724912405014,0.13762860000133514,,,,
,224,,,,,,,,,,0.000556097540538758,0.010009944438934326,0.09695577621459961,0.10324236005544662,,,,
,225,,,,,,,,,,0.0007867479580454528,0.011977247893810272,0.08865968883037567,0.1350923627614975,,,,
,226,,,,,,,,,,0.0002460211399011314,0.007593712769448757,0.05721943825483322,0.13271209597587585,,,,
,227,,,,,,,,,,0.0002559578279033303,0.008082686923444271,0.025477152317762375,0.3172522485256195,,,,
,228,,,,,,,,,,0.0008611403172835708,0.014225095510482788,0.06866084039211273,0.20717912912368774,,,,
,229,,,,,,,,,,0.0005986553151160479,0.012737496756017208,0.11188463866710663,0.11384490132331848,,,,
,230,,,,,,,,,,0.0010298039996996522,0.012777943164110184,0.10694815963506699,0.11947790533304214,,,,
,231,,,,,,,,,,0.00030916579999029636,0.009604943916201591,0.08197197318077087,0.11717350035905838,,,,
,232,,,,,,,,,,0.0003151625278405845,0.010620339773595333,0.07832591235637665,0.13559164106845856,,,,
,233,,,,,,,,,,0.00012406540918163955,0.006408007349818945,0.07550571858882904,0.08486782759428024,,,,
,234,,,,,,,,,,0.0005558879347518086,0.011654725298285484,0.06541398167610168,0.17816868424415588,,,,
,235,,,,,,,,,,0.0010585980489850044,0.014185975305736065,0.1331549882888794,0.10653731226921082,,,,
,236,,,,,,,,,,0.00022306291793938726,0.007607968058437109,0.08672043681144714,0.0877298042178154,,,,
,237,,,,,,,,,,0.00035552363260649145,0.009741670452058315,0.05225556343793869,0.18642356991767883,,,,
,2379,,,,,69,,,,,,,,,0.0004822444752790034,0.010053220205008984,0.07918630540370941,0.1406342089176178
,2379,,,,,69,0.0004231935308780521,0.010050399228930473,0.09670305252075195,0.1058499813079834,,,,,,,,
0.0007557337367624812,2408,,,,,,,,,,,,,,,,,
0.0007557337367624812,2408,,,,,,,,,,,,,,,,,
0.0007557337367624812,2408,,,,,,,,,,,,,,,,,
0.0007557337367624812,2408,,,,,,,,,,,,,,,,,
,2408,0.0006408013287000358,0.013435622677206993,0.09509862959384918,0.1412809193134308,70,,,,,,,,,,,,
,2413,,,,,70,0.0004000705375801772,0.010059554129838943,0.09670303761959076,0.10495004802942276,,,,,,,,
0.0007647201210287443,2441,,,,,,,,,,,,,,,,,
0.0007647201210287443,2441,,,,,,,,,,,,,,,,,
0.0007647201210287443,2441,,,,,,,,,,,,,,,,,
0.0007647201210287443,2441,,,,,,,,,,,,,,,,,
,2441,0.0003966406802646816,0.01078409980982542,0.10573463141918182,0.10199211537837982,71,,,,,,,,,,,,
,2447,,,,,71,0.0004086076223757118,0.010034969076514244,0.09670303761959076,0.10458837449550629,,,,,,,,
0.0007737065052950075,2474,,,,,,,,,,,,,,,,,
0.0007737065052950075,2474,,,,,,,,,,,,,,,,,
0.0007737065052950075,2474,,,,,,,,,,,,,,,,,
0.0007737065052950075,2474,,,,,,,,,,,,,,,,,
,2474,0.00018557165458332747,0.009098522365093231,0.10699644684791565,0.08503573387861252,72,,,,,,,,,,,,
,2481,,,,,72,0.00042170207598246634,0.01029422041028738,0.09670305252075195,0.10725254565477371,,,,,,,,
0.0007826928895612709,2507,,,,,,,,,,,,,,,,,
0.0007826928895612709,2507,,,,,,,,,,,,,,,,,
0.0007826928895612709,2507,,,,,,,,,,,,,,,,,
0.0007826928895612709,2507,,,,,,,,,,,,,,,,,
,2507,9.797948587220162e-05,0.006529940292239189,0.08342790603637695,0.07827045023441315,73,,,,,,,,,,,,
,2515,,,,,73,0.0003804722218774259,0.010236408561468124,0.09670304507017136,0.10691100358963013,,,,,,,,
0.000791679273827534,2540,,,,,,,,,,,,,,,,,
0.000791679273827534,2540,,,,,,,,,,,,,,,,,
0.000791679273827534,2540,,,,,,,,,,,,,,,,,
0.000791679273827534,2540,,,,,,,,,,,,,,,,,
,2540,0.0008398956852033734,0.01503221970051527,0.10876025259494781,0.13821426033973694,74,,,,,,,,,,,,
,238,,,,,,,,,,0.00040923396591097116,0.01167272962629795,0.09195023030042648,0.12694615125656128,,,,
,239,,,,,,,,,,0.00010307970660505816,0.005668353289365768,0.039159953594207764,0.14474868774414062,,,,
,240,,,,,,,,,,0.000206426513614133,0.008426222950220108,0.07243724912405014,0.11632443219423294,,,,
,241,,,,,,,,,,0.00011546804307727143,0.008051599375903606,0.09695577621459961,0.08304402977228165,,,,
,242,,,,,,,,,,0.0006506518693640828,0.01522882655262947,0.08865968883037567,0.17176717519760132,,,,
,243,,,,,,,,,,8.53838209877722e-05,0.005627600010484457,0.05721943825483322,0.09835117310285568,,,,
,244,,,,,,,,,,0.00022854021517559886,0.006715429946780205,0.025477152317762375,0.26358625292778015,,,,
,245,,,,,,,,,,0.00024764062254689634,0.010352068580687046,0.06866084039211273,0.15077105164527893,,,,
,246,,,,,,,,,,0.0002923225692939013,0.010554438456892967,0.11188463866710663,0.094333216547966,,,,
,247,,,,,,,,,,0.000860874482896179,0.015790246427059174,0.10694815963506699,0.14764390885829926,,,,
,248,,,,,,,,,,0.00038911576848477125,0.010797913186252117,0.08197197318077087,0.13172687590122223,,,,
,249,,,,,,,,,,0.0002553326776251197,0.009627116844058037,0.07832591235637665,0.1229109913110733,,,,
,250,,,,,,,,,,0.0001684215385466814,0.00860382616519928,0.07550571858882904,0.11394931375980377,,,,
,251,,,,,,,,,,0.00010204337741015479,0.006400467362254858,0.06541398167610168,0.09784553945064545,,,,
,252,,,,,,,,,,0.0007254090160131454,0.012644580565392971,0.1331549882888794,0.09496136754751205,,,,
,253,,,,,,,,,,0.0002401802921667695,0.009867319837212563,0.08672043681144714,0.1137830838561058,,,,
,254,,,,,,,,,,0.00021866137103643268,0.008273903280496597,0.05225556343793869,0.15833532810211182,,,,
,2549,,,,,74,,,,,,,,,0.000314512406475842,0.009707011282444,0.07918630540370941,0.13041579723358154
,2549,,,,,74,0.00041504399268887937,0.010120222344994545,0.09670303761959076,0.10592830926179886,,,,,,,,
0.0008006656580937973,2573,,,,,,,,,,,,,,,,,
0.0008006656580937973,2573,,,,,,,,,,,,,,,,,
0.0008006656580937973,2573,,,,,,,,,,,,,,,,,
0.0008006656580937973,2573,,,,,,,,,,,,,,,,,
,2573,0.0004172655753791332,0.010101363062858582,0.08528527617454529,0.11844203621149063,75,,,,,,,,,,,,
,2583,,,,,75,0.00036238293978385627,0.00987845566123724,0.09670302271842957,0.10302627831697464,,,,,,,,
0.0008096520423600606,2606,,,,,,,,,,,,,,,,,
0.0008096520423600606,2606,,,,,,,,,,,,,,,,,
0.0008096520423600606,2606,,,,,,,,,,,,,,,,,
0.0008096520423600606,2606,,,,,,,,,,,,,,,,,
,2606,0.00043134012958034873,0.010040012188255787,0.10608377307653427,0.0946422889828682,76,,,,,,,,,,,,
,2617,,,,,76,0.0004356847784947604,0.009840330109000206,0.09670306742191315,0.103700190782547,,,,,,,,
0.0008186384266263237,2639,,,,,,,,,,,,,,,,,
0.0008186384266263237,2639,,,,,,,,,,,,,,,,,
0.0008186384266263237,2639,,,,,,,,,,,,,,,,,
0.0008186384266263237,2639,,,,,,,,,,,,,,,,,
,2639,0.00024916481925174594,0.008710496127605438,0.11312307417392731,0.07700016349554062,77,,,,,,,,,,,,
,2651,,,,,77,0.00036033958895131946,0.009553288109600544,0.09670303761959076,0.09989097714424133,,,,,,,,
0.000827624810892587,2672,,,,,,,,,,,,,,,,,
0.000827624810892587,2672,,,,,,,,,,,,,,,,,
0.000827624810892587,2672,,,,,,,,,,,,,,,,,
0.000827624810892587,2672,,,,,,,,,,,,,,,,,
,2672,0.0009196074679493904,0.013946585357189178,0.09441977739334106,0.14770829677581787,78,,,,,,,,,,,,
,2685,,,,,78,0.0004056379839312285,0.01022584829479456,0.09670305252075195,0.10722678154706955,,,,,,,,
0.0008366111951588503,2705,,,,,,,,,,,,,,,,,
0.0008366111951588503,2705,,,,,,,,,,,,,,,,,
0.0008366111951588503,2705,,,,,,,,,,,,,,,,,
0.0008366111951588503,2705,,,,,,,,,,,,,,,,,
,2705,0.0006727233994752169,0.010439496487379074,0.10130982100963593,0.10304524749517441,79,,,,,,,,,,,,
,255,,,,,,,,,,0.00015515742416027933,0.009075343608856201,0.09195023030042648,0.09869842231273651,,,,
,256,,,,,,,,,,0.0002816212363541126,0.010049719363451004,0.039159953594207764,0.2566325068473816,,,,
,257,,,,,,,,,,0.0005806749686598778,0.014217901043593884,0.07243724912405014,0.19627884030342102,,,,
,258,,,,,,,,,,8.546280150767416e-05,0.0073113813996315,0.09695577621459961,0.07540944218635559,,,,
,259,,,,,,,,,,0.0005283174687065184,0.013876992277801037,0.08865968883037567,0.15651972591876984,,,,
,260,,,,,,,,,,0.000701563898473978,0.013032065704464912,0.05721943825483322,0.22775587439537048,,,,
,261,,,,,,,,,,0.0001656117819948122,0.007468808442354202,0.025477152317762375,0.29315701127052307,,,,
,262,,,,,,,,,,0.00016027031233534217,0.009061019867658615,0.06866084039211273,0.13196778297424316,,,,
,263,,,,,,,,,,0.0003076505963690579,0.012689980678260326,0.11188463866710663,0.11342021077871323,,,,
,264,,,,,,,,,,0.00040056457510218024,0.013666532933712006,0.10694815963506699,0.12778650224208832,,,,
,265,,,,,,,,,,0.0002001584362005815,0.010491548106074333,0.08197197318077087,0.12798944115638733,,,,
,266,,,,,,,,,,0.0003432212397456169,0.010759434662759304,0.07832591235637665,0.13736748695373535,,,,
,267,,,,,,,,,,0.0003007433842867613,0.010897533968091011,0.07550571858882904,0.14432725310325623,,,,
,268,,,,,,,,,,0.00034185516415163875,0.013703363947570324,0.06541398167610168,0.20948673784732819,,,,
,269,,,,,,,,,,0.000923775602132082,0.015313779935240746,0.1331549882888794,0.11500716954469681,,,,
,270,,,,,,,,,,0.00025616324273869395,0.009439242072403431,0.08672043681144714,0.10884679108858109,,,,
,271,,,,,,,,,,0.0001014145091176033,0.007058633025735617,0.05225556343793869,0.1350790411233902,,,,
,2719,,,,,79,,,,,,,,,0.00035051628947257996,0.011186907067894936,0.07918630540370941,0.15686003863811493
,2719,,,,,79,0.00039737604674883187,0.010433878749608994,0.09670308232307434,0.10893283784389496,,,,,,,,
0.0008455975794251135,2738,,,,,,,,,,,,,,,,,
0.0008455975794251135,2738,,,,,,,,,,,,,,,,,
0.0008455975794251135,2738,,,,,,,,,,,,,,,,,
0.0008455975794251135,2738,,,,,,,,,,,,,,,,,
,2738,7.08608640707098e-05,0.0055014584213495255,0.1005227193236351,0.05472850054502487,80,,,,,,,,,,,,
,2753,,,,,80,0.00040958099998533726,0.010443316772580147,0.09670305997133255,0.10886996984481812,,,,,,,,
0.0008545839636913767,2771,,,,,,,,,,,,,,,,,
0.0008545839636913767,2771,,,,,,,,,,,,,,,,,
0.0008545839636913767,2771,,,,,,,,,,,,,,,,,
0.0008545839636913767,2771,,,,,,,,,,,,,,,,,
,2771,0.00012794903886970133,0.008158707991242409,0.11754604429006577,0.0694086104631424,81,,,,,,,,,,,,
,2787,,,,,81,0.0004058194754179567,0.0100574204698205,0.09670303016901016,0.10491237789392471,,,,,,,,
0.0008635703479576399,2804,,,,,,,,,,,,,,,,,
0.0008635703479576399,2804,,,,,,,,,,,,,,,,,
0.0008635703479576399,2804,,,,,,,,,,,,,,,,,
0.0008635703479576399,2804,,,,,,,,,,,,,,,,,
,2804,0.00038506946293637156,0.010789690539240837,0.09687419980764389,0.11137835681438446,82,,,,,,,,,,,,
,2821,,,,,82,0.0003783037536777556,0.009785143658518791,0.09670306742191315,0.10315896570682526,,,,,,,,
0.0008725567322239032,2837,,,,,,,,,,,,,,,,,
0.0008725567322239032,2837,,,,,,,,,,,,,,,,,
0.0008725567322239032,2837,,,,,,,,,,,,,,,,,
0.0008725567322239032,2837,,,,,,,,,,,,,,,,,
,2837,0.0005566473118960857,0.012821851298213005,0.10364386439323425,0.12371065467596054,83,,,,,,,,,,,,
,2855,,,,,83,0.00041094410698860884,0.010704364627599716,0.09670306742191315,0.11175225675106049,,,,,,,,
0.0008815431164901664,2870,,,,,,,,,,,,,,,,,
0.0008815431164901664,2870,,,,,,,,,,,,,,,,,
0.0008815431164901664,2870,,,,,,,,,,,,,,,,,
0.0008815431164901664,2870,,,,,,,,,,,,,,,,,
,2870,0.00038980398676358163,0.012031158432364464,0.0884111225605011,0.13608193397521973,84,,,,,,,,,,,,
,272,,,,,,,,,,0.00018052120867650956,0.007018896751105785,0.09195023030042648,0.07633364200592041,,,,
,273,,,,,,,,,,3.63548424502369e-05,0.0037867834325879812,0.039159953594207764,0.09670038521289825,,,,
,274,,,,,,,,,,0.00019311279174871743,0.0074982172809541225,0.07243724912405014,0.10351326316595078,,,,
,275,,,,,,,,,,8.285668445751071e-05,0.006569910794496536,0.09695577621459961,0.06776192784309387,,,,
,276,,,,,,,,,,0.0005592677625827491,0.01286100223660469,0.08865968883037567,0.14506030082702637,,,,
,277,,,,,,,,,,6.338734237942845e-05,0.00509663624688983,0.05721943825483322,0.08907175064086914,,,,
,278,,,,,,,,,,1.458418682886986e-05,0.0025833239778876305,0.025477152317762375,0.10139763355255127,,,,
,279,,,,,,,,,,0.00016022885392885655,0.008523105643689632,0.06866084039211273,0.12413341552019119,,,,
,280,,,,,,,,,,0.0008118992554955184,0.014681602828204632,0.11188463866710663,0.13122089207172394,,,,
,281,,,,,,,,,,0.0002954191295430064,0.010287323966622353,0.10694815963506699,0.09618981182575226,,,,
,282,,,,,,,,,,0.0002200574817834422,0.00862939190119505,0.08197197318077087,0.10527245700359344,,,,
,283,,,,,,,,,,0.0001423412759322673,0.007298353128135204,0.07832591235637665,0.09317927807569504,,,,
,284,,,,,,,,,,0.00019165483536198735,0.007440547924488783,0.07550571858882904,0.09854282438755035,,,,
,285,,,,,,,,,,3.989115793956444e-05,0.004069718532264233,0.06541398167610168,0.06221480295062065,,,,
,286,,,,,,,,,,0.0003141139750368893,0.0115933483466506,0.1331549882888794,0.08706656843423843,,,,
,287,,,,,,,,,,0.0014122850261628628,0.013616579584777355,0.08672043681144714,0.15701694786548615,,,,
,288,,,,,,,,,,0.0001922696828842163,0.00867481343448162,0.05225556343793869,0.16600742936134338,,,,
,2889,,,,,84,,,,,,,,,0.0002917642705142498,0.008235886693000793,0.07918630540370941,0.10410179197788239
,2889,,,,,84,0.00042889051837846637,0.01045973226428032,0.09670305252075195,0.10921360552310944,,,,,,,,
0.0008905295007564297,2903,,,,,,,,,,,,,,,,,
0.0008905295007564297,2903,,,,,,,,,,,,,,,,,
0.0008905295007564297,2903,,,,,,,,,,,,,,,,,
0.0008905295007564297,2903,,,,,,,,,,,,,,,,,
,2903,0.0011036433279514313,0.017291253432631493,0.07488574087619781,0.2309017777442932,85,,,,,,,,,,,,
,2923,,,,,85,0.0003550291294232011,0.009645377285778522,0.09670303761959076,0.10123369842767715,,,,,,,,
0.0008995158850226929,2936,,,,,,,,,,,,,,,,,
0.0008995158850226929,2936,,,,,,,,,,,,,,,,,
0.0008995158850226929,2936,,,,,,,,,,,,,,,,,
0.0008995158850226929,2936,,,,,,,,,,,,,,,,,
,2936,0.002139484276995063,0.015731554478406906,0.10306143760681152,0.15264247357845306,86,,,,,,,,,,,,
,2957,,,,,86,0.00042802508687600493,0.010049180127680302,0.09670305252075195,0.10505267232656479,,,,,,,,
0.0009085022692889561,2969,,,,,,,,,,,,,,,,,
0.0009085022692889561,2969,,,,,,,,,,,,,,,,,
0.0009085022692889561,2969,,,,,,,,,,,,,,,,,
0.0009085022692889561,2969,,,,,,,,,,,,,,,,,
,2969,0.0005005694110877812,0.011437292210757732,0.08788158744573593,0.13014434278011322,87,,,,,,,,,,,,
,2991,,,,,87,0.0004061542567797005,0.010196417570114136,0.09670308232307434,0.10659736394882202,,,,,,,,
0.0009174886535552193,3002,,,,,,,,,,,,,,,,,
0.0009174886535552193,3002,,,,,,,,,,,,,,,,,
0.0009174886535552193,3002,,,,,,,,,,,,,,,,,
0.0009174886535552193,3002,,,,,,,,,,,,,,,,,
,3002,0.00035919848596677184,0.01083940640091896,0.07869607210159302,0.13773755729198456,88,,,,,,,,,,,,
,3025,,,,,88,0.00037809673813171685,0.009923934936523438,0.09670305252075195,0.10384722799062729,,,,,,,,
0.0009264750378214826,3035,,,,,,,,,,,,,,,,,
0.0009264750378214826,3035,,,,,,,,,,,,,,,,,
0.0009264750378214826,3035,,,,,,,,,,,,,,,,,
0.0009264750378214826,3035,,,,,,,,,,,,,,,,,
,3035,6.873023812659085e-05,0.005524869542568922,0.09078463912010193,0.06085687130689621,89,,,,,,,,,,,,
,289,,,,,,,,,,0.00016062903159763664,0.007754180580377579,0.09195023030042648,0.08433018624782562,,,,
,290,,,,,,,,,,0.00010252042557112873,0.00536877429112792,0.039159953594207764,0.1370985507965088,,,,
,291,,,,,,,,,,0.00020249487715773284,0.009635434485971928,0.07243724912405014,0.1330176591873169,,,,
,292,,,,,,,,,,0.0011806333204731345,0.01434140931814909,0.09695577621459961,0.1479170024394989,,,,
,293,,,,,,,,,,0.0001864438527263701,0.007322646677494049,0.08865968883037567,0.08259273320436478,,,,
,294,,,,,,,,,,8.742528007132933e-05,0.005417243577539921,0.05721943825483322,0.09467486292123795,,,,
,295,,,,,,,,,,0.00022342117154039443,0.008071975782513618,0.025477152317762375,0.3168318271636963,,,,
,296,,,,,,,,,,9.961004252545536e-05,0.006473975256085396,0.06866084039211273,0.09428917616605759,,,,
,297,,,,,,,,,,0.00030965707264840603,0.009806687943637371,0.11188463866710663,0.08764998614788055,,,,
,298,,,,,,,,,,0.00014465494314208627,0.006687756162136793,0.10694815963506699,0.0625326856970787,,,,
,299,,,,,,,,,,0.0003123434726148844,0.008042067289352417,0.08197197318077087,0.09810750931501389,,,,
,300,,,,,,,,,,0.0005031264154240489,0.0099065275862813,0.07832591235637665,0.12647826969623566,,,,
,301,,,,,,,,,,7.090822327882051e-05,0.0050744409672915936,0.07550571858882904,0.06720604002475739,,,,
,302,,,,,,,,,,0.0005568974302150309,0.012883901596069336,0.06541398167610168,0.19695942103862762,,,,
,303,,,,,,,,,,0.00019124493701383471,0.00856497511267662,0.1331549882888794,0.06432334333658218,,,,
,304,,,,,,,,,,0.0005368405836634338,0.009834006428718567,0.08672043681144714,0.11339893937110901,,,,
,305,,,,,,,,,,0.000533705169800669,0.013953061774373055,0.05225556343793869,0.2670157551765442,,,,
,3059,,,,,89,,,,,,,,,0.0003112547565251589,0.00861591100692749,0.07918630540370941,0.12369187921285629
,3059,,,,,89,0.0003826711908914149,0.010094190016388893,0.09670307487249374,0.10657951980829239,,,,,,,,
0.0009354614220877459,3068,,,,,,,,,,,,,,,,,
0.0009354614220877459,3068,,,,,,,,,,,,,,,,,
0.0009354614220877459,3068,,,,,,,,,,,,,,,,,
0.0009354614220877459,3068,,,,,,,,,,,,,,,,,
,3068,0.00024243927327916026,0.010219128802418709,0.09474005550146103,0.10786490887403488,90,,,,,,,,,,,,
,3093,,,,,90,0.00038123573176562786,0.009939556941390038,0.09670305252075195,0.10443208366632462,,,,,,,,
0.000944447806354009,3101,,,,,,,,,,,,,,,,,
0.000944447806354009,3101,,,,,,,,,,,,,,,,,
0.000944447806354009,3101,,,,,,,,,,,,,,,,,
0.000944447806354009,3101,,,,,,,,,,,,,,,,,
,3101,0.0005481129046529531,0.009277833625674248,0.0934666320681572,0.09926357865333557,91,,,,,,,,,,,,
,3127,,,,,91,0.00047289347276091576,0.011054644361138344,0.09670304507017136,0.11543545871973038,,,,,,,,
0.0009534341906202722,3134,,,,,,,,,,,,,,,,,
0.0009534341906202722,3134,,,,,,,,,,,,,,,,,
0.0009534341906202722,3134,,,,,,,,,,,,,,,,,
0.0009534341906202722,3134,,,,,,,,,,,,,,,,,
,3134,0.0006834995001554489,0.013894814066588879,0.07525177299976349,0.18464431166648865,92,,,,,,,,,,,,
,3161,,,,,92,0.0004314466495998204,0.010611983016133308,0.09670305997133255,0.11115936189889908,,,,,,,,
0.0009624205748865356,3167,,,,,,,,,,,,,,,,,
0.0009624205748865356,3167,,,,,,,,,,,,,,,,,
0.0009624205748865356,3167,,,,,,,,,,,,,,,,,
0.0009624205748865356,3167,,,,,,,,,,,,,,,,,
,3167,0.000589726201724261,0.011221027001738548,0.08563576638698578,0.13103200495243073,93,,,,,,,,,,,,
,3195,,,,,93,0.0004398314340505749,0.011142168194055557,0.09670304507017136,0.11593732982873917,,,,,,,,
0.0009714069591527987,3200,,,,,,,,,,,,,,,,,
0.0009714069591527987,3200,,,,,,,,,,,,,,,,,
0.0009714069591527987,3200,,,,,,,,,,,,,,,,,
0.0009714069591527987,3200,,,,,,,,,,,,,,,,,
,3200,0.00013270220370031893,0.009574922733008862,0.0871160626411438,0.10990994423627853,94,,,,,,,,,,,,
,306,,,,,,,,,,0.00021408003522083163,0.00821652077138424,0.09195023030042648,0.08935833722352982,,,,
,307,,,,,,,,,,2.8071557608200237e-05,0.0035128712188452482,0.039159953594207764,0.0897056832909584,,,,
,308,,,,,,,,,,0.00011505608563311398,0.007034453563392162,0.07243724912405014,0.09711098670959473,,,,
,309,,,,,,,,,,0.0001171751573565416,0.007189672440290451,0.09695577621459961,0.07415413111448288,,,,
,310,,,,,,,,,,0.0007147183641791344,0.016480959951877594,0.08865968883037567,0.1858900934457779,,,,
,311,,,,,,,,,,0.0001270859647775069,0.007721646688878536,0.05721943825483322,0.13494794070720673,,,,
,312,,,,,,,,,,0.000181991359568201,0.007276983931660652,0.025477152317762375,0.28562772274017334,,,,
,313,,,,,,,,,,0.0003186101093888283,0.011122845113277435,0.06866084039211273,0.16199690103530884,,,,
,314,,,,,,,,,,0.00024154747370630503,0.009802072308957577,0.11188463866710663,0.08760873228311539,,,,
,315,,,,,,,,,,0.000655866926535964,0.013153559528291225,0.10694815963506699,0.12299004197120667,,,,
,316,,,,,,,,,,0.00028629094595089555,0.010898913256824017,0.08197197318077087,0.1329590082168579,,,,
,317,,,,,,,,,,0.0003727508883457631,0.010042019188404083,0.07832591235637665,0.12820811569690704,,,,
,318,,,,,,,,,,0.0001381488546030596,0.007454439997673035,0.07550571858882904,0.09872681647539139,,,,
,319,,,,,,,,,,0.00016216730000451207,0.00634678965434432,0.06541398167610168,0.09702495485544205,,,,
,320,,,,,,,,,,0.00012778537347912788,0.007587909232825041,0.1331549882888794,0.05698553845286369,,,,
,321,,,,,,,,,,0.00013503394438885152,0.007808907888829708,0.08672043681144714,0.09004690498113632,,,,
,322,,,,,,,,,,0.0002984879247378558,0.010361481457948685,0.05225556343793869,0.19828471541404724,,,,
,3229,,,,,94,,,,,,,,,0.00024761358508840203,0.008898867294192314,0.07918630540370941,0.12318086624145508
,3229,,,,,94,0.00048073954530991614,0.011346958577632904,0.09670306742191315,0.1193319782614708,,,,,,,,
0.000980393343419062,3233,,,,,,,,,,,,,,,,,
0.000980393343419062,3233,,,,,,,,,,,,,,,,,
0.000980393343419062,3233,,,,,,,,,,,,,,,,,
0.000980393343419062,3233,,,,,,,,,,,,,,,,,
,3233,0.0002481769770383835,0.010961836203932762,0.0722021535038948,0.15182143449783325,95,,,,,,,,,,,,
,3263,,,,,95,0.00038267995114438236,0.010330749675631523,0.09670305997133255,0.10811944305896759,,,,,,,,
0.0009893797276853253,3266,,,,,,,,,,,,,,,,,
0.0009893797276853253,3266,,,,,,,,,,,,,,,,,
0.0009893797276853253,3266,,,,,,,,,,,,,,,,,
0.0009893797276853253,3266,,,,,,,,,,,,,,,,,
,3266,0.00022117111075203866,0.008794642984867096,0.08407001942396164,0.10461091995239258,96,,,,,,,,,,,,
,3297,,,,,96,0.00041394284926354885,0.010909540578722954,0.09670301526784897,0.114164799451828,,,,,,,,
0.0009983661119515885,3299,,,,,,,,,,,,,,,,,
0.0009983661119515885,3299,,,,,,,,,,,,,,,,,
0.0009983661119515885,3299,,,,,,,,,,,,,,,,,
0.0009983661119515885,3299,,,,,,,,,,,,,,,,,
,3299,0.0005690357647836208,0.012310260906815529,0.10356833785772324,0.11886122822761536,97,,,,,,,,,,,,
,3331,,,,,97,0.00038751447573304176,0.010261629708111286,0.09670303761959076,0.10723350942134857,,,,,,,,
0.0009999979695713493,3332,,,,,,,,,,,,,,,,,
0.0009999979695713493,3332,,,,,,,,,,,,,,,,,
0.0009999979695713493,3332,,,,,,,,,,,,,,,,,
0.0009999979695713493,3332,,,,,,,,,,,,,,,,,
,3332,0.0001475816243328154,0.008313719183206558,0.09841896593570709,0.08447272330522537,98,,,,,,,,,,,,
0.0009999899732186,3365,,,,,,,,,,,,,,,,,
,3365,0.00013165360724087805,0.007465241476893425,0.08879818767309189,0.08406974375247955,98,,,,,,,,,,,,
,3365,,,,,98,0.00043561082566156983,0.011196046136319637,0.09670308232307434,0.11737805604934692,,,,,,,,
0.00099997591077072,3398,,,,,,,,,,,,,,,,,
0.00099997591077072,3398,,,,,,,,,,,,,,,,,
0.00099997591077072,3398,,,,,,,,,,,,,,,,,
0.00099997591077072,3398,,,,,,,,,,,,,,,,,
,3398,0.0005170557415112853,0.011228164657950401,0.09044438600540161,0.12414439022541046,99,,,,,,,,,,,,
,323,,,,,,,,,,0.00013659066462423652,0.0080890953540802,0.09195023030042648,0.08797252923250198,,,,
,324,,,,,,,,,,0.0006772662745788693,0.009587451815605164,0.039159953594207764,0.24482791125774384,,,,
,325,,,,,,,,,,0.0005100966081954539,0.013265806250274181,0.07243724912405014,0.18313512206077576,,,,
,326,,,,,,,,,,0.00021321597159840167,0.009838337078690529,0.09695577621459961,0.101472407579422,,,,
,327,,,,,,,,,,0.0005574885290116072,0.012285932898521423,0.08865968883037567,0.1385740488767624,,,,
,328,,,,,,,,,,0.00020687319920398295,0.006370953284204006,0.05721943825483322,0.11134244501590729,,,,
,329,,,,,,,,,,4.343564796727151e-05,0.003884070087224245,0.025477152317762375,0.1524530053138733,,,,
,330,,,,,,,,,,0.0005487877642735839,0.012222196906805038,0.06866084039211273,0.17800824344158173,,,,
,331,,,,,,,,,,0.00020030250016134232,0.009632935747504234,0.11188463866710663,0.08609703183174133,,,,
,332,,,,,,,,,,0.0002907662419602275,0.011513459496200085,0.10694815963506699,0.10765457153320312,,,,
,333,,,,,,,,,,0.0003355463850311935,0.01117250882089138,0.08197197318077087,0.13629667460918427,,,,
,334,,,,,,,,,,0.0008426675340160728,0.015977051109075546,0.07832591235637665,0.2039816528558731,,,,
,335,,,,,,,,,,0.001169971888884902,0.015353511087596416,0.07550571858882904,0.20334233343601227,,,,
,336,,,,,,,,,,0.0004873111320193857,0.013445808552205563,0.06541398167610168,0.2055494338274002,,,,
,337,,,,,,,,,,0.0003915989655070007,0.012995978817343712,0.1331549882888794,0.09760038554668427,,,,
,338,,,,,,,,,,0.0009541585459373891,0.01694902591407299,0.08672043681144714,0.19544440507888794,,,,
,339,,,,,,,,,,0.0008364050881937146,0.01245309691876173,0.05225556343793869,0.23831136524677277,,,,
,3399,,,,,99,,,,,,,,,0.000483895797515288,0.011443071998655796,0.07918630540370941,0.1547216773033142
,3399,,,,,99,0.0004064116219524294,0.010293375700712204,0.09670308232307434,0.10679448395967484,,,,,,,,
0.000999955782398491,3431,,,,,,,,,,,,,,,,,
0.000999955782398491,3431,,,,,,,,,,,,,,,,,
0.000999955782398491,3431,,,,,,,,,,,,,,,,,
0.000999955782398491,3431,,,,,,,,,,,,,,,,,
,3431,0.0002653073170222342,0.009659705683588982,0.07309678196907043,0.13214951753616333,100,,,,,,,,,,,,
,3433,,,,,100,0.00038875252357684076,0.010588817298412323,0.09670305997133255,0.11057278513908386,,,,,,,,
0.0009999295883463635,3464,,,,,,,,,,,,,,,,,
0.0009999295883463635,3464,,,,,,,,,,,,,,,,,
0.0009999295883463635,3464,,,,,,,,,,,,,,,,,
0.0009999295883463635,3464,,,,,,,,,,,,,,,,,
,3464,0.00020412365847732872,0.008375742472708225,0.11339561641216278,0.07386301457881927,101,,,,,,,,,,,,
,3467,,,,,101,0.0003746709262486547,0.0096664410084486,0.09670305997133255,0.10099253058433533,,,,,,,,
0.0009998973289324531,3497,,,,,,,,,,,,,,,,,
0.0009998973289324531,3497,,,,,,,,,,,,,,,,,
0.0009998973289324531,3497,,,,,,,,,,,,,,,,,
0.0009998973289324531,3497,,,,,,,,,,,,,,,,,
,3497,0.0007228883914649487,0.016376018524169922,0.09799987077713013,0.16710242629051208,102,,,,,,,,,,,,
,3501,,,,,102,0.0003846488834824413,0.009712031111121178,0.09670304507017136,0.10183828324079514,,,,,,,,
0.0009998590045485372,3530,,,,,,,,,,,,,,,,,
0.0009998590045485372,3530,,,,,,,,,,,,,,,,,
0.0009998590045485372,3530,,,,,,,,,,,,,,,,,
0.0009998590045485372,3530,,,,,,,,,,,,,,,,,
,3530,0.00041196373058483005,0.011403354816138744,0.0910995826125145,0.1251745969057083,103,,,,,,,,,,,,
,3535,,,,,103,0.0004524057439994067,0.011056696064770222,0.09670305252075195,0.11522071808576584,,,,,,,,
0.0009998146156600493,3563,,,,,,,,,,,,,,,,,
0.0009998146156600493,3563,,,,,,,,,,,,,,,,,
0.0009998146156600493,3563,,,,,,,,,,,,,,,,,
0.0009998146156600493,3563,,,,,,,,,,,,,,,,,
,3563,0.0005404134280979633,0.011557450518012047,0.09144823253154755,0.12638242542743683,104,,,,,,,,,,,,
,340,,,,,,,,,,0.00026053740293718874,0.00820750743150711,0.09195023030042648,0.08926031738519669,,,,
,341,,,,,,,,,,5.798836355097592e-05,0.0046054404228925705,0.039159953594207764,0.11760584264993668,,,,
,342,,,,,,,,,,0.00015424154116772115,0.007154608145356178,0.07243724912405014,0.09876972436904907,,,,
,343,,,,,,,,,,0.0005527323810383677,0.010274655185639858,0.09695577621459961,0.10597258061170578,,,,
,344,,,,,,,,,,0.0002309434348717332,0.008928444236516953,0.08865968883037567,0.10070465505123138,,,,
,345,,,,,,,,,,0.00011143914889544249,0.006597792264074087,0.05721943825483322,0.11530681699514389,,,,
,346,,,,,,,,,,0.00011574725795071572,0.0063818031921982765,0.025477152317762375,0.2504911422729492,,,,
,347,,,,,,,,,,0.00019189609156455845,0.00890023447573185,0.06866084039211273,0.1296260505914688,,,,
,348,,,,,,,,,,0.00030298164347186685,0.011149510741233826,0.11188463866710663,0.09965183585882187,,,,
,349,,,,,,,,,,0.0006615284364670515,0.012325592339038849,0.10694815963506699,0.11524827778339386,,,,
,350,,,,,,,,,,0.0006042697350494564,0.01363186351954937,0.08197197318077087,0.16629905998706818,,,,
,351,,,,,,,,,,0.0003374447987880558,0.009562221355736256,0.07832591235637665,0.12208246439695358,,,,
,352,,,,,,,,,,0.00027184170903638005,0.008984255604445934,0.07550571858882904,0.11898773163557053,,,,
,353,,,,,,,,,,0.0002928724279627204,0.008682047948241234,0.06541398167610168,0.13272462785243988,,,,
,354,,,,,,,,,,0.00161358795594424,0.01815713942050934,0.1331549882888794,0.13636092841625214,,,,
,355,,,,,,,,,,0.00012436782708391547,0.007157664280384779,0.08672043681144714,0.0825372189283371,,,,
,356,,,,,,,,,,0.0001501364604337141,0.008290629833936691,0.05225556343793869,0.15865541994571686,,,,
,3569,,,,,104,,,,,,,,,0.0003611811262089759,0.009384611621499062,0.07918630540370941,0.12490648031234741
,3569,,,,,104,0.00044083528337068856,0.010625429451465607,0.09670302271842957,0.11110682785511017,,,,,,,,
0.0009997641628060737,3596,,,,,,,,,,,,,,,,,
0.0009997641628060737,3596,,,,,,,,,,,,,,,,,
0.0009997641628060737,3596,,,,,,,,,,,,,,,,,
0.0009997641628060737,3596,,,,,,,,,,,,,,,,,
,3596,0.00034782360307872295,0.007978791370987892,0.09164278209209442,0.08706403523683548,105,,,,,,,,,,,,
,3603,,,,,105,0.0004885451053269207,0.011413070373237133,0.09670305997133255,0.11853106319904327,,,,,,,,
0.000999707646599339,3629,,,,,,,,,,,,,,,,,
0.000999707646599339,3629,,,,,,,,,,,,,,,,,
0.000999707646599339,3629,,,,,,,,,,,,,,,,,
0.000999707646599339,3629,,,,,,,,,,,,,,,,,
,3629,0.00015434512170031667,0.007015253882855177,0.07652893662452698,0.09166797995567322,106,,,,,,,,,,,,
,3637,,,,,106,0.00039473921060562134,0.010831561870872974,0.09670305252075195,0.11400433629751205,,,,,,,,
0.0009996450677262092,3662,,,,,,,,,,,,,,,,,
0.0009996450677262092,3662,,,,,,,,,,,,,,,,,
0.0009996450677262092,3662,,,,,,,,,,,,,,,,,
0.0009996450677262092,3662,,,,,,,,,,,,,,,,,
,3662,0.0006628792616538703,0.011945935897529125,0.09191244095563889,0.12997081875801086,107,,,,,,,,,,,,
,3671,,,,,107,0.00043480820022523403,0.010942983441054821,0.09670305252075195,0.11444094777107239,,,,,,,,
0.0009995764269466797,3695,,,,,,,,,,,,,,,,,
0.0009995764269466797,3695,,,,,,,,,,,,,,,,,
0.0009995764269466797,3695,,,,,,,,,,,,,,,,,
0.0009995764269466797,3695,,,,,,,,,,,,,,,,,
,3695,0.0002093154180329293,0.009497023187577724,0.09429258108139038,0.100718654692173,108,,,,,,,,,,,,
,3705,,,,,108,0.00045846434659324586,0.01078282855451107,0.09670304507017136,0.11291946470737457,,,,,,,,
0.0009995017250943644,3728,,,,,,,,,,,,,,,,,
0.0009995017250943644,3728,,,,,,,,,,,,,,,,,
0.0009995017250943644,3728,,,,,,,,,,,,,,,,,
0.0009995017250943644,3728,,,,,,,,,,,,,,,,,
,3728,0.00015217941836453974,0.007166463416069746,0.1130242794752121,0.06340640038251877,109,,,,,,,,,,,,
,357,,,,,,,,,,0.0007655665976926684,0.013437094166874886,0.09195023030042648,0.1461344063282013,,,,
,358,,,,,,,,,,0.00014585175085812807,0.005885133054107428,0.039159953594207764,0.15028443932533264,,,,
,359,,,,,,,,,,0.00018045317847281694,0.007504298351705074,0.07243724912405014,0.10359721630811691,,,,
,360,,,,,,,,,,0.0005086184246465564,0.009326623752713203,0.09695577621459961,0.09619460999965668,,,,
,361,,,,,,,,,,0.0001794956624507904,0.008350714109838009,0.08865968883037567,0.0941883847117424,,,,
,362,,,,,,,,,,7.700990681769326e-05,0.006113037001341581,0.05721943825483322,0.10683495551347733,,,,
,363,,,,,,,,,,2.5071369236684404e-05,0.0029231205116957426,0.025477152317762375,0.11473493278026581,,,,
,364,,,,,,,,,,0.0001601148396730423,0.007645037025213242,0.06866084039211273,0.11134491860866547,,,,
,365,,,,,,,,,,0.00019444873032625765,0.006906128488481045,0.11188463866710663,0.0617254339158535,,,,
,366,,,,,,,,,,0.0006992385606281459,0.011935850605368614,0.10694815963506699,0.11160406470298767,,,,
,367,,,,,,,,,,0.00018490751972422004,0.008371973410248756,0.08197197318077087,0.10213213413953781,,,,
,368,,,,,,,,,,0.00015630565758328885,0.007103001233190298,0.07832591235637665,0.09068518877029419,,,,
,369,,,,,,,,,,0.001404482638463378,0.014593841508030891,0.07550571858882904,0.19328124821186066,,,,
,370,,,,,,,,,,0.00014649485819973052,0.0074629648588597775,0.06541398167610168,0.11408820748329163,,,,
,371,,,,,,,,,,0.00034395683906041086,0.01015449594706297,0.1331549882888794,0.07626071572303772,,,,
,372,,,,,,,,,,0.0001131878379965201,0.005801824852824211,0.08672043681144714,0.06690261512994766,,,,
,373,,,,,,,,,,0.00012641039211302996,0.005782383494079113,0.05225556343793869,0.11065582185983658,,,,
,3739,,,,,109,,,,,,,,,0.00032414603629149497,0.008267051540315151,0.07918630540370941,0.10880735516548157
,3739,,,,,109,0.00039748213021084666,0.010138262994587421,0.09670306742191315,0.1057051494717598,,,,,,,,
0.0009994209630764853,3761,,,,,,,,,,,,,,,,,
0.0009994209630764853,3761,,,,,,,,,,,,,,,,,
0.0009994209630764853,3761,,,,,,,,,,,,,,,,,
0.0009994209630764853,3761,,,,,,,,,,,,,,,,,
,3761,0.000297305901767686,0.008791610598564148,0.10744941234588623,0.08182092010974884,110,,,,,,,,,,,,
,3773,,,,,110,0.00037923321360722184,0.00957539863884449,0.09670304507017136,0.10011632740497589,,,,,,,,
0.000999334141873863,3794,,,,,,,,,,,,,,,,,
0.000999334141873863,3794,,,,,,,,,,,,,,,,,
0.000999334141873863,3794,,,,,,,,,,,,,,,,,
0.000999334141873863,3794,,,,,,,,,,,,,,,,,
,3794,0.000411427638027817,0.010852823965251446,0.09089561551809311,0.11939875036478043,111,,,,,,,,,,,,
,3807,,,,,111,0.0003680161025840789,0.00981760025024414,0.09670305252075195,0.10278864949941635,,,,,,,,
0.0009992412625409038,3827,,,,,,,,,,,,,,,,,
0.0009992412625409038,3827,,,,,,,,,,,,,,,,,
0.0009992412625409038,3827,,,,,,,,,,,,,,,,,
0.0009992412625409038,3827,,,,,,,,,,,,,,,,,
,3827,0.0003554795403033495,0.012619979679584503,0.11320385336875916,0.11148011684417725,112,,,,,,,,,,,,
,3841,,,,,112,0.0003998237370979041,0.01068557146936655,0.09670303761959076,0.1116517186164856,,,,,,,,
0.0009991423262055896,3860,,,,,,,,,,,,,,,,,
0.0009991423262055896,3860,,,,,,,,,,,,,,,,,
0.0009991423262055896,3860,,,,,,,,,,,,,,,,,
0.0009991423262055896,3860,,,,,,,,,,,,,,,,,
,3860,0.00046183151425793767,0.01053453516215086,0.10794319957494736,0.09759330749511719,113,,,,,,,,,,,,
,3875,,,,,113,0.0003813129151239991,0.009779511950910091,0.09670301526784897,0.10197540372610092,,,,,,,,
0.000999037334069459,3893,,,,,,,,,,,,,,,,,
0.000999037334069459,3893,,,,,,,,,,,,,,,,,
0.000999037334069459,3893,,,,,,,,,,,,,,,,,
0.000999037334069459,3893,,,,,,,,,,,,,,,,,
,3893,0.00035459198988974094,0.011336001567542553,0.09952738881111145,0.11389829963445663,114,,,,,,,,,,,,
,374,,,,,,,,,,0.0003482526808511466,0.010033565573394299,0.09195023030042648,0.10911951214075089,,,,
,375,,,,,,,,,,6.273986946325749e-05,0.004766855388879776,0.039159953594207764,0.12172777950763702,,,,
,376,,,,,,,,,,0.00023414753377437592,0.008364053443074226,0.07243724912405014,0.1154661774635315,,,,
,377,,,,,,,,,,0.00036261387867853045,0.007973166182637215,0.09695577621459961,0.08223507553339005,,,,
,378,,,,,,,,,,0.00016836824943311512,0.006048684474080801,0.08865968883037567,0.06822361052036285,,,,
,379,,,,,,,,,,9.545287321088836e-05,0.005853248294442892,0.05721943825483322,0.10229473561048508,,,,
,380,,,,,,,,,,0.00018904403259512037,0.007117092609405518,0.025477152317762375,0.2793518602848053,,,,
,381,,,,,,,,,,0.0004057840851601213,0.009554348886013031,0.06866084039211273,0.13915279507637024,,,,
,382,,,,,,,,,,8.558417903259397e-05,0.005942726042121649,0.11188463866710663,0.05311475694179535,,,,
,383,,,,,,,,,,0.0003972605336457491,0.011591542512178421,0.10694815963506699,0.10838467627763748,,,,
,384,,,,,,,,,,0.00022117304615676403,0.008939389139413834,0.08197197318077087,0.10905420035123825,,,,
,385,,,,,,,,,,0.00018404438742436469,0.008562073111534119,0.07832591235637665,0.10931340605020523,,,,
,386,,,,,,,,,,0.00015245404210872948,0.006311019416898489,0.07550571858882904,0.08358331769704819,,,,
,387,,,,,,,,,,0.0005092978826723993,0.010624340735375881,0.06541398167610168,0.1624169498682022,,,,
,388,,,,,,,,,,0.00011466426076367497,0.006356758531183004,0.1331549882888794,0.04773954302072525,,,,
,389,,,,,,,,,,0.0013731990475207567,0.015261108055710793,0.08672043681144714,0.17598050832748413,,,,
,390,,,,,,,,,,0.0002504793810658157,0.006282498128712177,0.05225556343793869,0.12022637575864792,,,,
,3909,,,,,114,,,,,,,,,0.0003048072976525873,0.008269165642559528,0.07918630540370941,0.11680436879396439
,3909,,,,,114,0.0004143627593293786,0.01048347819596529,0.09670305252075195,0.10985445231199265,,,,,,,,
0.0009989262874075975,3926,,,,,,,,,,,,,,,,,
0.0009989262874075975,3926,,,,,,,,,,,,,,,,,
0.0009989262874075975,3926,,,,,,,,,,,,,,,,,
0.0009989262874075975,3926,,,,,,,,,,,,,,,,,
,3926,0.00014154388918541372,0.008551813662052155,0.08623795211315155,0.09916530549526215,115,,,,,,,,,,,,
,3943,,,,,115,0.00041070961742661893,0.010311019606888294,0.09670305997133255,0.10805027186870575,,,,,,,,
0.0009988091875686195,3959,,,,,,,,,,,,,,,,,
0.0009988091875686195,3959,,,,,,,,,,,,,,,,,
0.0009988091875686195,3959,,,,,,,,,,,,,,,,,
0.0009988091875686195,3959,,,,,,,,,,,,,,,,,
,3959,0.0009758883388713002,0.013472041115164757,0.10301484912633896,0.13077764213085175,116,,,,,,,,,,,,
,3977,,,,,116,0.00034708442399278283,0.009598186239600182,0.09670308232307434,0.09986831247806549,,,,,,,,
0.0009986860359746544,3992,,,,,,,,,,,,,,,,,
0.0009986860359746544,3992,,,,,,,,,,,,,,,,,
0.0009986860359746544,3992,,,,,,,,,,,,,,,,,
0.0009986860359746544,3992,,,,,,,,,,,,,,,,,
,3992,0.0005940358969382942,0.01265877764672041,0.09747053682804108,0.12987284362316132,117,,,,,,,,,,,,
,4011,,,,,117,0.00037968007382005453,0.009897812269628048,0.09670304507017136,0.10353642702102661,,,,,,,,
0.0009985568341213254,4025,,,,,,,,,,,,,,,,,
0.0009985568341213254,4025,,,,,,,,,,,,,,,,,
0.0009985568341213254,4025,,,,,,,,,,,,,,,,,
0.0009985568341213254,4025,,,,,,,,,,,,,,,,,
,4025,0.0013914743904024363,0.0164911150932312,0.11168238520622253,0.14766083657741547,118,,,,,,,,,,,,
,4045,,,,,118,0.0004316814593039453,0.010501280426979065,0.09670304507017136,0.1100073978304863,,,,,,,,
0.0009984215835777354,4058,,,,,,,,,,,,,,,,,
0.0009984215835777354,4058,,,,,,,,,,,,,,,,,
0.0009984215835777354,4058,,,,,,,,,,,,,,,,,
0.0009984215835777354,4058,,,,,,,,,,,,,,,,,
,4058,0.00011808144336100668,0.007990939542651176,0.07235738635063171,0.11043708026409149,119,,,,,,,,,,,,
,391,,,,,,,,,,0.00017506966833025217,0.008951429277658463,0.09195023030042648,0.09735079854726791,,,,
,392,,,,,,,,,,0.00020897388458251953,0.007763219065964222,0.039159953594207764,0.19824378192424774,,,,
,393,,,,,,,,,,0.00022288986656349152,0.010062778368592262,0.07243724912405014,0.13891716301441193,,,,
,394,,,,,,,,,,0.0002689498069230467,0.010588469915091991,0.09695577621459961,0.10920926183462143,,,,
,395,,,,,,,,,,0.0003310509491711855,0.01130790077149868,0.08865968883037567,0.12754273414611816,,,,
,396,,,,,,,,,,9.785871225176379e-05,0.007825644686818123,0.05721943825483322,0.1367654651403427,,,,
,397,,,,,,,,,,0.00013122001837473363,0.006697526201605797,0.025477152317762375,0.2628835141658783,,,,
,398,,,,,,,,,,0.0002267624658998102,0.00945579819381237,0.06866084039211273,0.13771747052669525,,,,
,399,,,,,,,,,,0.00022672074555885047,0.010647246614098549,0.11188463866710663,0.09516271203756332,,,,
,400,,,,,,,,,,0.001210621907375753,0.019218167290091515,0.10694815963506699,0.17969608306884766,,,,
,401,,,,,,,,,,0.00018985490896739066,0.009784828871488571,0.08197197318077087,0.11936796456575394,,,,
,402,,,,,,,,,,0.00023294924176298082,0.008261051028966904,0.07832591235637665,0.1054702028632164,,,,
,403,,,,,,,,,,0.00010763970203697681,0.00709180673584342,0.07550571858882904,0.09392409026622772,,,,
,404,,,,,,,,,,0.00042547285556793213,0.01001080870628357,0.06541398167610168,0.15303772687911987,,,,
,405,,,,,,,,,,0.00021101754100527614,0.008919588290154934,0.1331549882888794,0.06698650866746902,,,,
,406,,,,,,,,,,0.000250677258009091,0.008315404877066612,0.08672043681144714,0.09588747471570969,,,,
,407,,,,,,,,,,6.504742486868054e-05,0.006136932875961065,0.05225556343793869,0.11744073033332825,,,,
,4079,,,,,119,,,,,,,,,0.00027577290893532336,0.009573946706950665,0.07918630540370941,0.1319323182106018
,4079,,,,,119,0.0003873882524203509,0.010697556659579277,0.09670306742191315,0.11196362227201462,,,,,,,,
0.0009982802859864453,4091,,,,,,,,,,,,,,,,,
0.0009982802859864453,4091,,,,,,,,,,,,,,,,,
0.0009982802859864453,4091,,,,,,,,,,,,,,,,,
0.0009982802859864453,4091,,,,,,,,,,,,,,,,,
,4091,0.0006308098672889173,0.01355663686990738,0.10105860233306885,0.13414627313613892,120,,,,,,,,,,,,
,4113,,,,,120,0.000369306217180565,0.010305008850991726,0.09670305997133255,0.10750950872898102,,,,,,,,
0.000998132943063454,4124,,,,,,,,,,,,,,,,,
0.000998132943063454,4124,,,,,,,,,,,,,,,,,
0.000998132943063454,4124,,,,,,,,,,,,,,,,,
0.000998132943063454,4124,,,,,,,,,,,,,,,,,
,4124,0.00024337475770153105,0.00864061526954174,0.09054481983184814,0.09542913734912872,121,,,,,,,,,,,,
,4147,,,,,121,0.0003857528790831566,0.009856263175606728,0.09670305997133255,0.10299740731716156,,,,,,,,
0.0009979795565981798,4157,,,,,,,,,,,,,,,,,
0.0009979795565981798,4157,,,,,,,,,,,,,,,,,
0.0009979795565981798,4157,,,,,,,,,,,,,,,,,
0.0009979795565981798,4157,,,,,,,,,,,,,,,,,
,4157,0.0005518791731446981,0.014044858515262604,0.11725154519081116,0.11978398263454437,122,,,,,,,,,,,,
,4181,,,,,122,0.00038805740769021213,0.010285685770213604,0.09670303016901016,0.10741859674453735,,,,,,,,
0.0009978201284534366,4190,,,,,,,,,,,,,,,,,
0.0009978201284534366,4190,,,,,,,,,,,,,,,,,
0.0009978201284534366,4190,,,,,,,,,,,,,,,,,
0.0009978201284534366,4190,,,,,,,,,,,,,,,,,
,4190,0.00012644978414755315,0.007281785365194082,0.08994840830564499,0.0809551253914833,123,,,,,,,,,,,,
,4215,,,,,123,0.00035071143065579236,0.009650618769228458,0.09670303761959076,0.10047077387571335,,,,,,,,
0.0009976546605654118,4223,,,,,,,,,,,,,,,,,
0.0009976546605654118,4223,,,,,,,,,,,,,,,,,
0.0009976546605654118,4223,,,,,,,,,,,,,,,,,
0.0009976546605654118,4223,,,,,,,,,,,,,,,,,
,4223,0.00022427778458222747,0.009594916366040707,0.10728000104427338,0.0894380658864975,124,,,,,,,,,,,,
,408,,,,,,,,,,0.00026859782519750297,0.009272313676774502,0.09195023030042648,0.10084056109189987,,,,
,409,,,,,,,,,,0.00012938323197886348,0.00622229790315032,0.039159953594207764,0.1588943749666214,,,,
,410,,,,,,,,,,0.0002519901026971638,0.009580405429005623,0.07243724912405014,0.13225798308849335,,,,
,411,,,,,,,,,,8.080710540525615e-05,0.005765896290540695,0.09695577621459961,0.05946933850646019,,,,
,412,,,,,,,,,,0.00012862510629929602,0.006445733364671469,0.08865968883037567,0.07270195335149765,,,,
,413,,,,,,,,,,0.0001274745591217652,0.0063726212829351425,0.05721943825483322,0.11137159913778305,,,,
,414,,,,,,,,,,5.665645585395396e-05,0.0048742033541202545,0.025477152317762375,0.19131657481193542,,,,
,415,,,,,,,,,,0.0003538376768119633,0.009509137831628323,0.06866084039211273,0.1384943276643753,,,,
,416,,,,,,,,,,0.0004356089048087597,0.010452041402459145,0.11188463866710663,0.09341800957918167,,,,
,417,,,,,,,,,,0.0002546717587392777,0.008066176436841488,0.10694815963506699,0.07542136311531067,,,,
,418,,,,,,,,,,8.526502642780542e-05,0.005742065608501434,0.08197197318077087,0.07004912197589874,,,,
,419,,,,,,,,,,9.197089821100235e-05,0.00579871516674757,0.07832591235637665,0.07403315603733063,,,,
,420,,,,,,,,,,0.00019669007451739162,0.007379245012998581,0.07550571858882904,0.09773092716932297,,,,
,421,,,,,,,,,,0.0002479153627064079,0.00796050950884819,0.06541398167610168,0.12169429659843445,,,,
,422,,,,,,,,,,0.0006037449929863214,0.011508787050843239,0.1331549882888794,0.08643150329589844,,,,
,423,,,,,,,,,,0.00029296870343387127,0.009360918775200844,0.08672043681144714,0.10794361680746078,,,,
,424,,,,,,,,,,0.00016471080016344786,0.007536355406045914,0.05225556343793869,0.14422108232975006,,,,
,4249,,,,,124,,,,,,,,,0.00022354927205014974,0.007762379013001919,0.07918630540370941,0.10691995173692703
,4249,,,,,124,0.0004712087975349277,0.011065431870520115,0.09670303761959076,0.11567331850528717,,,,,,,,
0.0009974831549436425,4256,,,,,,,,,,,,,,,,,
0.0009974831549436425,4256,,,,,,,,,,,,,,,,,
0.0009974831549436425,4256,,,,,,,,,,,,,,,,,
0.0009974831549436425,4256,,,,,,,,,,,,,,,,,
,4256,0.0003120332839898765,0.01131103839725256,0.10885703563690186,0.1039072722196579,125,,,,,,,,,,,,
,4283,,,,,125,0.0004199683608021587,0.009926722384989262,0.09670305997133255,0.10393046587705612,,,,,,,,
0.0009973056136709925,4289,,,,,,,,,,,,,,,,,
0.0009973056136709925,4289,,,,,,,,,,,,,,,,,
0.0009973056136709925,4289,,,,,,,,,,,,,,,,,
0.0009973056136709925,4289,,,,,,,,,,,,,,,,,
,4289,0.0006317649967968464,0.014929814264178276,0.09518958628177643,0.1568429172039032,126,,,,,,,,,,,,
,4317,,,,,126,0.0004567195719573647,0.011422358453273773,0.09670305252075195,0.11958251893520355,,,,,,,,
0.000997122038903626,4322,,,,,,,,,,,,,,,,,
0.000997122038903626,4322,,,,,,,,,,,,,,,,,
0.000997122038903626,4322,,,,,,,,,,,,,,,,,
0.000997122038903626,4322,,,,,,,,,,,,,,,,,
,4322,9.483737812843174e-05,0.006387858651578426,0.0709853544831276,0.08998838812112808,127,,,,,,,,,,,,
,4351,,,,,127,0.000418864976381883,0.010090336203575134,0.09670302271842957,0.10528968274593353,,,,,,,,
0.000996932432870981,4355,,,,,,,,,,,,,,,,,
0.000996932432870981,4355,,,,,,,,,,,,,,,,,
0.000996932432870981,4355,,,,,,,,,,,,,,,,,
0.000996932432870981,4355,,,,,,,,,,,,,,,,,
,4355,0.0001977421052288264,0.009251469746232033,0.1034182608127594,0.08945681899785995,128,,,,,,,,,,,,
,4385,,,,,128,0.0003743746201507747,0.009674391709268093,0.09670303016901016,0.10089235752820969,,,,,,,,
0.0009967367978757425,4388,,,,,,,,,,,,,,,,,
0.0009967367978757425,4388,,,,,,,,,,,,,,,,,
0.0009967367978757425,4388,,,,,,,,,,,,,,,,,
0.0009967367978757425,4388,,,,,,,,,,,,,,,,,
,4388,0.00016838625015225261,0.008206762373447418,0.08411150425672531,0.0975700244307518,129,,,,,,,,,,,,
,425,,,,,,,,,,0.00022538901248481125,0.006685207597911358,0.09195023030042648,0.07270462065935135,,,,
,426,,,,,,,,,,0.00010165233834413812,0.005421691574156284,0.039159953594207764,0.13844986259937286,,,,
,427,,,,,,,,,,0.00020520773250609636,0.007185337599366903,0.07243724912405014,0.09919394552707672,,,,
,428,,,,,,,,,,0.00026691003586165607,0.010469174012541771,0.09695577621459961,0.10797885060310364,,,,
,429,,,,,,,,,,0.00015954257105477154,0.007320864126086235,0.08865968883037567,0.08257262408733368,,,,
,430,,,,,,,,,,0.00029438978526741266,0.01046422403305769,0.05721943825483322,0.18287880718708038,,,,
,431,,,,,,,,,,0.00012187164247734472,0.006476185284554958,0.025477152317762375,0.2541957199573517,,,,
,432,,,,,,,,,,0.00016124561079777777,0.008264313451945782,0.06866084039211273,0.12036427110433578,,,,
,433,,,,,,,,,,0.00017320695042144507,0.00827958807349205,0.11188463866710663,0.07400111109018326,,,,
,434,,,,,,,,,,0.00041768859955482185,0.01057837437838316,0.10694815963506699,0.09891122579574585,,,,
,435,,,,,,,,,,0.0004212547210045159,0.01106126420199871,0.08197197318077087,0.13493956625461578,,,,
,436,,,,,,,,,,0.0004860644112341106,0.012973884120583534,0.07832591235637665,0.165639728307724,,,,
,437,,,,,,,,,,0.00011198689753655344,0.006066861562430859,0.07550571858882904,0.08034968376159668,,,,
,438,,,,,,,,,,0.00020556924573611468,0.007901397533714771,0.06541398167610168,0.12079063057899475,,,,
,439,,,,,,,,,,0.0005672802799381316,0.014113656245172024,0.1331549882888794,0.10599418729543686,,,,
,440,,,,,,,,,,0.00016889847756829113,0.008509691804647446,0.08672043681144714,0.09812785685062408,,,,
,441,,,,,,,,,,0.0001817424490582198,0.008614547550678253,0.05225556343793869,0.16485413908958435,,,,
,4419,,,,,129,,,,,,,,,0.0002532745129428804,0.00885327160358429,0.07918630540370941,0.12239514291286469
,4419,,,,,129,0.00038161303382366896,0.009761020541191101,0.09670303016901016,0.10262143611907959,,,,,,,,
0.000996535136293816,4421,,,,,,,,,,,,,,,,,
0.000996535136293816,4421,,,,,,,,,,,,,,,,,
0.000996535136293816,4421,,,,,,,,,,,,,,,,,
0.000996535136293816,4421,,,,,,,,,,,,,,,,,
,4421,0.0006886820192448795,0.015202830545604229,0.12291337549686432,0.12368734925985336,130,,,,,,,,,,,,
,4453,,,,,130,0.0004114727198611945,0.009825127199292183,0.09670306742191315,0.10324136167764664,,,,,,,,
0.0009963274505742955,4454,,,,,,,,,,,,,,,,,
0.0009963274505742955,4454,,,,,,,,,,,,,,,,,
0.0009963274505742955,4454,,,,,,,,,,,,,,,,,
0.0009963274505742955,4454,,,,,,,,,,,,,,,,,
,4454,0.00017758463218342513,0.009060058742761612,0.08685287088155746,0.10431500524282455,131,,,,,,,,,,,,
0.0009961137432394367,4487,,,,,,,,,,,,,,,,,
,4487,3.180039857397787e-05,0.0048123933374881744,0.047388240694999695,0.10155245661735535,131,,,,,,,,,,,,
,4487,,,,,131,0.0004093241295777261,0.01044961716979742,0.09670305252075195,0.1099841371178627,,,,,,,,
0.0009958940168846252,4520,,,,,,,,,,,,,,,,,
0.0009958940168846252,4520,,,,,,,,,,,,,,,,,
0.0009958940168846252,4520,,,,,,,,,,,,,,,,,
0.0009958940168846252,4520,,,,,,,,,,,,,,,,,
,4520,0.0005217271391302347,0.012719458900392056,0.07552862167358398,0.16840578615665436,132,,,,,,,,,,,,
,4521,,,,,132,0.00032471719896420836,0.008912974037230015,0.09670307487249374,0.0933350920677185,,,,,,,,
0.0009956682741783449,4553,,,,,,,,,,,,,,,,,
0.0009956682741783449,4553,,,,,,,,,,,,,,,,,
0.0009956682741783449,4553,,,,,,,,,,,,,,,,,
0.0009956682741783449,4553,,,,,,,,,,,,,,,,,
,4553,7.274170638993382e-05,0.004578309133648872,0.07541212439537048,0.06071050837635994,133,,,,,,,,,,,,
,4555,,,,,133,0.0004677272227127105,0.01110520213842392,0.09670304507017136,0.11552111804485321,,,,,,,,
0.0009954365178621446,4586,,,,,,,,,,,,,,,,,
0.0009954365178621446,4586,,,,,,,,,,,,,,,,,
0.0009954365178621446,4586,,,,,,,,,,,,,,,,,
0.0009954365178621446,4586,,,,,,,,,,,,,,,,,
,4586,0.0004735052934847772,0.013259082101285458,0.08742748945951462,0.15165802836418152,134,,,,,,,,,,,,
,442,,,,,,,,,,0.0004943250678479671,0.010796906426548958,0.09195023030042648,0.11742118746042252,,,,
,443,,,,,,,,,,0.0006872687372379005,0.01079651527106762,0.039159953594207764,0.27570289373397827,,,,
,444,,,,,,,,,,0.0006730143213644624,0.013431696221232414,0.07243724912405014,0.18542523682117462,,,,
,445,,,,,,,,,,9.116026194533333e-05,0.006436029449105263,0.09695577621459961,0.066381074488163,,,,
,446,,,,,,,,,,0.00020602229051291943,0.008544721640646458,0.08865968883037567,0.09637661278247833,,,,
,447,,,,,,,,,,0.0001657938992138952,0.007985482923686504,0.05721943825483322,0.13955889642238617,,,,
,448,,,,,,,,,,0.0002693161368370056,0.008374422788619995,0.025477152317762375,0.3287031352519989,,,,
,449,,,,,,,,,,0.000162678916240111,0.0076476773247122765,0.06866084039211273,0.11138337850570679,,,,
,450,,,,,,,,,,0.0002502977440599352,0.008892922662198544,0.11188463866710663,0.07948295772075653,,,,
,451,,,,,,,,,,0.00013418454909697175,0.007829337380826473,0.10694815963506699,0.0732068419456482,,,,
,452,,,,,,,,,,0.0002506530727259815,0.008557305671274662,0.08197197318077087,0.10439305752515793,,,,
,453,,,,,,,,,,0.0003508558147586882,0.009575214236974716,0.07832591235637665,0.1222483441233635,,,,
,454,,,,,,,,,,0.0013324879109859467,0.01853339374065399,0.07550571858882904,0.2454567849636078,,,,
,455,,,,,,,,,,0.00011225482739973813,0.006521741859614849,0.06541398167610168,0.09969949722290039,,,,
,456,,,,,,,,,,0.0004698137636296451,0.01042412780225277,0.1331549882888794,0.07828566431999207,,,,
,457,,,,,,,,,,0.00014528284373227507,0.006891578435897827,0.08672043681144714,0.07946889847517014,,,,
,458,,,,,,,,,,0.00022870989050716162,0.007196641992777586,0.05225556343793869,0.13772007822990417,,,,
,4589,,,,,134,,,,,,,,,0.0003581675700843334,0.00938408449292183,0.07918630540370941,0.13770027458667755
,4589,,,,,134,0.0005005983402952552,0.011769573204219341,0.09670304507017136,0.12272186577320099,,,,,,,,
0.0009951987507506096,4619,,,,,,,,,,,,,,,,,
0.0009951987507506096,4619,,,,,,,,,,,,,,,,,
0.0009951987507506096,4619,,,,,,,,,,,,,,,,,
0.0009951987507506096,4619,,,,,,,,,,,,,,,,,
,4619,0.00042657318408600986,0.010444983839988708,0.10624077171087265,0.09831426292657852,135,,,,,,,,,,,,
,4623,,,,,135,0.0003954233543481678,0.0104767344892025,0.09670308977365494,0.10935874283313751,,,,,,,,
0.0009949549757313201,4652,,,,,,,,,,,,,,,,,
0.0009949549757313201,4652,,,,,,,,,,,,,,,,,
0.0009949549757313201,4652,,,,,,,,,,,,,,,,,
0.0009949549757313201,4652,,,,,,,,,,,,,,,,,
,4652,0.00036238820757716894,0.012257484719157219,0.10662311315536499,0.11496084928512573,136,,,,,,,,,,,,
,4657,,,,,136,0.00036928182817064226,0.010294032283127308,0.09670305997133255,0.10758086293935776,,,,,,,,
0.0009947051957648206,4685,,,,,,,,,,,,,,,,,
0.0009947051957648206,4685,,,,,,,,,,,,,,,,,
0.0009947051957648206,4685,,,,,,,,,,,,,,,,,
0.0009947051957648206,4685,,,,,,,,,,,,,,,,,
,4685,0.00031452372786588967,0.012335306033492088,0.11360923945903778,0.10857660323381424,137,,,,,,,,,,,,
,4691,,,,,137,0.0004273533122614026,0.010401870124042034,0.09670301526784897,0.10844898223876953,,,,,,,,
0.0009944494138845836,4718,,,,,,,,,,,,,,,,,
0.0009944494138845836,4718,,,,,,,,,,,,,,,,,
0.0009944494138845836,4718,,,,,,,,,,,,,,,,,
0.0009944494138845836,4718,,,,,,,,,,,,,,,,,
,4718,0.0002668031374923885,0.009273059666156769,0.08533413708209991,0.10866763442754745,138,,,,,,,,,,,,
,4725,,,,,138,0.0004091329174116254,0.00970682967454195,0.09670307487249374,0.1017305999994278,,,,,,,,
0.0009941876331969722,4751,,,,,,,,,,,,,,,,,
0.0009941876331969722,4751,,,,,,,,,,,,,,,,,
0.0009941876331969722,4751,,,,,,,,,,,,,,,,,
0.0009941876331969722,4751,,,,,,,,,,,,,,,,,
,4751,0.001024291617795825,0.01570047251880169,0.09925292432308197,0.15818648040294647,139,,,,,,,,,,,,
,459,,,,,,,,,,5.590144428424537e-05,0.005922578275203705,0.09195023030042648,0.06441068649291992,,,,
,460,,,,,,,,,,9.901849989546463e-05,0.0066173798404634,0.039159953594207764,0.16898329555988312,,,,
,461,,,,,,,,,,6.314444181043655e-05,0.0059304004535079,0.07243724912405014,0.08186947554349899,,,,
,462,,,,,,,,,,0.0005071563646197319,0.010002212598919868,0.09695577621459961,0.10316261649131775,,,,
,463,,,,,,,,,,0.0002494695072527975,0.009214387275278568,0.08865968883037567,0.10392982512712479,,,,
,464,,,,,,,,,,0.0004951810115016997,0.011123201809823513,0.05721943825483322,0.19439546763896942,,,,
,465,,,,,,,,,,0.00023451125889550894,0.009024413302540779,0.025477152317762375,0.3542158007621765,,,,
,466,,,,,,,,,,0.00021329030278138816,0.009057934395968914,0.06866084039211273,0.13192284107208252,,,,
,467,,,,,,,,,,0.00030311004957184196,0.011639099568128586,0.11188463866710663,0.10402767360210419,,,,
,468,,,,,,,,,,0.0005746470997110009,0.011210664175450802,0.10694815963506699,0.10482333600521088,,,,
,469,,,,,,,,,,0.00034861612948589027,0.012625697068870068,0.08197197318077087,0.15402454137802124,,,,
,470,,,,,,,,,,0.00022667273879051208,0.009116760455071926,0.07832591235637665,0.11639519035816193,,,,
,471,,,,,,,,,,0.0004757881397381425,0.013384746387600899,0.07550571858882904,0.17726795375347137,,,,
,472,,,,,,,,,,0.0002514284569770098,0.009410030208528042,0.06541398167610168,0.14385347068309784,,,,
,473,,,,,,,,,,0.000465520890429616,0.0134393610060215,0.1331549882888794,0.10093020647764206,,,,
,474,,,,,,,,,,0.00037137389881536365,0.010426475666463375,0.08672043681144714,0.12023088335990906,,,,
,475,,,,,,,,,,0.0004850711557082832,0.01569562405347824,0.05225556343793869,0.3003626763820648,,,,
,4759,,,,,139,,,,,,,,,0.0003137797466479242,0.01006019115447998,0.07918630540370941,0.14391665160655975
,4759,,,,,139,0.0004099917132407427,0.00993358250707388,0.09670306742191315,0.10344920307397842,,,,,,,,
0.0009939198568812014,4784,,,,,,,,,,,,,,,,,
0.0009939198568812014,4784,,,,,,,,,,,,,,,,,
0.0009939198568812014,4784,,,,,,,,,,,,,,,,,
0.0009939198568812014,4784,,,,,,,,,,,,,,,,,
,4784,0.00024565329658798873,0.00696486234664917,0.08375032991170883,0.08316219598054886,140,,,,,,,,,,,,
,4793,,,,,140,0.0004278965061530471,0.010202629491686821,0.09670303761959076,0.1068078801035881,,,,,,,,
0.0009936460881893035,4817,,,,,,,,,,,,,,,,,
0.0009936460881893035,4817,,,,,,,,,,,,,,,,,
0.0009936460881893035,4817,,,,,,,,,,,,,,,,,
0.0009936460881893035,4817,,,,,,,,,,,,,,,,,
,4817,0.00031758472323417664,0.008668096736073494,0.11627517640590668,0.07454812526702881,141,,,,,,,,,,,,
,4827,,,,,141,0.00038955005584284663,0.010315717197954655,0.09670305997133255,0.10813962668180466,,,,,,,,
0.0009933663304460836,4850,,,,,,,,,,,,,,,,,
0.0009933663304460836,4850,,,,,,,,,,,,,,,,,
0.0009933663304460836,4850,,,,,,,,,,,,,,,,,
0.0009933663304460836,4850,,,,,,,,,,,,,,,,,
,4850,0.0004013644065707922,0.00976659543812275,0.10213886946439743,0.09562074393033981,142,,,,,,,,,,,,
,4861,,,,,142,0.000371368951164186,0.010318399406969547,0.09670305252075195,0.10751217603683472,,,,,,,,
0.0009930805870490803,4883,,,,,,,,,,,,,,,,,
0.0009930805870490803,4883,,,,,,,,,,,,,,,,,
0.0009930805870490803,4883,,,,,,,,,,,,,,,,,
0.0009930805870490803,4883,,,,,,,,,,,,,,,,,
,4883,0.0002075206721201539,0.010076981969177723,0.09770836681127548,0.10313324630260468,143,,,,,,,,,,,,
,4895,,,,,143,0.00036221579648554325,0.010175156407058239,0.09670305252075195,0.10616371035575867,,,,,,,,
0.0009927888614685281,4916,,,,,,,,,,,,,,,,,
0.0009927888614685281,4916,,,,,,,,,,,,,,,,,
0.0009927888614685281,4916,,,,,,,,,,,,,,,,,
0.0009927888614685281,4916,,,,,,,,,,,,,,,,,
,4916,0.0002721195050980896,0.009427731856703758,0.09245489537715912,0.10197113454341888,144,,,,,,,,,,,,
,476,,,,,,,,,,0.00032009303686209023,0.010866744443774223,0.09195023030042648,0.11818070709705353,,,,
,477,,,,,,,,,,0.0001762408937793225,0.008363901637494564,0.039159953594207764,0.21358297765254974,,,,
,478,,,,,,,,,,7.685366290388629e-05,0.006443101912736893,0.07243724912405014,0.0889473482966423,,,,
,479,,,,,,,,,,8.372523006983101e-05,0.007422915659844875,0.09695577621459961,0.07655979692935944,,,,
,480,,,,,,,,,,0.0006434652023017406,0.01296030543744564,0.08865968883037567,0.14618034660816193,,,,
,481,,,,,,,,,,0.00011935668590012938,0.008764202706515789,0.05721943825483322,0.15316824615001678,,,,
,482,,,,,,,,,,0.00039222772466018796,0.012384815141558647,0.025477152317762375,0.48611438274383545,,,,
,483,,,,,,,,,,0.00032101571559906006,0.010508053004741669,0.06866084039211273,0.15304286777973175,,,,
,484,,,,,,,,,,0.00020235148258507252,0.00762475561350584,0.11188463866710663,0.06814835965633392,,,,
,485,,,,,,,,,,0.00045014003990218043,0.012202057056128979,0.10694815963506699,0.11409318447113037,,,,
,486,,,,,,,,,,0.00022155452461447567,0.00822640024125576,0.08197197318077087,0.10035624355077744,,,,
,487,,,,,,,,,,8.899869135348126e-05,0.007294186390936375,0.07832591235637665,0.093126080930233,,,,
,488,,,,,,,,,,0.00013162234972696751,0.006646319292485714,0.07550571858882904,0.08802404254674911,,,,
,489,,,,,,,,,,0.00027177599258720875,0.0100081292912364,0.06541398167610168,0.15299676358699799,,,,
,490,,,,,,,,,,0.0001553882466396317,0.006772035267204046,0.1331549882888794,0.05085828900337219,,,,
,491,,,,,,,,,,0.00045932826469652355,0.009646732360124588,0.08672043681144714,0.11123941838741302,,,,
,492,,,,,,,,,,6.052381286281161e-05,0.005413881968706846,0.05225556343793869,0.10360391438007355,,,,
,4929,,,,,144,,,,,,,,,0.0002511757193133235,0.009020702913403511,0.07918630540370941,0.13735884428024292
,4929,,,,,144,0.0003689487639348954,0.009542020037770271,0.09670305997133255,0.10032323002815247,,,,,,,,
0.00099249115724731,4949,,,,,,,,,,,,,,,,,
0.00099249115724731,4949,,,,,,,,,,,,,,,,,
0.00099249115724731,4949,,,,,,,,,,,,,,,,,
0.00099249115724731,4949,,,,,,,,,,,,,,,,,
,4949,0.0006621410138905048,0.012172512710094452,0.0877344161272049,0.13874271512031555,145,,,,,,,,,,,,
,4963,,,,,145,0.0003932841937057674,0.010107374750077724,0.09670303016901016,0.10586145520210266,,,,,,,,
0.0009921874780009184,4982,,,,,,,,,,,,,,,,,
0.0009921874780009184,4982,,,,,,,,,,,,,,,,,
0.0009921874780009184,4982,,,,,,,,,,,,,,,,,
0.0009921874780009184,4982,,,,,,,,,,,,,,,,,
,4982,0.00030977788264863193,0.013244224712252617,0.11535023897886276,0.11481747776269913,146,,,,,,,,,,,,
,4997,,,,,146,0.0003686377312988043,0.0106439720839262,0.09670307487249374,0.11085478961467743,,,,,,,,
0.0009918778274174108,5015,,,,,,,,,,,,,,,,,
0.0009918778274174108,5015,,,,,,,,,,,,,,,,,
0.0009918778274174108,5015,,,,,,,,,,,,,,,,,
0.0009918778274174108,5015,,,,,,,,,,,,,,,,,
,5015,0.00031970522832125425,0.00888744741678238,0.07961633056402206,0.11162843555212021,147,,,,,,,,,,,,
,5031,,,,,147,0.0004063028027303517,0.010334452614188194,0.09670303761959076,0.10801253467798233,,,,,,,,
0.0009915622092573615,5048,,,,,,,,,,,,,,,,,
0.0009915622092573615,5048,,,,,,,,,,,,,,,,,
0.0009915622092573615,5048,,,,,,,,,,,,,,,,,
0.0009915622092573615,5048,,,,,,,,,,,,,,,,,
,5048,0.00042765436228364706,0.011692708358168602,0.096736840903759,0.12087129056453705,148,,,,,,,,,,,,
,5065,,,,,148,0.0004122823884245008,0.010194242931902409,0.09670305252075195,0.10649549961090088,,,,,,,,
0.000991240627353821,5081,,,,,,,,,,,,,,,,,
0.000991240627353821,5081,,,,,,,,,,,,,,,,,
0.000991240627353821,5081,,,,,,,,,,,,,,,,,
0.000991240627353821,5081,,,,,,,,,,,,,,,,,
,5081,0.00030422440613619983,0.011598112992942333,0.11454208940267563,0.10125633329153061,149,,,,,,,,,,,,
,493,,,,,,,,,,0.0004149169835727662,0.009572631679475307,0.09195023030042648,0.10410664975643158,,,,
,494,,,,,,,,,,8.046027505770326e-05,0.005821895785629749,0.039159953594207764,0.14866958558559418,,,,
,495,,,,,,,,,,6.740430399077013e-05,0.005032663699239492,0.07243724912405014,0.0694761723279953,,,,
,496,,,,,,,,,,0.00013588630827143788,0.008326346054673195,0.09695577621459961,0.08587776124477386,,,,
,497,,,,,,,,,,9.178371692541987e-05,0.0062512303702533245,0.08865968883037567,0.07050813734531403,,,,
,498,,,,,,,,,,0.00012170348054496571,0.005846620537340641,0.05721943825483322,0.1021789014339447,,,,
,499,,,,,,,,,,0.0003854095411952585,0.007548711262643337,0.025477152317762375,0.2962932586669922,,,,
,500,,,,,,,,,,0.00012376088125165552,0.006725089158862829,0.06866084039211273,0.09794648736715317,,,,
,501,,,,,,,,,,0.0005598933203145862,0.013165265321731567,0.11188463866710663,0.11766820400953293,,,,
,502,,,,,,,,,,0.00015630124835297465,0.0073402635753154755,0.10694815963506699,0.06863383948802948,,,,
,503,,,,,,,,,,0.00036663442733697593,0.007786472328007221,0.08197197318077087,0.09498943388462067,,,,
,504,,,,,,,,,,0.0003448327479418367,0.008724953979253769,0.07832591235637665,0.11139293015003204,,,,
,505,,,,,,,,,,5.571031215367839e-05,0.005074734799563885,0.07550571858882904,0.06720992922782898,,,,
,506,,,,,,,,,,0.00010744982864707708,0.004984922707080841,0.06541398167610168,0.07620575278997421,,,,
,507,,,,,,,,,,0.00043759954860433936,0.01053842157125473,0.1331549882888794,0.07914401590824127,,,,
,508,,,,,,,,,,0.0008092207135632634,0.012587212026119232,0.08672043681144714,0.14514699578285217,,,,
,509,,,,,,,,,,0.00018442071450408548,0.00760697154328227,0.05225556343793869,0.14557243883609772,,,,
,5099,,,,,149,,,,,,,,,0.00026370774139650166,0.007826116867363453,0.07918630540370941,0.10958994925022125
,5099,,,,,149,0.00036496331449598074,0.009909574873745441,0.09670303761959076,0.1037730798125267,,,,,,,,
0.0009909130856122653,5114,,,,,,,,,,,,,,,,,
0.0009909130856122653,5114,,,,,,,,,,,,,,,,,
0.0009909130856122653,5114,,,,,,,,,,,,,,,,,
0.0009909130856122653,5114,,,,,,,,,,,,,,,,,
,5114,0.0002650424721650779,0.011650878004729748,0.12753763794898987,0.09135246276855469,150,,,,,,,,,,,,
,5133,,,,,150,0.0003704164701048285,0.009853431023657322,0.09670306742191315,0.10373235493898392,,,,,,,,
0.0009905795880105516,5147,,,,,,,,,,,,,,,,,
0.0009905795880105516,5147,,,,,,,,,,,,,,,,,
0.0009905795880105516,5147,,,,,,,,,,,,,,,,,
0.0009905795880105516,5147,,,,,,,,,,,,,,,,,
,5147,0.0002526390308048576,0.010750687681138515,0.08964716643095016,0.1199222132563591,151,,,,,,,,,,,,
,5167,,,,,151,0.0004097259370610118,0.010342288762331009,0.09670304507017136,0.1086604967713356,,,,,,,,
0.000990240138598867,5180,,,,,,,,,,,,,,,,,
0.000990240138598867,5180,,,,,,,,,,,,,,,,,
0.000990240138598867,5180,,,,,,,,,,,,,,,,,
0.000990240138598867,5180,,,,,,,,,,,,,,,,,
,5180,0.0003898810828104615,0.009209444746375084,0.09996368736028671,0.09212788939476013,152,,,,,,,,,,,,
,5201,,,,,152,0.0003859350108541548,0.01011700090020895,0.09670305997133255,0.10538607835769653,,,,,,,,
0.0009898947414996816,5213,,,,,,,,,,,,,,,,,
0.0009898947414996816,5213,,,,,,,,,,,,,,,,,
0.0009898947414996816,5213,,,,,,,,,,,,,,,,,
0.0009898947414996816,5213,,,,,,,,,,,,,,,,,
,5213,8.732699643587694e-05,0.007290635257959366,0.11315154284238815,0.06443247944116592,153,,,,,,,,,,,,
,5235,,,,,153,0.00037244820850901306,0.009702309034764767,0.09670308232307434,0.10125782340765,,,,,,,,
0.0009895434009076975,5246,,,,,,,,,,,,,,,,,
0.0009895434009076975,5246,,,,,,,,,,,,,,,,,
0.0009895434009076975,5246,,,,,,,,,,,,,,,,,
0.0009895434009076975,5246,,,,,,,,,,,,,,,,,
,5246,0.00014368287520483136,0.006932420190423727,0.08740007877349854,0.07931822538375854,154,,,,,,,,,,,,
,510,,,,,,,,,,0.00011817499034805223,0.007114764302968979,0.09195023030042648,0.07737624645233154,,,,
,511,,,,,,,,,,3.869889405905269e-05,0.004194431006908417,0.039159953594207764,0.10711018741130829,,,,
,512,,,,,,,,,,0.00036802684189751744,0.009866300038993359,0.07243724912405014,0.1362047642469406,,,,
,513,,,,,,,,,,0.0005217051366344094,0.0104494234547019,0.09695577621459961,0.10777513682842255,,,,
,514,,,,,,,,,,0.0001719646097626537,0.008012915961444378,0.08865968883037567,0.09037833660840988,,,,
,515,,,,,,,,,,4.802584589924663e-05,0.004137999378144741,0.05721943825483322,0.07231805473566055,,,,
,516,,,,,,,,,,0.0002861127140931785,0.008631530217826366,0.025477152317762375,0.3387947976589203,,,,
,517,,,,,,,,,,0.00011691240797517821,0.006488238926976919,0.06866084039211273,0.09449692070484161,,,,
,518,,,,,,,,,,0.0001775296695996076,0.00858738087117672,0.11188463866710663,0.07675208896398544,,,,
,519,,,,,,,,,,0.00019803571922238916,0.007730219047516584,0.10694815963506699,0.07228004932403564,,,,
,520,,,,,,,,,,0.0003644106909632683,0.009136239066720009,0.08197197318077087,0.11145562678575516,,,,
,521,,,,,,,,,,0.00011452595208538696,0.006577011197805405,0.07832591235637665,0.08396978676319122,,,,
,522,,,,,,,,,,0.00018679795903153718,0.007227314170449972,0.07550571858882904,0.09571875631809235,,,,
,523,,,,,,,,,,0.0002986502950079739,0.010473961941897869,0.06541398167610168,0.16011807322502136,,,,
,524,,,,,,,,,,0.0003720419481396675,0.011201612651348114,0.1331549882888794,0.0841246098279953,,,,
,525,,,,,,,,,,0.000331628107232973,0.010607294738292694,0.08672043681144714,0.12231595814228058,,,,
,526,,,,,,,,,,0.0019064618973061442,0.01910557597875595,0.05225556343793869,0.365617960691452,,,,
,5269,,,,,154,,,,,,,,,0.0002828165306709707,0.008484207093715668,0.07918630540370941,0.12206051498651505
,5269,,,,,154,0.0004626333247870207,0.010328073054552078,0.09670302271842957,0.10799355059862137,,,,,,,,
0.0009891861210897987,5279,,,,,,,,,,,,,,,,,
0.0009891861210897987,5279,,,,,,,,,,,,,,,,,
0.0009891861210897987,5279,,,,,,,,,,,,,,,,,
0.0009891861210897987,5279,,,,,,,,,,,,,,,,,
,5279,0.00021896934777032584,0.009889587759971619,0.08811277151107788,0.1122378334403038,155,,,,,,,,,,,,
,5303,,,,,155,0.00041699036955833435,0.010609034448862076,0.09670308977365494,0.11092294752597809,,,,,,,,
0.0009888229063849964,5312,,,,,,,,,,,,,,,,,
0.0009888229063849964,5312,,,,,,,,,,,,,,,,,
0.0009888229063849964,5312,,,,,,,,,,,,,,,,,
0.0009888229063849964,5312,,,,,,,,,,,,,,,,,
,5312,7.708326302235946e-05,0.005359174683690071,0.09904223680496216,0.05410998687148094,156,,,,,,,,,,,,
,5337,,,,,156,0.00047511851880699396,0.010593107901513577,0.09670304507017136,0.11139090359210968,,,,,,,,
0.0009884537612043821,5345,,,,,,,,,,,,,,,,,
0.0009884537612043821,5345,,,,,,,,,,,,,,,,,
0.0009884537612043821,5345,,,,,,,,,,,,,,,,,
0.0009884537612043821,5345,,,,,,,,,,,,,,,,,
,5345,0.0005988936172798276,0.012465765699744225,0.09484143555164337,0.13143795728683472,157,,,,,,,,,,,,
,5371,,,,,157,0.0003929024387616664,0.009918016381561756,0.09670305252075195,0.10392315685749054,,,,,,,,
0.0009880786900310667,5378,,,,,,,,,,,,,,,,,
0.0009880786900310667,5378,,,,,,,,,,,,,,,,,
0.0009880786900310667,5378,,,,,,,,,,,,,,,,,
0.0009880786900310667,5378,,,,,,,,,,,,,,,,,
,5378,0.001272677443921566,0.01133507490158081,0.1072993278503418,0.10563974827528,158,,,,,,,,,,,,
,5405,,,,,158,0.0004104191320948303,0.009808402508497238,0.09670306742191315,0.10231248289346695,,,,,,,,
0.0009876976974201312,5411,,,,,,,,,,,,,,,,,
0.0009876976974201312,5411,,,,,,,,,,,,,,,,,
0.0009876976974201312,5411,,,,,,,,,,,,,,,,,
0.0009876976974201312,5411,,,,,,,,,,,,,,,,,
,5411,0.0009574033319950104,0.013458474539220333,0.09572651237249374,0.14059294760227203,159,,,,,,,,,,,,
,527,,,,,,,,,,0.0001523312967037782,0.010238602757453918,0.09195023030042648,0.11134938895702362,,,,
,528,,,,,,,,,,0.00014563147851731628,0.007980450987815857,0.039159953594207764,0.2037910670042038,,,,
,529,,,,,,,,,,0.00013668584870174527,0.008768236264586449,0.07243724912405014,0.12104593962430954,,,,
,530,,,,,,,,,,4.6864581236150116e-05,0.005781278014183044,0.09695577621459961,0.05962798371911049,,,,
,531,,,,,,,,,,0.0005627082427963614,0.015106335282325745,0.08865968883037567,0.17038559913635254,,,,
,532,,,,,,,,,,0.00037160905776545405,0.01086120493710041,0.05721943825483322,0.1898166686296463,,,,
,533,,,,,,,,,,3.319985989946872e-05,0.004819197580218315,0.025477152317762375,0.18915754556655884,,,,
,534,,,,,,,,,,0.00019388689543120563,0.009632248431444168,0.06866084039211273,0.1402873396873474,,,,
,535,,,,,,,,,,0.00021419706172309816,0.010126564651727676,0.11188463866710663,0.09050897508859634,,,,
,536,,,,,,,,,,0.0003500953898765147,0.010462770238518715,0.10694815963506699,0.09783028811216354,,,,
,537,,,,,,,,,,0.0002875592908822,0.011496743187308311,0.08197197318077087,0.14025209844112396,,,,
,538,,,,,,,,,,0.00032350991386920214,0.009808988310396671,0.07832591235637665,0.1252329796552658,,,,
,539,,,,,,,,,,0.00023082287225406617,0.010611414909362793,0.07550571858882904,0.14053787291049957,,,,
,540,,,,,,,,,,0.00024816853692755103,0.011332286521792412,0.06541398167610168,0.17323948442935944,,,,
,541,,,,,,,,,,0.0005775809404440224,0.01766027882695198,0.1331549882888794,0.13262948393821716,,,,
,542,,,,,,,,,,0.0001273510279133916,0.0084341149777174,0.08672043681144714,0.0972563624382019,,,,
,543,,,,,,,,,,3.919787559425458e-05,0.005319423973560333,0.05225556343793869,0.10179629921913147,,,,
,5439,,,,,159,,,,,,,,,0.00024374551139771938,0.010047298856079578,0.07918630540370941,0.1353846788406372
,5439,,,,,159,0.0003985703515354544,0.010077249258756638,0.09670305252075195,0.10513854771852493,,,,,,,,
0.0009873107879985721,5444,,,,,,,,,,,,,,,,,
0.0009873107879985721,5444,,,,,,,,,,,,,,,,,
0.0009873107879985721,5444,,,,,,,,,,,,,,,,,
0.0009873107879985721,5444,,,,,,,,,,,,,,,,,
,5444,0.0007925722165964544,0.015041803941130638,0.08864718675613403,0.16968166828155518,160,,,,,,,,,,,,
,5473,,,,,160,0.0004487921542022377,0.010814418084919453,0.09670305997133255,0.11361068487167358,,,,,,,,
0.00098691796646524,5477,,,,,,,,,,,,,,,,,
0.00098691796646524,5477,,,,,,,,,,,,,,,,,
0.00098691796646524,5477,,,,,,,,,,,,,,,,,
0.00098691796646524,5477,,,,,,,,,,,,,,,,,
,5477,0.0004881549975834787,0.011291911825537682,0.08245785534381866,0.136941596865654,161,,,,,,,,,,,,
,5507,,,,,161,0.00040777394315227866,0.010488014668226242,0.09670302271842957,0.11041996628046036,,,,,,,,
0.0009865192375907873,5510,,,,,,,,,,,,,,,,,
0.0009865192375907873,5510,,,,,,,,,,,,,,,,,
0.0009865192375907873,5510,,,,,,,,,,,,,,,,,
0.0009865192375907873,5510,,,,,,,,,,,,,,,,,
,5510,0.0007234782679006457,0.01330407615751028,0.09282469749450684,0.14332473278045654,162,,,,,,,,,,,,
,5541,,,,,162,0.00038981158286333084,0.009804897010326385,0.09670308232307434,0.10203056782484055,,,,,,,,
0.0009861146062176075,5543,,,,,,,,,,,,,,,,,
0.0009861146062176075,5543,,,,,,,,,,,,,,,,,
0.0009861146062176075,5543,,,,,,,,,,,,,,,,,
0.0009861146062176075,5543,,,,,,,,,,,,,,,,,
,5543,0.0015028633642941713,0.014282552525401115,0.11302892863750458,0.1263619065284729,163,,,,,,,,,,,,
,5575,,,,,163,0.00041818205500021577,0.009890730492770672,0.09670305252075195,0.10307735949754715,,,,,,,,
0.0009857040772597789,5576,,,,,,,,,,,,,,,,,
0.0009857040772597789,5576,,,,,,,,,,,,,,,,,
0.0009857040772597789,5576,,,,,,,,,,,,,,,,,
0.0009857040772597789,5576,,,,,,,,,,,,,,,,,
,5576,0.00028751877835020423,0.008203903213143349,0.1069321259856224,0.07672065496444702,164,,,,,,,,,,,,
0.0009852876557030015,5609,,,,,,,,,,,,,,,,,
,5609,3.5353554267203435e-05,0.0044653452932834625,0.11488528549671173,0.03886785730719566,164,,,,,,,,,,,,
,544,,,,,,,,,,0.0006884014583192766,0.014041639864444733,0.09195023030042648,0.15270911157131195,,,,
,545,,,,,,,,,,0.00053062429651618,0.010086210444569588,0.039159953594207764,0.25756433606147766,,,,
,546,,,,,,,,,,0.0011946388985961676,0.0187587458640337,0.07243724912405014,0.2589654326438904,,,,
,547,,,,,,,,,,0.0003194049349986017,0.009577709250152111,0.09695577621459961,0.09878429770469666,,,,
,548,,,,,,,,,,0.0001302187447436154,0.005576916038990021,0.08865968883037567,0.06290249526500702,,,,
,549,,,,,,,,,,0.0001862507197074592,0.007263144012540579,0.05721943825483322,0.12693488597869873,,,,
,550,,,,,,,,,,0.0002504523145034909,0.007628165185451508,0.025477152317762375,0.2994118928909302,,,,
,551,,,,,,,,,,0.00024884380400180817,0.008558308705687523,0.06866084039211273,0.12464611977338791,,,,
,552,,,,,,,,,,5.5651609727647156e-05,0.005065547302365303,0.11188463866710663,0.045274730771780014,,,,
,553,,,,,,,,,,0.0006999773904681206,0.014168353751301765,0.10694815963506699,0.13247869908809662,,,,
,554,,,,,,,,,,0.0005384335527196527,0.01302371360361576,0.08197197318077087,0.1588800549507141,,,,
,555,,,,,,,,,,0.0003180965140927583,0.00876070186495781,0.07832591235637665,0.1118493303656578,,,,
,556,,,,,,,,,,0.00025588093558326364,0.009481744840741158,0.07550571858882904,0.12557649612426758,,,,
,557,,,,,,,,,,0.0004530046717263758,0.010171938687562943,0.06541398167610168,0.15550096333026886,,,,
,558,,,,,,,,,,0.0006910994416102767,0.014723539352416992,0.1331549882888794,0.11057443916797638,,,,
,559,,,,,,,,,,0.0004247169417794794,0.010172202251851559,0.08672043681144714,0.11729877442121506,,,,
,560,,,,,,,,,,2.4274748284369707e-05,0.00342042138800025,0.05225556343793869,0.06545563042163849,,,,
,5609,,,,,164,,,,,,,,,0.00042411114554852247,0.010228410363197327,0.07918630540370941,0.14376240968704224
,5609,,,,,164,0.0003751785261556506,0.009640351869165897,0.09670303761959076,0.10130421072244644,,,,,,,,
0.0009848653466045397,5642,,,,,,,,,,,,,,,,,
0.0009848653466045397,5642,,,,,,,,,,,,,,,,,
0.0009848653466045397,5642,,,,,,,,,,,,,,,,,
0.0009848653466045397,5642,,,,,,,,,,,,,,,,,
,5642,0.0006951943505555391,0.013256105594336987,0.08269879221916199,0.1602938026189804,165,,,,,,,,,,,,
,5643,,,,,165,0.0003528463130351156,0.009663214907050133,0.09670305252075195,0.10100632160902023,,,,,,,,
0.0009844371550931604,5675,,,,,,,,,,,,,,,,,
0.0009844371550931604,5675,,,,,,,,,,,,,,,,,
0.0009844371550931604,5675,,,,,,,,,,,,,,,,,
0.0009844371550931604,5675,,,,,,,,,,,,,,,,,
,5675,0.0004355400742497295,0.012490622699260712,0.07866673171520233,0.15877895057201385,166,,,,,,,,,,,,
,5677,,,,,166,0.00039921674760989845,0.0098321083933115,0.09670303761959076,0.10290329158306122,,,,,,,,
0.0009840030863690695,5708,,,,,,,,,,,,,,,,,
0.0009840030863690695,5708,,,,,,,,,,,,,,,,,
0.0009840030863690695,5708,,,,,,,,,,,,,,,,,
0.0009840030863690695,5708,,,,,,,,,,,,,,,,,
,5708,0.00035263210884295404,0.009571492671966553,0.07836183160543442,0.12214481830596924,167,,,,,,,,,,,,
,5711,,,,,167,0.0003844565071631223,0.009211210533976555,0.09670306742191315,0.0970073789358139,,,,,,,,
0.000983563145703846,5741,,,,,,,,,,,,,,,,,
0.000983563145703846,5741,,,,,,,,,,,,,,,,,
0.000983563145703846,5741,,,,,,,,,,,,,,,,,
0.000983563145703846,5741,,,,,,,,,,,,,,,,,
,5741,4.626135341823101e-05,0.004824389703571796,0.091640904545784,0.05264449492096901,168,,,,,,,,,,,,
,5745,,,,,168,0.00044176087249070406,0.010577750392258167,0.09670304507017136,0.11067686229944229,,,,,,,,
0.0009831173384403857,5774,,,,,,,,,,,,,,,,,
0.0009831173384403857,5774,,,,,,,,,,,,,,,,,
0.0009831173384403857,5774,,,,,,,,,,,,,,,,,
0.0009831173384403857,5774,,,,,,,,,,,,,,,,,
,5774,0.0006813384825363755,0.01153393741697073,0.1060137078166008,0.10879664868116379,169,,,,,,,,,,,,
,561,,,,,,,,,,0.00019398969016037881,0.008168462663888931,0.09195023030042648,0.0888356864452362,,,,
,562,,,,,,,,,,0.0002738667535595596,0.00800458062440157,0.039159953594207764,0.20440725982189178,,,,
,563,,,,,,,,,,0.00013763357128482312,0.008598149754106998,0.07243724912405014,0.118697889149189,,,,
,564,,,,,,,,,,0.0002488319296389818,0.008867977187037468,0.09695577621459961,0.09146413207054138,,,,
,565,,,,,,,,,,0.0005342635558918118,0.013119019567966461,0.08865968883037567,0.14797049760818481,,,,
,566,,,,,,,,,,0.0007253249059431255,0.013674832880496979,0.05721943825483322,0.23898924887180328,,,,
,567,,,,,,,,,,0.0003854457172565162,0.010777270421385765,0.025477152317762375,0.42301690578460693,,,,
,568,,,,,,,,,,0.0004178890376351774,0.013595825992524624,0.06866084039211273,0.1980142444372177,,,,
,569,,,,,,,,,,0.00025714043295010924,0.010533733293414116,0.11188463866710663,0.09414815902709961,,,,
,570,,,,,,,,,,0.0002985929895658046,0.01089506410062313,0.10694815963506699,0.10187237709760666,,,,
,571,,,,,,,,,,0.00020267328363843262,0.008343576453626156,0.08197197318077087,0.10178571194410324,,,,
,572,,,,,,,,,,0.00039841735269874334,0.009696220979094505,0.07832591235637665,0.12379325926303864,,,,
,573,,,,,,,,,,0.00023519579553976655,0.009847210720181465,0.07550571858882904,0.13041673600673676,,,,
,574,,,,,,,,,,0.0003957607550546527,0.012082276865839958,0.06541398167610168,0.18470478057861328,,,,
,575,,,,,,,,,,0.00040907759102992713,0.011663336306810379,0.1331549882888794,0.08759217709302902,,,,
,576,,,,,,,,,,0.0008890727767720819,0.015510844066739082,0.08672043681144714,0.17886029183864594,,,,
,577,,,,,,,,,,0.0002865629503503442,0.010745136067271233,0.05225556343793869,0.20562660694122314,,,,
,5779,,,,,169,,,,,,,,,0.00037251258618198335,0.010833391919732094,0.07918630540370941,0.15862922370433807
,5779,,,,,169,0.000432482804171741,0.009923813864588737,0.09670305252075195,0.10285584628582001,,,,,,,,
0.0009826656699928296,5807,,,,,,,,,,,,,,,,,
0.0009826656699928296,5807,,,,,,,,,,,,,,,,,
0.0009826656699928296,5807,,,,,,,,,,,,,,,,,
0.0009826656699928296,5807,,,,,,,,,,,,,,,,,
,5807,0.0005681225447915494,0.012554272077977657,0.09732721745967865,0.12899033725261688,170,,,,,,,,,,,,
,5813,,,,,170,0.000346785323927179,0.009795689955353737,0.09670303016901016,0.10280954837799072,,,,,,,,
0.0009822081458465005,5840,,,,,,,,,,,,,,,,,
0.0009822081458465005,5840,,,,,,,,,,,,,,,,,
0.0009822081458465005,5840,,,,,,,,,,,,,,,,,
0.0009822081458465005,5840,,,,,,,,,,,,,,,,,
,5840,0.00012331455945968628,0.00787976011633873,0.10707801580429077,0.07358895242214203,171,,,,,,,,,,,,
,5847,,,,,171,0.00040701907710172236,0.01046763639897108,0.09670307487249374,0.10873427987098694,,,,,,,,
0.000981744771557836,5873,,,,,,,,,,,,,,,,,
0.000981744771557836,5873,,,,,,,,,,,,,,,,,
0.000981744771557836,5873,,,,,,,,,,,,,,,,,
0.000981744771557836,5873,,,,,,,,,,,,,,,,,
,5873,0.00015438062837347388,0.007866941392421722,0.09659668058156967,0.08144110441207886,172,,,,,,,,,,,,
,5881,,,,,172,0.0004236972890794277,0.010347648523747921,0.09670303761959076,0.1079665869474411,,,,,,,,
0.0009812755527543213,5906,,,,,,,,,,,,,,,,,
0.0009812755527543213,5906,,,,,,,,,,,,,,,,,
0.0009812755527543213,5906,,,,,,,,,,,,,,,,,
0.0009812755527543213,5906,,,,,,,,,,,,,,,,,
,5906,0.0003019467694684863,0.011232930235564709,0.10212394595146179,0.1099931001663208,173,,,,,,,,,,,,
,5915,,,,,173,0.0003972566919401288,0.010141042061150074,0.09670306742191315,0.10577012598514557,,,,,,,,
0.000980800495134421,5939,,,,,,,,,,,,,,,,,
0.000980800495134421,5939,,,,,,,,,,,,,,,,,
0.000980800495134421,5939,,,,,,,,,,,,,,,,,
0.000980800495134421,5939,,,,,,,,,,,,,,,,,
,5939,0.00014394443132914603,0.0071738166734576225,0.10189982503652573,0.070400670170784,174,,,,,,,,,,,,
,578,,,,,,,,,,0.00011506932060001418,0.006215590052306652,0.09195023030042648,0.06759732216596603,,,,
,579,,,,,,,,,,0.0003280727833043784,0.009216468781232834,0.039159953594207764,0.23535437881946564,,,,
,580,,,,,,,,,,0.0004054052697028965,0.009108634665608406,0.07243724912405014,0.12574516236782074,,,,
,581,,,,,,,,,,0.00010789615043904632,0.005697754677385092,0.09695577621459961,0.058766525238752365,,,,
,582,,,,,,,,,,5.830776353832334e-05,0.005242726765573025,0.08865968883037567,0.059133145958185196,,,,
,583,,,,,,,,,,0.0006251252489164472,0.012388437055051327,0.05721943825483322,0.2165074497461319,,,,
,584,,,,,,,,,,0.00014662600005976856,0.006949188187718391,0.025477152317762375,0.2727614641189575,,,,
,585,,,,,,,,,,0.0006128465756773949,0.013349756598472595,0.06866084039211273,0.1944303959608078,,,,
,586,,,,,,,,,,0.0003820511919911951,0.010622866451740265,0.11188463866710663,0.09494480490684509,,,,
,587,,,,,,,,,,0.00014746072702109814,0.007684968411922455,0.10694815963506699,0.07185693830251694,,,,
,588,,,,,,,,,,0.0001292299130000174,0.006049785763025284,0.08197197318077087,0.07380308955907822,,,,
,589,,,,,,,,,,0.00030110293300822377,0.008751194924116135,0.07832591235637665,0.11172795295715332,,,,
,590,,,,,,,,,,0.00015589111717417836,0.007268502376973629,0.07550571858882904,0.09626425057649612,,,,
,591,,,,,,,,,,0.0004315734258852899,0.01091823261231184,0.06541398167610168,0.16690973937511444,,,,
,592,,,,,,,,,,0.00016094707825686783,0.0070862313732504845,0.1331549882888794,0.05321791395545006,,,,
,593,,,,,,,,,,0.00018992801778949797,0.007053729146718979,0.08672043681144714,0.08133871108293533,,,,
,594,,,,,,,,,,0.0005248180823400617,0.010042588226497173,0.05225556343793869,0.19218213856220245,,,,
,5949,,,,,174,,,,,,,,,0.0002763601369224489,0.00840153731405735,0.07918630540370941,0.12584547698497772
,5949,,,,,174,0.00040892011020332575,0.009766600094735622,0.09670305997133255,0.10190553963184357,,,,,,,,
0.0009803196044675109,5972,,,,,,,,,,,,,,,,,
0.0009803196044675109,5972,,,,,,,,,,,,,,,,,
0.0009803196044675109,5972,,,,,,,,,,,,,,,,,
0.0009803196044675109,5972,,,,,,,,,,,,,,,,,
,5972,0.00018888924387283623,0.009177001193165779,0.10353871434926987,0.08863351494073868,175,,,,,,,,,,,,
,5983,,,,,175,0.00041555584175512195,0.010193734429776669,0.09670305252075195,0.10602714866399765,,,,,,,,
0.0009798328865938042,6005,,,,,,,,,,,,,,,,,
0.0009798328865938042,6005,,,,,,,,,,,,,,,,,
0.0009798328865938042,6005,,,,,,,,,,,,,,,,,
0.0009798328865938042,6005,,,,,,,,,,,,,,,,,
,6005,0.00039079703856259584,0.010526980273425579,0.0972934365272522,0.10819824784994125,176,,,,,,,,,,,,
,6017,,,,,176,0.0004819114110432565,0.010802880860865116,0.09670305252075195,0.11256439238786697,,,,,,,,
0.0009793403474242842,6038,,,,,,,,,,,,,,,,,
0.0009793403474242842,6038,,,,,,,,,,,,,,,,,
0.0009793403474242842,6038,,,,,,,,,,,,,,,,,
0.0009793403474242842,6038,,,,,,,,,,,,,,,,,
,6038,0.0013540618820115924,0.02106783166527748,0.10072682797908783,0.20915807783603668,177,,,,,,,,,,,,
,6051,,,,,177,0.0004181766707915813,0.010660150088369846,0.09670304507017136,0.11133069545030594,,,,,,,,
0.0009788419929406319,6071,,,,,,,,,,,,,,,,,
0.0009788419929406319,6071,,,,,,,,,,,,,,,,,
0.0009788419929406319,6071,,,,,,,,,,,,,,,,,
0.0009788419929406319,6071,,,,,,,,,,,,,,,,,
,6071,0.00010197809024248272,0.007055457681417465,0.10706634819507599,0.06589798629283905,178,,,,,,,,,,,,
,6085,,,,,178,0.0004329463408794254,0.010354176163673401,0.09670302271842957,0.10847247391939163,,,,,,,,
0.0009783378291951521,6104,,,,,,,,,,,,,,,,,
0.0009783378291951521,6104,,,,,,,,,,,,,,,,,
0.0009783378291951521,6104,,,,,,,,,,,,,,,,,
0.0009783378291951521,6104,,,,,,,,,,,,,,,,,
,6104,0.00018048554193228483,0.00806370284408331,0.12883108854293823,0.06259127706289291,179,,,,,,,,,,,,
,595,,,,,,,,,,0.00015565595822408795,0.009732215665280819,0.09195023030042648,0.10584220290184021,,,,
,596,,,,,,,,,,0.0002607897622510791,0.013377989642322063,0.039159953594207764,0.3416241705417633,,,,
,597,,,,,,,,,,0.0004962050006724894,0.01486129965633154,0.07243724912405014,0.205160990357399,,,,
,598,,,,,,,,,,0.00072148023173213,0.014487691223621368,0.09695577621459961,0.14942574501037598,,,,
,599,,,,,,,,,,0.00020185983157716691,0.01072863768786192,0.08865968883037567,0.12100918591022491,,,,
,600,,,,,,,,,,0.00022922034258954227,0.011132616549730301,0.05721943825483322,0.1945600062608719,,,,
,601,,,,,,,,,,0.00019669451285153627,0.01330779492855072,0.025477152317762375,0.5223421454429626,,,,
,602,,,,,,,,,,0.00020067940931767225,0.01179271936416626,0.06866084039211273,0.1717531830072403,,,,
,603,,,,,,,,,,0.0007320804288610816,0.01339280791580677,0.11188463866710663,0.11970192939043045,,,,
,604,,,,,,,,,,0.00016316361143253744,0.01026384998112917,0.10694815963506699,0.09597031772136688,,,,
,605,,,,,,,,,,0.00034139229683205485,0.012082977220416069,0.08197197318077087,0.147403746843338,,,,
,606,,,,,,,,,,0.00010249340266454965,0.007998871617019176,0.07832591235637665,0.10212291777133942,,,,
,607,,,,,,,,,,0.0002266458177473396,0.010592563077807426,0.07550571858882904,0.14028820395469666,,,,
,608,,,,,,,,,,0.00020224193576723337,0.010985339991748333,0.06541398167610168,0.16793562471866608,,,,
,609,,,,,,,,,,0.0002540628192946315,0.011000650934875011,0.1331549882888794,0.08261538296937943,,,,
,610,,,,,,,,,,0.0004754203837364912,0.012542563490569592,0.08672043681144714,0.14463213086128235,,,,
,611,,,,,,,,,,0.0001485931861680001,0.009810352697968483,0.05225556343793869,0.18773792684078217,,,,
,6119,,,,,179,,,,,,,,,0.0003051141102332622,0.011708227917551994,0.07918630540370941,0.17613676190376282
,6119,,,,,179,0.00048292113933712244,0.012112603522837162,0.09670304507017136,0.127585768699646,,,,,,,,
0.0009778278623107015,6137,,,,,,,,,,,,,,,,,
0.0009778278623107015,6137,,,,,,,,,,,,,,,,,
0.0009778278623107015,6137,,,,,,,,,,,,,,,,,
0.0009778278623107015,6137,,,,,,,,,,,,,,,,,
,6137,0.0005475152283906937,0.012385038658976555,0.10478364676237106,0.1181962788105011,180,,,,,,,,,,,,
,6153,,,,,180,0.00040220707887783647,0.01070745475590229,0.09670302271842957,0.11239305883646011,,,,,,,,
0.0009773120984806112,6170,,,,,,,,,,,,,,,,,
0.0009773120984806112,6170,,,,,,,,,,,,,,,,,
0.0009773120984806112,6170,,,,,,,,,,,,,,,,,
0.0009773120984806112,6170,,,,,,,,,,,,,,,,,
,6170,0.0003365963639225811,0.012046478688716888,0.14075586199760437,0.08558420091867447,181,,,,,,,,,,,,
,6187,,,,,181,0.0003728055744431913,0.010018665343523026,0.09670304507017136,0.10484448820352554,,,,,,,,
0.0009767905439686151,6203,,,,,,,,,,,,,,,,,
0.0009767905439686151,6203,,,,,,,,,,,,,,,,,
0.0009767905439686151,6203,,,,,,,,,,,,,,,,,
0.0009767905439686151,6203,,,,,,,,,,,,,,,,,
,6203,0.00015981293108779937,0.006541253533214331,0.08414551615715027,0.07773739099502563,182,,,,,,,,,,,,
,6221,,,,,182,0.00044174620416015387,0.01096836756914854,0.09670304507017136,0.11499639600515366,,,,,,,,
0.000976263205108776,6236,,,,,,,,,,,,,,,,,
0.000976263205108776,6236,,,,,,,,,,,,,,,,,
0.000976263205108776,6236,,,,,,,,,,,,,,,,,
0.000976263205108776,6236,,,,,,,,,,,,,,,,,
,6236,0.0012568548554554582,0.017650006338953972,0.11148878186941147,0.15831193327903748,183,,,,,,,,,,,,
,6255,,,,,183,0.0004507908597588539,0.010657773353159428,0.09670305252075195,0.11149095743894577,,,,,,,,
0.000975730088305401,6269,,,,,,,,,,,,,,,,,
0.000975730088305401,6269,,,,,,,,,,,,,,,,,
0.000975730088305401,6269,,,,,,,,,,,,,,,,,
0.000975730088305401,6269,,,,,,,,,,,,,,,,,
,6269,0.00017813825979828835,0.008562089875340462,0.11428585648536682,0.07491818815469742,184,,,,,,,,,,,,
,612,,,,,,,,,,0.00022611452732235193,0.009873579256236553,0.09195023030042648,0.10737959295511246,,,,
,613,,,,,,,,,,9.688243153505027e-05,0.007623591925948858,0.039159953594207764,0.19467821717262268,,,,
,614,,,,,,,,,,0.00021680443023797125,0.010938314720988274,0.07243724912405014,0.15100398659706116,,,,
,615,,,,,,,,,,0.00010348641080781817,0.008121900260448456,0.09695577621459961,0.08376911282539368,,,,
,616,,,,,,,,,,0.0001268095220439136,0.008879516273736954,0.08865968883037567,0.10015279054641724,,,,
,617,,,,,,,,,,0.00013249655603431165,0.009041065350174904,0.05721943825483322,0.15800686180591583,,,,
,618,,,,,,,,,,0.0003319143725093454,0.011265437118709087,0.025477152317762375,0.4421778619289398,,,,
,619,,,,,,,,,,0.00033728289417922497,0.009135152213275433,0.06866084039211273,0.1330474615097046,,,,
,620,,,,,,,,,,0.00018600885232444853,0.010142427869141102,0.11188463866710663,0.09065075218677521,,,,
,621,,,,,,,,,,0.0008017818327061832,0.013235541991889477,0.10694815963506699,0.12375660240650177,,,,
,622,,,,,,,,,,0.0002437825023662299,0.010434713214635849,0.08197197318077087,0.1272960901260376,,,,
,623,,,,,,,,,,0.0001440809282939881,0.008505876176059246,0.07832591235637665,0.10859593003988266,,,,
,624,,,,,,,,,,0.0002799789363052696,0.013353735208511353,0.07550571858882904,0.17685724794864655,,,,
,625,,,,,,,,,,0.0005350240971893072,0.012315450236201286,0.06541398167610168,0.18826936185359955,,,,
,626,,,,,,,,,,0.0011167218908667564,0.019440962001681328,0.1331549882888794,0.14600250124931335,,,,
,627,,,,,,,,,,0.0004433224385138601,0.014005634002387524,0.08672043681144714,0.16150325536727905,,,,
,628,,,,,,,,,,7.385453500319272e-05,0.006742567755281925,0.05225556343793869,0.12903060019016266,,,,
,6289,,,,,184,,,,,,,,,0.00032481332891620696,0.010889949277043343,0.07918630540370941,0.1550098955631256
,6289,,,,,184,0.00041489675641059875,0.009633610025048256,0.09670304507017136,0.10057944804430008,,,,,,,,
0.0009751912000329683,6302,,,,,,,,,,,,,,,,,
0.0009751912000329683,6302,,,,,,,,,,,,,,,,,
0.0009751912000329683,6302,,,,,,,,,,,,,,,,,
0.0009751912000329683,6302,,,,,,,,,,,,,,,,,
,6302,0.00028332576039247215,0.009260031394660473,0.07920677959918976,0.11690956354141235,185,,,,,,,,,,,,
,6323,,,,,185,0.0003779719991143793,0.010695256292819977,0.09670304507017136,0.11213409155607224,,,,,,,,
0.0009746465468360488,6335,,,,,,,,,,,,,,,,,
0.0009746465468360488,6335,,,,,,,,,,,,,,,,,
0.0009746465468360488,6335,,,,,,,,,,,,,,,,,
0.0009746465468360488,6335,,,,,,,,,,,,,,,,,
,6335,0.00012067431816831231,0.007720150053501129,0.09550517797470093,0.08083487302064896,186,,,,,,,,,,,,
,6357,,,,,186,0.0003878746647387743,0.01010027714073658,0.09670305997133255,0.1055225282907486,,,,,,,,
0.0009740961353292262,6368,,,,,,,,,,,,,,,,,
0.0009740961353292262,6368,,,,,,,,,,,,,,,,,
0.0009740961353292262,6368,,,,,,,,,,,,,,,,,
0.0009740961353292262,6368,,,,,,,,,,,,,,,,,
,6368,0.00015769668971188366,0.006882946938276291,0.07862110435962677,0.08754578232765198,187,,,,,,,,,,,,
,6391,,,,,187,0.000387997948564589,0.010270118713378906,0.09670308232307434,0.10778182744979858,,,,,,,,
0.000973539972197016,6401,,,,,,,,,,,,,,,,,
0.000973539972197016,6401,,,,,,,,,,,,,,,,,
0.000973539972197016,6401,,,,,,,,,,,,,,,,,
0.000973539972197016,6401,,,,,,,,,,,,,,,,,
,6401,0.0004012859135400504,0.010769598186016083,0.10095535218715668,0.10667683184146881,188,,,,,,,,,,,,
,6425,,,,,188,0.000418903335230425,0.01024952344596386,0.09670300781726837,0.10732222348451614,,,,,,,,
0.0009729780641937845,6434,,,,,,,,,,,,,,,,,
0.0009729780641937845,6434,,,,,,,,,,,,,,,,,
0.0009729780641937845,6434,,,,,,,,,,,,,,,,,
0.0009729780641937845,6434,,,,,,,,,,,,,,,,,
,6434,0.00016878805763553828,0.007037724368274212,0.08327044546604156,0.08451646566390991,189,,,,,,,,,,,,
,629,,,,,,,,,,0.0003769259201362729,0.009898209944367409,0.09195023030042648,0.10764746367931366,,,,
,630,,,,,,,,,,0.00017737410962581635,0.0071840910241007805,0.039159953594207764,0.1834549903869629,,,,
,631,,,,,,,,,,0.0003158962354063988,0.009684078395366669,0.07243724912405014,0.13368919491767883,,,,
,632,,,,,,,,,,0.00023365698871202767,0.009172741323709488,0.09695577621459961,0.09460746496915817,,,,
,633,,,,,,,,,,0.00019644344865810126,0.007071483880281448,0.08865968883037567,0.07975984364748001,,,,
,634,,,,,,,,,,0.00014553671644534916,0.007225280161947012,0.05721943825483322,0.12627315521240234,,,,
,635,,,,,,,,,,0.0001392877020407468,0.006578977685421705,0.025477152317762375,0.25823038816452026,,,,
,636,,,,,,,,,,0.00012902935850434005,0.006883995607495308,0.06866084039211273,0.10026085376739502,,,,
,637,,,,,,,,,,0.0001520929508842528,0.007715368177741766,0.11188463866710663,0.06895823776721954,,,,
,638,,,,,,,,,,0.00046460150042548776,0.010588616132736206,0.10694815963506699,0.09900698810815811,,,,
,639,,,,,,,,,,0.0005100368289276958,0.014159759506583214,0.08197197318077087,0.17273901402950287,,,,
,640,,,,,,,,,,0.0004538291832432151,0.008924916386604309,0.07832591235637665,0.11394588649272919,,,,
,641,,,,,,,,,,0.0003633651358541101,0.009323401376605034,0.07550571858882904,0.12347938865423203,,,,
,642,,,,,,,,,,0.0006248888093978167,0.010429907590150833,0.06541398167610168,0.15944460034370422,,,,
,643,,,,,,,,,,0.0005610633525066078,0.013966625556349754,0.1331549882888794,0.10488998144865036,,,,
,644,,,,,,,,,,0.00019652993069030344,0.008032801561057568,0.08672043681144714,0.09262869507074356,,,,
,645,,,,,,,,,,0.0008406442939303815,0.017099160701036453,0.05225556343793869,0.32722175121307373,,,,
,6459,,,,,189,,,,,,,,,0.00033096244442276657,0.009417565539479256,0.07918630540370941,0.13228042423725128
,6459,,,,,189,0.0003814198134932667,0.01005379669368267,0.09670307487249374,0.10482136905193329,,,,,,,,
0.0009724104181436683,6467,,,,,,,,,,,,,,,,,
0.0009724104181436683,6467,,,,,,,,,,,,,,,,,
0.0009724104181436683,6467,,,,,,,,,,,,,,,,,
0.0009724104181436683,6467,,,,,,,,,,,,,,,,,
,6467,0.00011497528612380847,0.005553136579692364,0.10259577631950378,0.05412635952234268,190,,,,,,,,,,,,
,6493,,,,,190,0.00041443825466558337,0.010058152489364147,0.09670305252075195,0.10538382828235626,,,,,,,,
0.0009718370409404891,6500,,,,,,,,,,,,,,,,,
0.0009718370409404891,6500,,,,,,,,,,,,,,,,,
0.0009718370409404891,6500,,,,,,,,,,,,,,,,,
0.0009718370409404891,6500,,,,,,,,,,,,,,,,,
,6500,0.0001287164050154388,0.007728051394224167,0.09852489084005356,0.07843754440546036,191,,,,,,,,,,,,
,6527,,,,,191,0.00037668857839889824,0.009581265971064568,0.09670306742191315,0.10046663880348206,,,,,,,,
0.0009712579395476711,6533,,,,,,,,,,,,,,,,,
0.0009712579395476711,6533,,,,,,,,,,,,,,,,,
0.0009712579395476711,6533,,,,,,,,,,,,,,,,,
0.0009712579395476711,6533,,,,,,,,,,,,,,,,,
,6533,5.35857689101249e-05,0.005069074220955372,0.09443366527557373,0.05367867276072502,192,,,,,,,,,,,,
,6561,,,,,192,0.00036673940485343337,0.01035474892705679,0.09670305252075195,0.1083696261048317,,,,,,,,
0.0009706731209981562,6566,,,,,,,,,,,,,,,,,
0.0009706731209981562,6566,,,,,,,,,,,,,,,,,
0.0009706731209981562,6566,,,,,,,,,,,,,,,,,
0.0009706731209981562,6566,,,,,,,,,,,,,,,,,
,6566,0.0005076184752397239,0.01172555424273014,0.08692257106304169,0.13489653170108795,193,,,,,,,,,,,,
,6595,,,,,193,0.00037388913915492594,0.009804074652493,0.09670303016901016,0.10147597640752792,,,,,,,,
0.0009700825923943197,6599,,,,,,,,,,,,,,,,,
0.0009700825923943197,6599,,,,,,,,,,,,,,,,,
0.0009700825923943197,6599,,,,,,,,,,,,,,,,,
0.0009700825923943197,6599,,,,,,,,,,,,,,,,,
,6599,0.00023070145107340068,0.009486615657806396,0.09424545615911484,0.1006585881114006,194,,,,,,,,,,,,
,646,,,,,,,,,,0.0003745235444512218,0.00855990406125784,0.09195023030042648,0.09309278428554535,,,,
,647,,,,,,,,,,0.00020844516984652728,0.007317032665014267,0.039159953594207764,0.18684983253479004,,,,
,648,,,,,,,,,,0.00022676207299809903,0.00904717855155468,0.07243724912405014,0.12489675730466843,,,,
,649,,,,,,,,,,0.0001341902243439108,0.0073363687843084335,0.09695577621459961,0.07566715776920319,,,,
,650,,,,,,,,,,0.0003775634686462581,0.01269795373082161,0.08865968883037567,0.14322125911712646,,,,
,651,,,,,,,,,,0.0004257170367054641,0.011578470468521118,0.05721943825483322,0.20235201716423035,,,,
,652,,,,,,,,,,0.00043118419125676155,0.010364512912929058,0.025477152317762375,0.4068158268928528,,,,
,653,,,,,,,,,,7.318084681173787e-05,0.005859066732227802,0.06866084039211273,0.0853334441781044,,,,
,654,,,,,,,,,,0.001210126793012023,0.016388138756155968,0.11188463866710663,0.14647352695465088,,,,
,655,,,,,,,,,,0.00022699555847793818,0.007233781274408102,0.10694815963506699,0.06763819605112076,,,,
,656,,,,,,,,,,0.0003959569148719311,0.009423729032278061,0.08197197318077087,0.11496280133724213,,,,
,657,,,,,,,,,,0.00035871012369170785,0.00790881086140871,0.07832591235637665,0.10097309947013855,,,,
,658,,,,,,,,,,0.0001007720929919742,0.006754228845238686,0.07550571858882904,0.08945319801568985,,,,
,659,,,,,,,,,,0.00032645341707393527,0.010505957528948784,0.06541398167610168,0.16060718894004822,,,,
,660,,,,,,,,,,0.00023088857415132225,0.009786287322640419,0.1331549882888794,0.07349545508623123,,,,
,661,,,,,,,,,,9.71343761193566e-05,0.006492633372545242,0.08672043681144714,0.07486854493618011,,,,
,662,,,,,,,,,,0.0005610237130895257,0.011707617901265621,0.05225556343793869,0.22404533624649048,,,,
,6629,,,,,194,,,,,,,,,0.0003320676041767001,0.009279265068471432,0.07918630540370941,0.13689234852790833
,6629,,,,,194,0.00029400456696748734,0.00862994883209467,0.09670303761959076,0.09059349447488785,,,,,,,,
0.0009694863609078826,6632,,,,,,,,,,,,,,,,,
0.0009694863609078826,6632,,,,,,,,,,,,,,,,,
0.0009694863609078826,6632,,,,,,,,,,,,,,,,,
0.0009694863609078826,6632,,,,,,,,,,,,,,,,,
,6632,0.0004887976101599634,0.013085445389151573,0.08906432241201401,0.1469212770462036,195,,,,,,,,,,,,
,6663,,,,,195,0.0003948216326534748,0.010035342536866665,0.09670305997133255,0.10491196811199188,,,,,,,,
0.0009688844337798245,6665,,,,,,,,,,,,,,,,,
0.0009688844337798245,6665,,,,,,,,,,,,,,,,,
0.0009688844337798245,6665,,,,,,,,,,,,,,,,,
0.0009688844337798245,6665,,,,,,,,,,,,,,,,,
,6665,0.000523794093169272,0.011908451095223427,0.11256100982427597,0.10579551756381989,196,,,,,,,,,,,,
,6697,,,,,196,0.0003806845925282687,0.00974850170314312,0.09670305252075195,0.10163825750350952,,,,,,,,
0.000968276818320297,6698,,,,,,,,,,,,,,,,,
0.000968276818320297,6698,,,,,,,,,,,,,,,,,
0.000968276818320297,6698,,,,,,,,,,,,,,,,,
0.000968276818320297,6698,,,,,,,,,,,,,,,,,
,6698,0.00015290330338757485,0.008570631965994835,0.12860284745693207,0.06664417684078217,197,,,,,,,,,,,,
0.0009676635219085328,6731,,,,,,,,,,,,,,,,,
,6731,0.00025696464581415057,0.009581308811903,0.10567883402109146,0.09066440165042877,197,,,,,,,,,,,,
,6731,,,,,197,0.0003801269340328872,0.00958862155675888,0.09670305997133255,0.10045328736305237,,,,,,,,
0.0009670445519927597,6764,,,,,,,,,,,,,,,,,
0.0009670445519927597,6764,,,,,,,,,,,,,,,,,
0.0009670445519927597,6764,,,,,,,,,,,,,,,,,
0.0009670445519927597,6764,,,,,,,,,,,,,,,,,
,6764,0.0003304318233858794,0.008922417648136616,0.10616953670978546,0.08403933048248291,198,,,,,,,,,,,,
,6765,,,,,198,0.0003742918197531253,0.009568208828568459,0.09670302271842957,0.10010276734828949,,,,,,,,
0.0009664199160901051,6797,,,,,,,,,,,,,,,,,
0.0009664199160901051,6797,,,,,,,,,,,,,,,,,
0.0009664199160901051,6797,,,,,,,,,,,,,,,,,
0.0009664199160901051,6797,,,,,,,,,,,,,,,,,
,6797,0.0004278491251170635,0.009121588431298733,0.10388970375061035,0.08780068904161453,199,,,,,,,,,,,,
,663,,,,,,,,,,0.0012934081023558974,0.017702577635645866,0.09195023030042648,0.19252344965934753,,,,
,664,,,,,,,,,,0.0001684359449427575,0.006931730546057224,0.039159953594207764,0.1770106554031372,,,,
,665,,,,,,,,,,0.00012131482799304649,0.005548711866140366,0.07243724912405014,0.07660024613142014,,,,
,666,,,,,,,,,,0.00010937696788460016,0.006786653306335211,0.09695577621459961,0.0699974000453949,,,,
,667,,,,,,,,,,0.00010018419561674818,0.007011774927377701,0.08865968883037567,0.07908638566732407,,,,
,668,,,,,,,,,,0.0001372591796098277,0.006599833257496357,0.05721943825483322,0.11534248292446136,,,,
,669,,,,,,,,,,0.00033635308500379324,0.009108079597353935,0.025477152317762375,0.35749977827072144,,,,
,670,,,,,,,,,,0.00034134762245230377,0.010087217204272747,0.06866084039211273,0.14691366255283356,,,,
,671,,,,,,,,,,0.0008400335209444165,0.016832295805215836,0.11188463866710663,0.15044330060482025,,,,
,672,,,,,,,,,,0.0001940175861818716,0.009017894975841045,0.10694815963506699,0.08432023972272873,,,,
,673,,,,,,,,,,0.0003695249033626169,0.009451276622712612,0.08197197318077087,0.11529886722564697,,,,
,674,,,,,,,,,,0.00016298028640449047,0.0073319850489497185,0.07832591235637665,0.09360866248607635,,,,
,675,,,,,,,,,,0.0003907213394995779,0.011598587036132812,0.07550571858882904,0.15361201763153076,,,,
,676,,,,,,,,,,0.00029298229492269456,0.009135626256465912,0.06541398167610168,0.1396586000919342,,,,
,677,,,,,,,,,,0.0005650618695653975,0.01379510946571827,0.1331549882888794,0.10360188782215118,,,,
,678,,,,,,,,,,3.999083855887875e-05,0.004685922991484404,0.08672043681144714,0.05403481051325798,,,,
,679,,,,,,,,,,3.4525706723798066e-05,0.004525577183812857,0.05225556343793869,0.08660467714071274,,,,
,6799,,,,,199,,,,,,,,,0.00033213672577403486,0.00932654831558466,0.07918630540370941,0.13047602772712708
,6799,,,,,199,0.0004014835867565125,0.010148494504392147,0.09670303016901016,0.10638248920440674,,,,,,,,
0.000965789621786509,6830,,,,,,,,,,,,,,,,,
0.000965789621786509,6830,,,,,,,,,,,,,,,,,
0.000965789621786509,6830,,,,,,,,,,,,,,,,,
0.000965789621786509,6830,,,,,,,,,,,,,,,,,
,6830,8.917854574974626e-05,0.0062630861066281796,0.08465954661369324,0.07397966831922531,200,,,,,,,,,,,,
,6833,,,,,200,0.0004513291933108121,0.011199360713362694,0.09670304507017136,0.11720999330282211,,,,,,,,
0.0009651536767366304,6863,,,,,,,,,,,,,,,,,
0.0009651536767366304,6863,,,,,,,,,,,,,,,,,
0.0009651536767366304,6863,,,,,,,,,,,,,,,,,
0.0009651536767366304,6863,,,,,,,,,,,,,,,,,
,6863,0.0008246009238064289,0.016064707189798355,0.10341834276914597,0.15533709526062012,201,,,,,,,,,,,,
,6867,,,,,201,0.0003812177455984056,0.01012181956321001,0.09670304507017136,0.1062735915184021,,,,,,,,
0.0009645120886637529,6896,,,,,,,,,,,,,,,,,
0.0009645120886637529,6896,,,,,,,,,,,,,,,,,
0.0009645120886637529,6896,,,,,,,,,,,,,,,,,
0.0009645120886637529,6896,,,,,,,,,,,,,,,,,
,6896,0.0015912491362541914,0.015840571373701096,0.09680357575416565,0.1636362075805664,202,,,,,,,,,,,,
,6901,,,,,202,0.0003351694322191179,0.009338725358247757,0.09670303016901016,0.09777775406837463,,,,,,,,
0.0009638648653596942,6929,,,,,,,,,,,,,,,,,
0.0009638648653596942,6929,,,,,,,,,,,,,,,,,
0.0009638648653596942,6929,,,,,,,,,,,,,,,,,
0.0009638648653596942,6929,,,,,,,,,,,,,,,,,
,6929,0.0005021566757932305,0.010887136682868004,0.07337963581085205,0.1483672559261322,203,,,,,,,,,,,,
,6935,,,,,203,0.0003809605841524899,0.010056845843791962,0.09670303016901016,0.10542486608028412,,,,,,,,
0.000963212014684708,6962,,,,,,,,,,,,,,,,,
0.000963212014684708,6962,,,,,,,,,,,,,,,,,
0.000963212014684708,6962,,,,,,,,,,,,,,,,,
0.000963212014684708,6962,,,,,,,,,,,,,,,,,
,6962,9.03006293810904e-05,0.005783324129879475,0.08346887677907944,0.06928718090057373,204,,,,,,,,,,,,
,680,,,,,,,,,,0.00010047625983133912,0.007829934358596802,0.09195023030042648,0.08515404164791107,,,,
,681,,,,,,,,,,0.00026777994935400784,0.008571109734475613,0.039159953594207764,0.21887430548667908,,,,
,682,,,,,,,,,,0.00010187223961111158,0.006713843904435635,0.07243724912405014,0.09268495440483093,,,,
,683,,,,,,,,,,0.0005701278569176793,0.014388552866876125,0.09695577621459961,0.14840324223041534,,,,
,684,,,,,,,,,,0.00025140499928966165,0.010967755690217018,0.08865968883037567,0.12370621412992477,,,,
,685,,,,,,,,,,0.0001739764556987211,0.008075683377683163,0.05721943825483322,0.1411352902650833,,,,
,686,,,,,,,,,,6.498984294012189e-05,0.0055389851331710815,0.025477152317762375,0.21740981936454773,,,,
,687,,,,,,,,,,0.000209092628210783,0.009253554046154022,0.06866084039211273,0.1347719132900238,,,,
,688,,,,,,,,,,0.00038876303005963564,0.010752545669674873,0.11188463866710663,0.09610385447740555,,,,
,689,,,,,,,,,,0.00032335365540347993,0.01095567550510168,0.10694815963506699,0.10243911296129227,,,,
,690,,,,,,,,,,0.00010153123730560765,0.006999555509537458,0.08197197318077087,0.08538960665464401,,,,
,691,,,,,,,,,,0.0004628965980373323,0.011216841638088226,0.07832591235637665,0.14320726692676544,,,,
,692,,,,,,,,,,0.0001523898827144876,0.007817582227289677,0.07550571858882904,0.10353627800941467,,,,
,693,,,,,,,,,,0.0001712405210128054,0.007143368478864431,0.06541398167610168,0.10920245200395584,,,,
,694,,,,,,,,,,0.0009734500199556351,0.019165217876434326,0.1331549882888794,0.14393164217472076,,,,
,695,,,,,,,,,,0.0003068402875214815,0.011686701327562332,0.08672043681144714,0.1347629278898239,,,,
,696,,,,,,,,,,7.518248457927257e-05,0.006261003669351339,0.05225556343793869,0.11981504410505295,,,,
,6969,,,,,204,,,,,,,,,0.0002822894894052297,0.009709538891911507,0.07918630540370941,0.1297345757484436
,6969,,,,,204,0.00039257865864783525,0.010248305276036263,0.09670305252075195,0.1075047105550766,,,,,,,,
0.0009625535445673904,6995,,,,,,,,,,,,,,,,,
0.0009625535445673904,6995,,,,,,,,,,,,,,,,,
0.0009625535445673904,6995,,,,,,,,,,,,,,,,,
0.0009625535445673904,6995,,,,,,,,,,,,,,,,,
,6995,0.000333569070789963,0.007952156476676464,0.11543534696102142,0.06888839602470398,205,,,,,,,,,,,,
,7003,,,,,205,0.0004016087914351374,0.010054558515548706,0.09670306742191315,0.10517986118793488,,,,,,,,
0.0009618894630045832,7028,,,,,,,,,,,,,,,,,
0.0009618894630045832,7028,,,,,,,,,,,,,,,,,
0.0009618894630045832,7028,,,,,,,,,,,,,,,,,
0.0009618894630045832,7028,,,,,,,,,,,,,,,,,
,7028,0.0001819645258365199,0.010355531238019466,0.0906909629702568,0.11418480426073074,206,,,,,,,,,,,,
,7037,,,,,206,0.0004240385605953634,0.010318465530872345,0.09670303761959076,0.10843056440353394,,,,,,,,
0.0009612197780612773,7061,,,,,,,,,,,,,,,,,
0.0009612197780612773,7061,,,,,,,,,,,,,,,,,
0.0009612197780612773,7061,,,,,,,,,,,,,,,,,
0.0009612197780612773,7061,,,,,,,,,,,,,,,,,
,7061,0.00010388294322183356,0.005820704158395529,0.0877111554145813,0.0663621798157692,207,,,,,,,,,,,,
,7071,,,,,207,0.00036140403244644403,0.009591496549546719,0.09670305252075195,0.09997289627790451,,,,,,,,
0.0009605444978705142,7094,,,,,,,,,,,,,,,,,
0.0009605444978705142,7094,,,,,,,,,,,,,,,,,
0.0009605444978705142,7094,,,,,,,,,,,,,,,,,
0.0009605444978705142,7094,,,,,,,,,,,,,,,,,
,7094,7.802578329574317e-05,0.005729789845645428,0.08948688954114914,0.06402937322854996,208,,,,,,,,,,,,
,7105,,,,,208,0.0003764410794246942,0.009864636696875095,0.09670305997133255,0.10260935872793198,,,,,,,,
0.0009598636306332864,7127,,,,,,,,,,,,,,,,,
0.0009598636306332864,7127,,,,,,,,,,,,,,,,,
0.0009598636306332864,7127,,,,,,,,,,,,,,,,,
0.0009598636306332864,7127,,,,,,,,,,,,,,,,,
,7127,0.000256477011134848,0.007718448992818594,0.10976472496986389,0.07031811028718948,209,,,,,,,,,,,,
,697,,,,,,,,,,0.00028740905690938234,0.01149730570614338,0.09195023030042648,0.12503834068775177,,,,
,698,,,,,,,,,,0.00035495191696099937,0.009890763089060783,0.039159953594207764,0.2525733411312103,,,,
,699,,,,,,,,,,0.0005679266178049147,0.01309275534003973,0.07243724912405014,0.1807461380958557,,,,
,700,,,,,,,,,,0.0001685928727965802,0.010768383741378784,0.09695577621459961,0.11106488853693008,,,,
,701,,,,,,,,,,0.00026951124891638756,0.01229560561478138,0.08865968883037567,0.13868314027786255,,,,
,702,,,,,,,,,,0.000572495860978961,0.013978905975818634,0.05721943825483322,0.2443034052848816,,,,
,703,,,,,,,,,,0.00010704890883062035,0.008441375568509102,0.025477152317762375,0.3313310742378235,,,,
,704,,,,,,,,,,0.0003959143068641424,0.012096184305846691,0.06866084039211273,0.17617294192314148,,,,
,705,,,,,,,,,,0.0002707710664253682,0.011569729074835777,0.11188463866710663,0.10340765118598938,,,,
,706,,,,,,,,,,0.0004562629328574985,0.014010990969836712,0.10694815963506699,0.13100729882717133,,,,
,707,,,,,,,,,,7.505387475248426e-05,0.0073075732216238976,0.08197197318077087,0.08914720267057419,,,,
,708,,,,,,,,,,0.0002077560347970575,0.01050853542983532,0.07832591235637665,0.1341642141342163,,,,
,709,,,,,,,,,,0.00023319506726693362,0.011391790583729744,0.07550571858882904,0.15087319910526276,,,,
,710,,,,,,,,,,0.0002551002544350922,0.010775037109851837,0.06541398167610168,0.16472068428993225,,,,
,711,,,,,,,,,,0.0005316948518157005,0.015988491475582123,0.1331549882888794,0.12007428705692291,,,,
,712,,,,,,,,,,0.00019963798695243895,0.01142786629498005,0.08672043681144714,0.13177822530269623,,,,
,713,,,,,,,,,,0.000103059719549492,0.008752400986850262,0.05225556343793869,0.16749219596385956,,,,
,7139,,,,,209,,,,,,,,,0.00030332442838698626,0.011479848064482212,0.07918630540370941,0.16174741089344025
,7139,,,,,209,0.0003731121541932225,0.009897560812532902,0.09670304507017136,0.10364432632923126,,,,,,,,
0.0009591771846184394,7160,,,,,,,,,,,,,,,,,
0.0009591771846184394,7160,,,,,,,,,,,,,,,,,
0.0009591771846184394,7160,,,,,,,,,,,,,,,,,
0.0009591771846184394,7160,,,,,,,,,,,,,,,,,
,7160,0.00016901787603273988,0.006910988595336676,0.07120326161384583,0.09705998748540878,210,,,,,,,,,,,,
,7173,,,,,210,0.00037932401755824685,0.010270567610859871,0.09670305997133255,0.10730703920125961,,,,,,,,
0.0009584851681625719,7193,,,,,,,,,,,,,,,,,
0.0009584851681625719,7193,,,,,,,,,,,,,,,,,
0.0009584851681625719,7193,,,,,,,,,,,,,,,,,
0.0009584851681625719,7193,,,,,,,,,,,,,,,,,
,7193,0.0005784259410575032,0.009932024404406548,0.10798835754394531,0.09197309613227844,211,,,,,,,,,,,,
,7207,,,,,211,0.00041936920024454594,0.010504843667149544,0.09670303761959076,0.1103966012597084,,,,,,,,
0.0009577875896699311,7226,,,,,,,,,,,,,,,,,
0.0009577875896699311,7226,,,,,,,,,,,,,,,,,
0.0009577875896699311,7226,,,,,,,,,,,,,,,,,
0.0009577875896699311,7226,,,,,,,,,,,,,,,,,
,7226,0.00015632253780495375,0.0071710580959916115,0.09208269417285919,0.07787627726793289,212,,,,,,,,,,,,
,7241,,,,,212,0.000351590831996873,0.00971943698823452,0.09670304507017136,0.10169609636068344,,,,,,,,
0.0009570844576123141,7259,,,,,,,,,,,,,,,,,
0.0009570844576123141,7259,,,,,,,,,,,,,,,,,
0.0009570844576123141,7259,,,,,,,,,,,,,,,,,
0.0009570844576123141,7259,,,,,,,,,,,,,,,,,
,7259,0.0003152306308038533,0.010347036644816399,0.0747859925031662,0.13835525512695312,213,,,,,,,,,,,,
,7275,,,,,213,0.0003633575397543609,0.009470654651522636,0.09670303761959076,0.09893448650836945,,,,,,,,
0.0009563757805289626,7292,,,,,,,,,,,,,,,,,
0.0009563757805289626,7292,,,,,,,,,,,,,,,,,
0.0009563757805289626,7292,,,,,,,,,,,,,,,,,
0.0009563757805289626,7292,,,,,,,,,,,,,,,,,
,7292,0.0007386023062281311,0.012420505285263062,0.1260780394077301,0.09851441532373428,214,,,,,,,,,,,,
,714,,,,,,,,,,0.0009067908395081758,0.012694081291556358,0.09195023030042648,0.13805381953716278,,,,
,715,,,,,,,,,,0.0002021227264776826,0.008590731769800186,0.039159953594207764,0.2193753719329834,,,,
,716,,,,,,,,,,0.0001836967858253047,0.007956385612487793,0.07243724912405014,0.10983829945325851,,,,
,717,,,,,,,,,,0.000316110672429204,0.011180314235389233,0.09695577621459961,0.11531352996826172,,,,
,718,,,,,,,,,,0.00045693558058701456,0.011398064903914928,0.08865968883037567,0.12855970859527588,,,,
,719,,,,,,,,,,7.06229911884293e-05,0.006040485110133886,0.05721943825483322,0.10556699335575104,,,,
,720,,,,,,,,,,0.0002686997759155929,0.01000057440251112,0.025477152317762375,0.3925309479236603,,,,
,721,,,,,,,,,,6.108379602665082e-05,0.005701353307813406,0.06866084039211273,0.08303645253181458,,,,
,722,,,,,,,,,,0.0006053357501514256,0.01509922370314598,0.11188463866710663,0.13495348393917084,,,,
,723,,,,,,,,,,0.00031784301972948015,0.010793695226311684,0.10694815963506699,0.1009245440363884,,,,
,724,,,,,,,,,,0.0005798308411613107,0.01324489526450634,0.08197197318077087,0.16157831251621246,,,,
,725,,,,,,,,,,0.000476156419608742,0.012124172411859035,0.07832591235637665,0.15479131042957306,,,,
,726,,,,,,,,,,0.00014765668311156332,0.007256067357957363,0.07550571858882904,0.09609956294298172,,,,
,727,,,,,,,,,,0.0004046205140184611,0.011116152629256248,0.06541398167610168,0.16993539035320282,,,,
,728,,,,,,,,,,0.0002150027285097167,0.00859902985394001,0.1331549882888794,0.06457909941673279,,,,
,729,,,,,,,,,,0.00017748703248798847,0.00709090381860733,0.08672043681144714,0.08176738023757935,,,,
,730,,,,,,,,,,5.2631359721999615e-05,0.004693207331001759,0.05225556343793869,0.08981256932020187,,,,
,7309,,,,,214,,,,,,,,,0.00032826128881424665,0.009771679528057575,0.07918630540370941,0.13950367271900177
,7309,,,,,214,0.0003993272257503122,0.009637964889407158,0.09670304507017136,0.10093408077955246,,,,,,,,
0.0009556615670264617,7325,,,,,,,,,,,,,,,,,
0.0009556615670264617,7325,,,,,,,,,,,,,,,,,
0.0009556615670264617,7325,,,,,,,,,,,,,,,,,
0.0009556615670264617,7325,,,,,,,,,,,,,,,,,
,7325,0.000750102917663753,0.014801017008721828,0.08511920273303986,0.17388573288917542,215,,,,,,,,,,,,
,7343,,,,,215,0.00038592665805481374,0.010314649902284145,0.09670302271842957,0.1079438328742981,,,,,,,,
0.0009549418257786321,7358,,,,,,,,,,,,,,,,,
0.0009549418257786321,7358,,,,,,,,,,,,,,,,,
0.0009549418257786321,7358,,,,,,,,,,,,,,,,,
0.0009549418257786321,7358,,,,,,,,,,,,,,,,,
,7358,0.0005253106355667114,0.014362758025527,0.09942029416561127,0.14446504414081573,216,,,,,,,,,,,,
,7377,,,,,216,0.0003570516128093004,0.009678748436272144,0.09670304507017136,0.10141118615865707,,,,,,,,
0.0009542165655264291,7391,,,,,,,,,,,,,,,,,
0.0009542165655264291,7391,,,,,,,,,,,,,,,,,
0.0009542165655264291,7391,,,,,,,,,,,,,,,,,
0.0009542165655264291,7391,,,,,,,,,,,,,,,,,
,7391,9.194533777190372e-05,0.005780701991170645,0.08173464238643646,0.07072523236274719,217,,,,,,,,,,,,
,7411,,,,,217,0.00040090459515340626,0.009987842291593552,0.09670308232307434,0.10582596063613892,,,,,,,,
0.0009534857950778315,7424,,,,,,,,,,,,,,,,,
0.0009534857950778315,7424,,,,,,,,,,,,,,,,,
0.0009534857950778315,7424,,,,,,,,,,,,,,,,,
0.0009534857950778315,7424,,,,,,,,,,,,,,,,,
,7424,0.000544870039448142,0.011414526961743832,0.08505716174840927,0.13419829308986664,218,,,,,,,,,,,,
,7445,,,,,218,0.00040084205102175474,0.010590741410851479,0.09670306742191315,0.11137018352746964,,,,,,,,
0.0009527495233077393,7457,,,,,,,,,,,,,,,,,
0.0009527495233077393,7457,,,,,,,,,,,,,,,,,
0.0009527495233077393,7457,,,,,,,,,,,,,,,,,
0.0009527495233077393,7457,,,,,,,,,,,,,,,,,
,7457,0.0003913169202860445,0.009883994236588478,0.09351863712072372,0.10569009184837341,219,,,,,,,,,,,,
,731,,,,,,,,,,0.00017981270502787083,0.00965745747089386,0.09195023030042648,0.10502917319536209,,,,
,732,,,,,,,,,,0.0002537438413128257,0.009185447357594967,0.039159953594207764,0.2345622032880783,,,,
,733,,,,,,,,,,0.00043655975605361164,0.01282456424087286,0.07243724912405014,0.17704375088214874,,,,
,734,,,,,,,,,,0.00018285124679096043,0.010183995589613914,0.09695577621459961,0.10503752529621124,,,,
,735,,,,,,,,,,0.00019562005763873458,0.010014413855969906,0.08865968883037567,0.11295339465141296,,,,
,736,,,,,,,,,,0.00011466556316008791,0.007748947944492102,0.05721943825483322,0.13542507588863373,,,,
,737,,,,,,,,,,3.061190000153147e-05,0.00467853806912899,0.025477152317762375,0.18363654613494873,,,,
,738,,,,,,,,,,0.0002334326709387824,0.0095464326441288,0.06866084039211273,0.13903748989105225,,,,
,739,,,,,,,,,,0.0005487428279593587,0.015618967823684216,0.11188463866710663,0.13959884643554688,,,,
,740,,,,,,,,,,0.0003721232060343027,0.013339541852474213,0.10694815963506699,0.12472903728485107,,,,
,741,,,,,,,,,,0.000329574424540624,0.013223416171967983,0.08197197318077087,0.16131629049777985,,,,
,742,,,,,,,,,,0.0006052241660654545,0.013286300003528595,0.07832591235637665,0.16962838172912598,,,,
,743,,,,,,,,,,0.00016220888937823474,0.008847049437463284,0.07550571858882904,0.11717057228088379,,,,
,744,,,,,,,,,,0.00014333357103168964,0.008378736674785614,0.06541398167610168,0.1280878335237503,,,,
,745,,,,,,,,,,0.0015688998391851783,0.024121662601828575,0.1331549882888794,0.1811547726392746,,,,
,746,,,,,,,,,,0.0006356299272738397,0.013433469459414482,0.08672043681144714,0.15490543842315674,,,,
,747,,,,,,,,,,7.221243140520528e-05,0.007009898778051138,0.05225556343793869,0.13414643704891205,,,,
,7479,,,,,219,,,,,,,,,0.00036540249129757285,0.01136932522058487,0.07918630540370941,0.14765995740890503
,7479,,,,,219,0.0003716322244144976,0.010437038727104664,0.09670303016901016,0.11033507436513901,,,,,,,,
0.0009520077591578623,7490,,,,,,,,,,,,,,,,,
0.0009520077591578623,7490,,,,,,,,,,,,,,,,,
0.0009520077591578623,7490,,,,,,,,,,,,,,,,,
0.0009520077591578623,7490,,,,,,,,,,,,,,,,,
,7490,0.0002104964223690331,0.008094264194369316,0.08919956535100937,0.0907433032989502,220,,,,,,,,,,,,
,7513,,,,,220,0.00036533913225866854,0.009819569997489452,0.09670305997133255,0.1031830683350563,,,,,,,,
0.0009512605116366137,7523,,,,,,,,,,,,,,,,,
0.0009512605116366137,7523,,,,,,,,,,,,,,,,,
0.0009512605116366137,7523,,,,,,,,,,,,,,,,,
0.0009512605116366137,7523,,,,,,,,,,,,,,,,,
,7523,0.0006380978738889098,0.011628972366452217,0.07530513405799866,0.15442466735839844,221,,,,,,,,,,,,
,7547,,,,,221,0.00042886301525868475,0.010722816921770573,0.09670305997133255,0.1118544191122055,,,,,,,,
0.0009505077898189992,7556,,,,,,,,,,,,,,,,,
0.0009505077898189992,7556,,,,,,,,,,,,,,,,,
0.0009505077898189992,7556,,,,,,,,,,,,,,,,,
0.0009505077898189992,7556,,,,,,,,,,,,,,,,,
,7556,0.000632223323918879,0.011016836389899254,0.10880061239004135,0.10125710815191269,222,,,,,,,,,,,,
,7581,,,,,222,0.0003894427791237831,0.009877425618469715,0.09670303761959076,0.10399897396564484,,,,,,,,
0.000949749602846508,7589,,,,,,,,,,,,,,,,,
0.000949749602846508,7589,,,,,,,,,,,,,,,,,
0.000949749602846508,7589,,,,,,,,,,,,,,,,,
0.000949749602846508,7589,,,,,,,,,,,,,,,,,
,7589,7.910152635304257e-05,0.0067328172735869884,0.10456769168376923,0.06438715755939484,223,,,,,,,,,,,,
,7615,,,,,223,0.00043350987834855914,0.011053013615310192,0.09670305997133255,0.11499640345573425,,,,,,,,
0.0009489859599270014,7622,,,,,,,,,,,,,,,,,
0.0009489859599270014,7622,,,,,,,,,,,,,,,,,
0.0009489859599270014,7622,,,,,,,,,,,,,,,,,
0.0009489859599270014,7622,,,,,,,,,,,,,,,,,
,7622,0.0013582789106294513,0.01567920669913292,0.07689467072486877,0.20390495657920837,224,,,,,,,,,,,,
,748,,,,,,,,,,0.00034009545925073326,0.011000839993357658,0.09195023030042648,0.11963905394077301,,,,
,749,,,,,,,,,,0.0003675440966617316,0.00780620239675045,0.039159953594207764,0.19934141635894775,,,,
,750,,,,,,,,,,0.00020019698422402143,0.007213088683784008,0.07243724912405014,0.09957705438137054,,,,
,751,,,,,,,,,,0.0010277184192091227,0.012119835242629051,0.09695577621459961,0.12500374019145966,,,,
,752,,,,,,,,,,0.0002767640398815274,0.009733326733112335,0.08865968883037567,0.10978298634290695,,,,
,753,,,,,,,,,,5.486972440849058e-05,0.0050043985247612,0.05721943825483322,0.0874597504734993,,,,
,754,,,,,,,,,,9.79021642706357e-05,0.006332119461148977,0.025477152317762375,0.248540997505188,,,,
,755,,,,,,,,,,0.0005220476887188852,0.01300165057182312,0.06866084039211273,0.18936046957969666,,,,
,756,,,,,,,,,,0.00042648823000490665,0.011324211955070496,0.11188463866710663,0.10121327638626099,,,,
,757,,,,,,,,,,0.0012515535345301032,0.01623084396123886,0.10694815963506699,0.1517636477947235,,,,
,758,,,,,,,,,,0.0004374385462142527,0.010146787390112877,0.08197197318077087,0.12378360331058502,,,,
,759,,,,,,,,,,5.4004161938792095e-05,0.004966318141669035,0.07832591235637665,0.06340580433607101,,,,
,760,,,,,,,,,,0.00011261690815445036,0.006080590188503265,0.07550571858882904,0.08053150773048401,,,,
,761,,,,,,,,,,0.00043961903429590166,0.011337650939822197,0.06541398167610168,0.17332150042057037,,,,
,762,,,,,,,,,,0.0001629951293580234,0.008559862151741982,0.1331549882888794,0.06428495049476624,,,,
,763,,,,,,,,,,0.00037458998849615455,0.011631383560597897,0.08672043681144714,0.13412503898143768,,,,
,764,,,,,,,,,,0.0002784729585982859,0.009724430739879608,0.05225556343793869,0.18609365820884705,,,,
,7649,,,,,224,,,,,,,,,0.0003809503687079996,0.009536444209516048,0.07918630540370941,0.13116250932216644
,7649,,,,,224,0.00041666373726911843,0.010593115352094173,0.09670301526784897,0.11108850687742233,,,,,,,,
0.0009482168703346008,7655,,,,,,,,,,,,,,,,,
0.0009482168703346008,7655,,,,,,,,,,,,,,,,,
0.0009482168703346008,7655,,,,,,,,,,,,,,,,,
0.0009482168703346008,7655,,,,,,,,,,,,,,,,,
,7655,0.0001930923608597368,0.0065210736356675625,0.07521792501211166,0.08669573068618774,225,,,,,,,,,,,,
,7683,,,,,225,0.0004178833041805774,0.00989683996886015,0.09670305997133255,0.10364256799221039,,,,,,,,
0.0009474423434095745,7688,,,,,,,,,,,,,,,,,
0.0009474423434095745,7688,,,,,,,,,,,,,,,,,
0.0009474423434095745,7688,,,,,,,,,,,,,,,,,
0.0009474423434095745,7688,,,,,,,,,,,,,,,,,
,7688,0.0002559897839091718,0.009075635112822056,0.09820769727230072,0.09241265803575516,226,,,,,,,,,,,,
,7717,,,,,226,0.0003459446015767753,0.009306556545197964,0.09670303761959076,0.09769438207149506,,,,,,,,
0.0009466623885582257,7721,,,,,,,,,,,,,,,,,
0.0009466623885582257,7721,,,,,,,,,,,,,,,,,
0.0009466623885582257,7721,,,,,,,,,,,,,,,,,
0.0009466623885582257,7721,,,,,,,,,,,,,,,,,
,7721,0.00040766852907836437,0.008709253743290901,0.09173105657100677,0.0949433371424675,227,,,,,,,,,,,,
,7751,,,,,227,0.0003376023087184876,0.009393386542797089,0.09670305997133255,0.09800804406404495,,,,,,,,
0.0009458770152527771,7754,,,,,,,,,,,,,,,,,
0.0009458770152527771,7754,,,,,,,,,,,,,,,,,
0.0009458770152527771,7754,,,,,,,,,,,,,,,,,
0.0009458770152527771,7754,,,,,,,,,,,,,,,,,
,7754,0.0002480680705048144,0.010661229491233826,0.10334531962871552,0.10316121578216553,228,,,,,,,,,,,,
,7785,,,,,228,0.0004324059118516743,0.010693158954381943,0.09670304507017136,0.11144357174634933,,,,,,,,
0.0009450862330312568,7787,,,,,,,,,,,,,,,,,
0.0009450862330312568,7787,,,,,,,,,,,,,,,,,
0.0009450862330312568,7787,,,,,,,,,,,,,,,,,
0.0009450862330312568,7787,,,,,,,,,,,,,,,,,
,7787,0.0001741156738717109,0.007955819368362427,0.10151871293783188,0.07836800068616867,229,,,,,,,,,,,,
,765,,,,,,,,,,0.0004326386551838368,0.010611068457365036,0.09195023030042648,0.11540011316537857,,,,
,766,,,,,,,,,,0.00035425444366410375,0.010709173046052456,0.039159953594207764,0.27347248792648315,,,,
,767,,,,,,,,,,0.00034581596264615655,0.008821235969662666,0.07243724912405014,0.12177760899066925,,,,
,768,,,,,,,,,,8.095196972135454e-05,0.006576709449291229,0.09695577621459961,0.06783204525709152,,,,
,769,,,,,,,,,,8.764340600464493e-05,0.005947895348072052,0.08865968883037567,0.06708680093288422,,,,
,770,,,,,,,,,,0.00023563962895423174,0.009196378290653229,0.05721943825483322,0.16072119772434235,,,,
,771,,,,,,,,,,1.4613859093515202e-05,0.0027911141514778137,0.025477152317762375,0.10955357551574707,,,,
,772,,,,,,,,,,0.00024836824741214514,0.009246956557035446,0.06866084039211273,0.13467583060264587,,,,
,773,,,,,,,,,,0.00037573830923065543,0.011081239208579063,0.11188463866710663,0.0990416407585144,,,,
,774,,,,,,,,,,6.884473987156525e-05,0.005409951321780682,0.10694815963506699,0.05058479681611061,,,,
,775,,,,,,,,,,0.0001946578559000045,0.007243153639137745,0.08197197318077087,0.08836133033037186,,,,
,776,,,,,,,,,,0.00015482105663977563,0.006235315464437008,0.07832591235637665,0.07960730046033859,,,,
,777,,,,,,,,,,0.0001367071527056396,0.006333700846880674,0.07550571858882904,0.08388371020555496,,,,
,778,,,,,,,,,,0.00019120675278827548,0.007800647523254156,0.06541398167610168,0.11925044655799866,,,,
,779,,,,,,,,,,0.00017344589286949486,0.009236002340912819,0.1331549882888794,0.06936278939247131,,,,
,780,,,,,,,,,,9.403511648997664e-05,0.0053819650784134865,0.08672043681144714,0.06206108629703522,,,,
,781,,,,,,,,,,0.0001982221147045493,0.008263081312179565,0.05225556343793869,0.15812823176383972,,,,
,7819,,,,,229,,,,,,,,,0.0001993026671698317,0.007682063151150942,0.07918630540370941,0.10798405855894089
,7819,,,,,229,0.00044804555363953114,0.010349448770284653,0.09670303761959076,0.10807887464761734,,,,,,,,
0.0009442900514973808,7820,,,,,,,,,,,,,,,,,
0.0009442900514973808,7820,,,,,,,,,,,,,,,,,
0.0009442900514973808,7820,,,,,,,,,,,,,,,,,
0.0009442900514973808,7820,,,,,,,,,,,,,,,,,
,7820,0.00022369588259607553,0.00859953835606575,0.11183574795722961,0.0768943503499031,230,,,,,,,,,,,,
0.0009434884803204389,7853,,,,,,,,,,,,,,,,,
,7853,0.00045286110253073275,0.012841319665312767,0.09833098948001862,0.13059279322624207,230,,,,,,,,,,,,
,7853,,,,,230,0.0003775011282414198,0.010180643759667873,0.09670302271842957,0.10682882368564606,,,,,,,,
0.0009426815292351749,7886,,,,,,,,,,,,,,,,,
0.0009426815292351749,7886,,,,,,,,,,,,,,,,,
0.0009426815292351749,7886,,,,,,,,,,,,,,,,,
0.0009426815292351749,7886,,,,,,,,,,,,,,,,,
,7886,0.00035482272505760193,0.009795919060707092,0.11342170089483261,0.08636722713708878,231,,,,,,,,,,,,
,7887,,,,,231,0.0003596625756472349,0.009361553005874157,0.09670304507017136,0.09904317557811737,,,,,,,,
0.0009418692080416692,7919,,,,,,,,,,,,,,,,,
0.0009418692080416692,7919,,,,,,,,,,,,,,,,,
0.0009418692080416692,7919,,,,,,,,,,,,,,,,,
0.0009418692080416692,7919,,,,,,,,,,,,,,,,,
,7919,0.00047647146857343614,0.011134946718811989,0.12104501575231552,0.09199012070894241,232,,,,,,,,,,,,
,7921,,,,,232,0.0004057126643601805,0.010126474313437939,0.09670305997133255,0.10637126117944717,,,,,,,,
0.0009410515266052205,7952,,,,,,,,,,,,,,,,,
0.0009410515266052205,7952,,,,,,,,,,,,,,,,,
0.0009410515266052205,7952,,,,,,,,,,,,,,,,,
0.0009410515266052205,7952,,,,,,,,,,,,,,,,,
,7952,3.7649020669050515e-05,0.004858730360865593,0.08054661750793457,0.06032196059823036,233,,,,,,,,,,,,
,7955,,,,,233,0.0003895383852068335,0.010104927234351635,0.09670303761959076,0.10566946864128113,,,,,,,,
0.000940228494856225,7985,,,,,,,,,,,,,,,,,
0.000940228494856225,7985,,,,,,,,,,,,,,,,,
0.000940228494856225,7985,,,,,,,,,,,,,,,,,
0.000940228494856225,7985,,,,,,,,,,,,,,,,,
,7985,0.00021499686408787966,0.008612125180661678,0.08848731219768524,0.09732609242200851,234,,,,,,,,,,,,
,782,,,,,,,,,,0.00040643507963977754,0.011987952515482903,0.09195023030042648,0.13037434220314026,,,,
,783,,,,,,,,,,0.00011972508218605071,0.007302967365831137,0.039159953594207764,0.18649065494537354,,,,
,784,,,,,,,,,,8.7076383351814e-05,0.006287659518420696,0.07243724912405014,0.0868014544248581,,,,
,785,,,,,,,,,,0.000600900617428124,0.01258769165724516,0.09695577621459961,0.12982919812202454,,,,
,786,,,,,,,,,,9.011247311718762e-05,0.007142534479498863,0.08865968883037567,0.08056122809648514,,,,
,787,,,,,,,,,,0.00022046960657462478,0.00865166261792183,0.05721943825483322,0.15120142698287964,,,,
,788,,,,,,,,,,6.675988697679713e-05,0.0060501499101519585,0.025477152317762375,0.23747345805168152,,,,
,789,,,,,,,,,,0.00034020637394860387,0.012536086142063141,0.06866084039211273,0.18257983028888702,,,,
,790,,,,,,,,,,0.000185544224223122,0.008829418569803238,0.11188463866710663,0.07891537249088287,,,,
,791,,,,,,,,,,0.0003930736565962434,0.010781055316329002,0.10694815963506699,0.1008063554763794,,,,
,792,,,,,,,,,,0.0003356949600856751,0.010024051181972027,0.08197197318077087,0.12228630483150482,,,,
,793,,,,,,,,,,0.00044177426025271416,0.011921517550945282,0.07832591235637665,0.1522039920091629,,,,
,794,,,,,,,,,,0.000139548908919096,0.007548852823674679,0.07550571858882904,0.09997721761465073,,,,
,795,,,,,,,,,,0.00020609299826901406,0.007525729015469551,0.06541398167610168,0.11504769325256348,,,,
,796,,,,,,,,,,0.0008532017236575484,0.01403508335351944,0.1331549882888794,0.10540410131216049,,,,
,797,,,,,,,,,,5.6118497013812885e-05,0.006321997847408056,0.08672043681144714,0.07290089130401611,,,,
,798,,,,,,,,,,0.0002269340620841831,0.010050992481410503,0.05225556343793869,0.19234298169612885,,,,
,7989,,,,,234,,,,,,,,,0.00028219405794516206,0.009367266669869423,0.07918630540370941,0.12903182208538055
,7989,,,,,234,0.0004039855266455561,0.009920434094965458,0.09670305997133255,0.10390297323465347,,,,,,,,
0.0009394001227900557,8018,,,,,,,,,,,,,,,,,
0.0009394001227900557,8018,,,,,,,,,,,,,,,,,
0.0009394001227900557,8018,,,,,,,,,,,,,,,,,
0.0009394001227900557,8018,,,,,,,,,,,,,,,,,
,8018,0.0007024961523711681,0.01269516907632351,0.11203368753194809,0.1133156269788742,235,,,,,,,,,,,,
,8023,,,,,235,0.00038852280704304576,0.009510353207588196,0.09670306742191315,0.09971624612808228,,,,,,,,
0.0009385664204669429,8051,,,,,,,,,,,,,,,,,
0.0009385664204669429,8051,,,,,,,,,,,,,,,,,
0.0009385664204669429,8051,,,,,,,,,,,,,,,,,
0.0009385664204669429,8051,,,,,,,,,,,,,,,,,
,8051,0.00019400392193347216,0.0084784384816885,0.08643495291471481,0.09809038043022156,236,,,,,,,,,,,,
,8057,,,,,236,0.0003977031446993351,0.010022187605500221,0.09670303016901016,0.10388883203268051,,,,,,,,
0.0009377273980118498,8084,,,,,,,,,,,,,,,,,
0.0009377273980118498,8084,,,,,,,,,,,,,,,,,
0.0009377273980118498,8084,,,,,,,,,,,,,,,,,
0.0009377273980118498,8084,,,,,,,,,,,,,,,,,
,8084,0.00022044286015443504,0.008313661441206932,0.10308428108692169,0.08064915984869003,237,,,,,,,,,,,,
,8091,,,,,237,0.000376148585928604,0.009847900830209255,0.09670307487249374,0.10358152538537979,,,,,,,,
0.0009368830656143502,8117,,,,,,,,,,,,,,,,,
0.0009368830656143502,8117,,,,,,,,,,,,,,,,,
0.0009368830656143502,8117,,,,,,,,,,,,,,,,,
0.0009368830656143502,8117,,,,,,,,,,,,,,,,,
,8117,0.0002867454895749688,0.0099286874756217,0.09462945908308029,0.10492172837257385,238,,,,,,,,,,,,
,8125,,,,,238,0.00039880964322946966,0.010351747274398804,0.09670303761959076,0.10813729465007782,,,,,,,,
0.0009360334335285052,8150,,,,,,,,,,,,,,,,,
0.0009360334335285052,8150,,,,,,,,,,,,,,,,,
0.0009360334335285052,8150,,,,,,,,,,,,,,,,,
0.0009360334335285052,8150,,,,,,,,,,,,,,,,,
,8150,0.00011007864668499678,0.008022512309253216,0.10418196767568588,0.0770047977566719,239,,,,,,,,,,,,
,799,,,,,,,,,,0.00042340479558333755,0.013567443937063217,0.09195023030042648,0.147552028298378,,,,
,800,,,,,,,,,,0.0004785123746842146,0.010487960651516914,0.039159953594207764,0.26782354712486267,,,,
,801,,,,,,,,,,0.00018899014685302973,0.007185551803559065,0.07243724912405014,0.0991969034075737,,,,
,802,,,,,,,,,,0.0006466220947913826,0.013057468459010124,0.09695577621459961,0.13467445969581604,,,,
,803,,,,,,,,,,0.0002267461095470935,0.009751686826348305,0.08865968883037567,0.10999007523059845,,,,
,804,,,,,,,,,,6.522885814774781e-05,0.0047502899542450905,0.05721943825483322,0.08301880210638046,,,,
,805,,,,,,,,,,0.0007859307224862278,0.012991361320018768,0.025477152317762375,0.5099218487739563,,,,
,806,,,,,,,,,,0.0002711521810851991,0.009522370994091034,0.06866084039211273,0.13868705928325653,,,,
,807,,,,,,,,,,0.00037450745003297925,0.011122183874249458,0.11188463866710663,0.09940759837627411,,,,
,808,,,,,,,,,,0.0005474076024256647,0.011158253997564316,0.10694815963506699,0.1043332889676094,,,,
,809,,,,,,,,,,0.00032916467171162367,0.007484378293156624,0.08197197318077087,0.09130410104990005,,,,
,810,,,,,,,,,,7.812971307430416e-05,0.0061202459037303925,0.07832591235637665,0.07813819497823715,,,,
,811,,,,,,,,,,4.671861825045198e-05,0.0054587493650615215,0.07550571858882904,0.07229582965373993,,,,
,812,,,,,,,,,,9.814591612666845e-05,0.006429790984839201,0.06541398167610168,0.09829381853342056,,,,
,813,,,,,,,,,,0.0005612139939330518,0.01603609323501587,0.1331549882888794,0.12043178081512451,,,,
,814,,,,,,,,,,7.756284321658313e-05,0.005646776407957077,0.08672043681144714,0.06511470675468445,,,,
,815,,,,,,,,,,0.00010737736010923982,0.007959078997373581,0.05225556343793869,0.15231062471866608,,,,
,8159,,,,,239,,,,,,,,,0.0003183713124599308,0.009378796443343163,0.07918630540370941,0.13917209208011627
,8159,,,,,239,0.0004096332413610071,0.010372190736234188,0.09670307487249374,0.1080131009221077,,,,,,,,
0.0009351785120727377,8183,,,,,,,,,,,,,,,,,
0.0009351785120727377,8183,,,,,,,,,,,,,,,,,
0.0009351785120727377,8183,,,,,,,,,,,,,,,,,
0.0009351785120727377,8183,,,,,,,,,,,,,,,,,
,8183,0.00022664060816168785,0.008911333046853542,0.08655514568090439,0.10295554250478745,240,,,,,,,,,,,,
,8193,,,,,240,0.0004329020739533007,0.010760149918496609,0.09670305252075195,0.11300552636384964,,,,,,,,
0.0009343183116297084,8216,,,,,,,,,,,,,,,,,
0.0009343183116297084,8216,,,,,,,,,,,,,,,,,
0.0009343183116297084,8216,,,,,,,,,,,,,,,,,
0.0009343183116297084,8216,,,,,,,,,,,,,,,,,
,8216,0.0005005136481486261,0.012978751212358475,0.08954521268606186,0.14494074881076813,241,,,,,,,,,,,,
,8227,,,,,241,0.000419461663113907,0.010490922257304192,0.09670308232307434,0.10944690555334091,,,,,,,,
0.0009334528426461901,8249,,,,,,,,,,,,,,,,,
0.0009334528426461901,8249,,,,,,,,,,,,,,,,,
0.0009334528426461901,8249,,,,,,,,,,,,,,,,,
0.0009334528426461901,8249,,,,,,,,,,,,,,,,,
,8249,0.00034892463008873165,0.011800402775406837,0.08327284455299377,0.1417076736688614,242,,,,,,,,,,,,
,8261,,,,,242,0.0003803074359893799,0.009791957214474678,0.09670304507017136,0.10226224362850189,,,,,,,,
0.0009325821156329376,8282,,,,,,,,,,,,,,,,,
0.0009325821156329376,8282,,,,,,,,,,,,,,,,,
0.0009325821156329376,8282,,,,,,,,,,,,,,,,,
0.0009325821156329376,8282,,,,,,,,,,,,,,,,,
,8282,0.0002217406581621617,0.0073324525728821754,0.09895770996809006,0.07409682124853134,243,,,,,,,,,,,,
,8295,,,,,243,0.00035514921182766557,0.009618018753826618,0.09670303016901016,0.1004331186413765,,,,,,,,
0.0009317061411645635,8315,,,,,,,,,,,,,,,,,
0.0009317061411645635,8315,,,,,,,,,,,,,,,,,
0.0009317061411645635,8315,,,,,,,,,,,,,,,,,
0.0009317061411645635,8315,,,,,,,,,,,,,,,,,
,8315,0.00020205631153658032,0.008344404399394989,0.1071731299161911,0.07785910367965698,244,,,,,,,,,,,,
,816,,,,,,,,,,0.00022408324002753943,0.011411267332732677,0.09195023030042648,0.1241026371717453,,,,
,817,,,,,,,,,,0.00021962952450849116,0.011700460687279701,0.039159953594207764,0.29878631234169006,,,,
,818,,,,,,,,,,0.0003489396767690778,0.014182670041918755,0.07243724912405014,0.19579246640205383,,,,
,819,,,,,,,,,,0.00020436354679986835,0.010635869577527046,0.09695577621459961,0.10969813913106918,,,,
,820,,,,,,,,,,0.00017307883535977453,0.010202042758464813,0.08865968883037567,0.1150696724653244,,,,
,821,,,,,,,,,,0.00021895206009503454,0.010537402704358101,0.05721943825483322,0.18415771424770355,,,,
,822,,,,,,,,,,0.00020335060253273696,0.009698262438178062,0.025477152317762375,0.3806649446487427,,,,
,823,,,,,,,,,,0.00021981337340548635,0.010033759288489819,0.06866084039211273,0.1461350917816162,,,,
,824,,,,,,,,,,0.000386594794690609,0.013091862201690674,0.11188463866710663,0.1170121431350708,,,,
,825,,,,,,,,,,0.0007143080001696944,0.014640888199210167,0.10694815963506699,0.1368970423936844,,,,
,826,,,,,,,,,,0.0003427689371164888,0.013650564476847649,0.08197197318077087,0.16652719676494598,,,,
,827,,,,,,,,,,0.0006170421256683767,0.013166244141757488,0.07832591235637665,0.16809561848640442,,,,
,828,,,,,,,,,,0.0001618322858121246,0.010085009969770908,0.07550571858882904,0.13356615602970123,,,,
,829,,,,,,,,,,0.00013597884390037507,0.009719593450427055,0.06541398167610168,0.14858584105968475,,,,
,830,,,,,,,,,,9.859964484348893e-05,0.008694293908774853,0.1331549882888794,0.0652945339679718,,,,
,831,,,,,,,,,,0.0005426669376902282,0.014357558451592922,0.08672043681144714,0.16556139290332794,,,,
,832,,,,,,,,,,0.0002626361674629152,0.011355269700288773,0.05225556343793869,0.21730256080627441,,,,
,8329,,,,,244,,,,,,,,,0.00029959515086375177,0.011605175212025642,0.07918630540370941,0.1675514131784439
,8329,,,,,244,0.0003804207080975175,0.0098985955119133,0.09670305997133255,0.10352492332458496,,,,,,,,
0.0009308249298794088,8348,,,,,,,,,,,,,,,,,
0.0009308249298794088,8348,,,,,,,,,,,,,,,,,
0.0009308249298794088,8348,,,,,,,,,,,,,,,,,
0.0009308249298794088,8348,,,,,,,,,,,,,,,,,
,8348,0.0002866105642169714,0.008164972998201847,0.09221021831035614,0.08854737132787704,245,,,,,,,,,,,,
,8363,,,,,245,0.00042835305794142187,0.010691388510167599,0.09670305997133255,0.11168260127305984,,,,,,,,
0.0009299384924794126,8381,,,,,,,,,,,,,,,,,
0.0009299384924794126,8381,,,,,,,,,,,,,,,,,
0.0009299384924794126,8381,,,,,,,,,,,,,,,,,
0.0009299384924794126,8381,,,,,,,,,,,,,,,,,
,8381,0.0006170112174004316,0.011849774047732353,0.0872536152601242,0.13580839335918427,246,,,,,,,,,,,,
,8397,,,,,246,0.00040643138345330954,0.010141361504793167,0.09670305997133255,0.10636287182569504,,,,,,,,
0.0009290468397299838,8414,,,,,,,,,,,,,,,,,
0.0009290468397299838,8414,,,,,,,,,,,,,,,,,
0.0009290468397299838,8414,,,,,,,,,,,,,,,,,
0.0009290468397299838,8414,,,,,,,,,,,,,,,,,
,8414,0.00014233702677302063,0.007421780377626419,0.08795484155416489,0.08438170701265335,247,,,,,,,,,,,,
,8431,,,,,247,0.000371738919056952,0.010121602565050125,0.09670305252075195,0.1058301106095314,,,,,,,,
0.0009281499824598685,8447,,,,,,,,,,,,,,,,,
0.0009281499824598685,8447,,,,,,,,,,,,,,,,,
0.0009281499824598685,8447,,,,,,,,,,,,,,,,,
0.0009281499824598685,8447,,,,,,,,,,,,,,,,,
,8447,0.0006394918891601264,0.01148936152458191,0.08283671736717224,0.13869887590408325,248,,,,,,,,,,,,
,8465,,,,,248,0.00039826883585192263,0.010109780356287956,0.09670302271842957,0.1060393676161766,,,,,,,,
0.0009272479315610211,8480,,,,,,,,,,,,,,,,,
0.0009272479315610211,8480,,,,,,,,,,,,,,,,,
0.0009272479315610211,8480,,,,,,,,,,,,,,,,,
0.0009272479315610211,8480,,,,,,,,,,,,,,,,,
,8480,0.00012370133481454104,0.006590667646378279,0.07773952931165695,0.08477883785963058,249,,,,,,,,,,,,
,833,,,,,,,,,,0.0004592060577124357,0.010232452303171158,0.09195023030042648,0.11128249764442444,,,,
,834,,,,,,,,,,0.00021055745310150087,0.007605976425111294,0.039159953594207764,0.1942283809185028,,,,
,835,,,,,,,,,,0.0004375192802399397,0.010225402191281319,0.07243724912405014,0.1411621868610382,,,,
,836,,,,,,,,,,0.00013016715820413083,0.007875192910432816,0.09695577621459961,0.08122457563877106,,,,
,837,,,,,,,,,,0.0004969844594597816,0.013797441497445107,0.08865968883037567,0.1556224673986435,,,,
,838,,,,,,,,,,0.00046452757669612765,0.012850411236286163,0.05721943825483322,0.22458118200302124,,,,
,839,,,,,,,,,,0.0008331236313097179,0.010619176551699638,0.025477152317762375,0.41681158542633057,,,,
,840,,,,,,,,,,0.0005583680467680097,0.01192860584706068,0.06866084039211273,0.17373228073120117,,,,
,841,,,,,,,,,,0.0002192407555412501,0.008896756917238235,0.11188463866710663,0.07951722294092178,,,,
,842,,,,,,,,,,0.00025468377862125635,0.008626475930213928,0.10694815963506699,0.08066034317016602,,,,
,843,,,,,,,,,,0.000695415074005723,0.01624234765768051,0.08197197318077087,0.19814510643482208,,,,
,844,,,,,,,,,,0.00021107336215209216,0.008994055911898613,0.07832591235637665,0.11482860147953033,,,,
,845,,,,,,,,,,6.725282582920045e-05,0.004962229169905186,0.07550571858882904,0.06571990251541138,,,,
,846,,,,,,,,,,0.0007638786337338388,0.012251438573002815,0.06541398167610168,0.18729080259799957,,,,
,847,,,,,,,,,,0.0004649664042517543,0.01223683264106512,0.1331549882888794,0.09189916402101517,,,,
,848,,,,,,,,,,0.00042768288403749466,0.010375570505857468,0.08672043681144714,0.11964387446641922,,,,
,849,,,,,,,,,,0.0004470007843337953,0.0116323446854949,0.05225556343793869,0.22260485589504242,,,,
,8499,,,,,249,,,,,,,,,0.00041928168502636254,0.010517366230487823,0.07918630540370941,0.1544031947851181
,8499,,,,,249,0.0003978906897827983,0.010592952370643616,0.09670306742191315,0.11089903861284256,,,,,,,,
0.0009263406979884682,8513,,,,,,,,,,,,,,,,,
0.0009263406979884682,8513,,,,,,,,,,,,,,,,,
0.0009263406979884682,8513,,,,,,,,,,,,,,,,,
0.0009263406979884682,8513,,,,,,,,,,,,,,,,,
,8513,0.0008790839347057045,0.013945018872618675,0.09801538288593292,0.14227376878261566,250,,,,,,,,,,,,
,8533,,,,,250,0.0003713972691912204,0.009776567108929157,0.09670302271842957,0.10289449244737625,,,,,,,,
0.0009254282927601801,8546,,,,,,,,,,,,,,,,,
0.0009254282927601801,8546,,,,,,,,,,,,,,,,,
0.0009254282927601801,8546,,,,,,,,,,,,,,,,,
0.0009254282927601801,8546,,,,,,,,,,,,,,,,,
,8546,7.116161577869207e-05,0.005607656203210354,0.08126729726791382,0.06900260597467422,251,,,,,,,,,,,,
,8567,,,,,251,0.00038450679858215153,0.009481888264417648,0.09670306742191315,0.09951704740524292,,,,,,,,
0.0009245107269569332,8579,,,,,,,,,,,,,,,,,
0.0009245107269569332,8579,,,,,,,,,,,,,,,,,
0.0009245107269569332,8579,,,,,,,,,,,,,,,,,
0.0009245107269569332,8579,,,,,,,,,,,,,,,,,
,8579,6.848799239378422e-05,0.005914212204515934,0.08591903746128082,0.06883470714092255,252,,,,,,,,,,,,
,8601,,,,,252,0.0003810579073615372,0.010186378844082355,0.09670306742191315,0.10645642131567001,,,,,,,,
0.0009235880117221774,8612,,,,,,,,,,,,,,,,,
0.0009235880117221774,8612,,,,,,,,,,,,,,,,,
0.0009235880117221774,8612,,,,,,,,,,,,,,,,,
0.0009235880117221774,8612,,,,,,,,,,,,,,,,,
,8612,0.0006807065801694989,0.01144658774137497,0.09228980541229248,0.12402871996164322,253,,,,,,,,,,,,
,8635,,,,,253,0.0004086057306267321,0.010066415183246136,0.09670303761959076,0.10514369606971741,,,,,,,,
0.0009226601582619003,8645,,,,,,,,,,,,,,,,,
0.0009226601582619003,8645,,,,,,,,,,,,,,,,,
0.0009226601582619003,8645,,,,,,,,,,,,,,,,,
0.0009226601582619003,8645,,,,,,,,,,,,,,,,,
,8645,0.00022870683460496366,0.009266583248972893,0.09522977471351624,0.09730761498212814,254,,,,,,,,,,,,
,850,,,,,,,,,,0.0001547137799207121,0.007002921774983406,0.09195023030042648,0.07615990936756134,,,,
,851,,,,,,,,,,0.0004386137588880956,0.010519642382860184,0.039159953594207764,0.26863259077072144,,,,
,852,,,,,,,,,,0.0010237675160169601,0.013974716886878014,0.07243724912405014,0.19292166829109192,,,,
,853,,,,,,,,,,0.00039370841113850474,0.011266373097896576,0.09695577621459961,0.11620113998651505,,,,
,854,,,,,,,,,,0.0006404664600268006,0.013328753411769867,0.08865968883037567,0.1503361016511917,,,,
,855,,,,,,,,,,0.00012762556434608996,0.007793868891894817,0.05721943825483322,0.1362101435661316,,,,
,856,,,,,,,,,,0.0002312210708623752,0.00861791055649519,0.025477152317762375,0.3382602334022522,,,,
,857,,,,,,,,,,0.000614263117313385,0.009674042463302612,0.06866084039211273,0.1408960521221161,,,,
,858,,,,,,,,,,0.00033654639264568686,0.01124947052448988,0.11188463866710663,0.1005452573299408,,,,
,859,,,,,,,,,,0.0005977167165838182,0.013905408792197704,0.10694815963506699,0.13002006709575653,,,,
,860,,,,,,,,,,0.0003315742069389671,0.008541572839021683,0.08197197318077087,0.10420112311840057,,,,
,861,,,,,,,,,,0.00022763886954635382,0.009979557245969772,0.07832591235637665,0.1274106502532959,,,,
,862,,,,,,,,,,0.00017662288155406713,0.007578092627227306,0.07550571858882904,0.10036446899175644,,,,
,863,,,,,,,,,,0.00013493196456693113,0.006689127534627914,0.06541398167610168,0.1022583618760109,,,,
,864,,,,,,,,,,0.0006767398444935679,0.011725726537406445,0.1331549882888794,0.08806072920560837,,,,
,865,,,,,,,,,,6.258887879084796e-05,0.0056885480880737305,0.08672043681144714,0.06559638679027557,,,,
,866,,,,,,,,,,3.9848589949542657e-05,0.0042089736089110374,0.05225556343793869,0.08054592460393906,,,,
,8669,,,,,254,,,,,,,,,0.00037507055094465613,0.009675164707005024,0.07918630540370941,0.13808168470859528
,8669,,,,,254,0.0003456408448982984,0.009582235477864742,0.09670306742191315,0.10043694078922272,,,,,,,,
0.0009217271778444902,8678,,,,,,,,,,,,,,,,,
0.0009217271778444902,8678,,,,,,,,,,,,,,,,,
0.0009217271778444902,8678,,,,,,,,,,,,,,,,,
0.0009217271778444902,8678,,,,,,,,,,,,,,,,,
,8678,0.0001664178416831419,0.007535434793680906,0.08222591131925583,0.09164305776357651,255,,,,,,,,,,,,
,8703,,,,,255,0.0003960940521210432,0.009720194153487682,0.09670305252075195,0.10146358609199524,,,,,,,,
0.0009207890818006021,8711,,,,,,,,,,,,,,,,,
0.0009207890818006021,8711,,,,,,,,,,,,,,,,,
0.0009207890818006021,8711,,,,,,,,,,,,,,,,,
0.0009207890818006021,8711,,,,,,,,,,,,,,,,,
,8711,0.00016937176405917853,0.006928843446075916,0.09028609842061996,0.07674318552017212,256,,,,,,,,,,,,
,8737,,,,,256,0.00034196130582131445,0.009169869124889374,0.09670302271842957,0.09618860483169556,,,,,,,,
0.0009198458815230157,8744,,,,,,,,,,,,,,,,,
0.0009198458815230157,8744,,,,,,,,,,,,,,,,,
0.0009198458815230157,8744,,,,,,,,,,,,,,,,,
0.0009198458815230157,8744,,,,,,,,,,,,,,,,,
,8744,0.0002418403746560216,0.006748749874532223,0.09864722937345505,0.06841295957565308,257,,,,,,,,,,,,
,8771,,,,,257,0.00033907510805875063,0.00911844614893198,0.09670305252075195,0.09476365894079208,,,,,,,,
0.0009188975884665017,8777,,,,,,,,,,,,,,,,,
0.0009188975884665017,8777,,,,,,,,,,,,,,,,,
0.0009188975884665017,8777,,,,,,,,,,,,,,,,,
0.0009188975884665017,8777,,,,,,,,,,,,,,,,,
,8777,0.00018915045075118542,0.007323868572711945,0.10647743940353394,0.06878328323364258,258,,,,,,,,,,,,
,8805,,,,,258,0.00036460068076848984,0.009503116831183434,0.09670308232307434,0.09889846295118332,,,,,,,,
0.000917944214147679,8810,,,,,,,,,,,,,,,,,
0.000917944214147679,8810,,,,,,,,,,,,,,,,,
0.000917944214147679,8810,,,,,,,,,,,,,,,,,
0.000917944214147679,8810,,,,,,,,,,,,,,,,,
,8810,0.00042172573739662766,0.008537432178854942,0.06472781300544739,0.13189740478992462,259,,,,,,,,,,,,
,867,,,,,,,,,,0.00032266933703795075,0.009834791533648968,0.09195023030042648,0.10695775598287582,,,,
,868,,,,,,,,,,0.00010791387467179447,0.006192052736878395,0.039159953594207764,0.1581220179796219,,,,
,869,,,,,,,,,,0.00025053793797269464,0.009380389004945755,0.07243724912405014,0.1294967383146286,,,,
,870,,,,,,,,,,0.00026764077483676374,0.009020494297146797,0.09695577621459961,0.0930371955037117,,,,
,871,,,,,,,,,,0.00031571995350532234,0.01028987392783165,0.08865968883037567,0.11606033146381378,,,,
,872,,,,,,,,,,0.00017798435874283314,0.007225829176604748,0.05721943825483322,0.12628275156021118,,,,
,873,,,,,,,,,,8.682594489073381e-05,0.0060462793335318565,0.025477152317762375,0.23732154071331024,,,,
,874,,,,,,,,,,5.6157899962272495e-05,0.00582000520080328,0.06866084039211273,0.08476454019546509,,,,
,875,,,,,,,,,,0.0002938847173936665,0.009836872108280659,0.11188463866710663,0.08791976422071457,,,,
,876,,,,,,,,,,0.00010453003778820857,0.008105460554361343,0.10694815963506699,0.07578867673873901,,,,
,877,,,,,,,,,,0.0001567021245136857,0.008976481854915619,0.08197197318077087,0.10950670391321182,,,,
,878,,,,,,,,,,0.0003234397154301405,0.010204504244029522,0.07832591235637665,0.13028259575366974,,,,
,879,,,,,,,,,,0.000425267789978534,0.008927516639232635,0.07550571858882904,0.11823628097772598,,,,
,880,,,,,,,,,,0.0002901257248595357,0.007191705983132124,0.06541398167610168,0.10994140058755875,,,,
,881,,,,,,,,,,0.0006852371152490377,0.015622350387275219,0.1331549882888794,0.11732455343008041,,,,
,882,,,,,,,,,,0.0005032601184211671,0.010846272110939026,0.08672043681144714,0.1250716745853424,,,,
,883,,,,,,,,,,0.00011279112368356436,0.005530855618417263,0.05225556343793869,0.10584240406751633,,,,
,8839,,,,,259,,,,,,,,,0.0002681389742065221,0.008865837007761002,0.07918630540370941,0.11994155496358871
,8839,,,,,259,0.00040930238901637495,0.010715666227042675,0.09670303761959076,0.11215069890022278,,,,,,,,
0.0009169857701448766,8843,,,,,,,,,,,,,,,,,
0.0009169857701448766,8843,,,,,,,,,,,,,,,,,
0.0009169857701448766,8843,,,,,,,,,,,,,,,,,
0.0009169857701448766,8843,,,,,,,,,,,,,,,,,
,8843,2.5482695491518825e-05,0.0033673029392957687,0.09739811718463898,0.03457256406545639,260,,,,,,,,,,,,
,8873,,,,,260,0.00038024099194444716,0.01014059316366911,0.09670307487249374,0.10641690343618393,,,,,,,,
0.0009160222680979934,8876,,,,,,,,,,,,,,,,,
0.0009160222680979934,8876,,,,,,,,,,,,,,,,,
0.0009160222680979934,8876,,,,,,,,,,,,,,,,,
0.0009160222680979934,8876,,,,,,,,,,,,,,,,,
,8876,0.00019432647968642414,0.008032628335058689,0.08550138771533966,0.09394733607769012,261,,,,,,,,,,,,
,8907,,,,,261,0.0004074533935636282,0.009848871268332005,0.09670306742191315,0.10238316655158997,,,,,,,,
0.0009150537197083551,8909,,,,,,,,,,,,,,,,,
0.0009150537197083551,8909,,,,,,,,,,,,,,,,,
0.0009150537197083551,8909,,,,,,,,,,,,,,,,,
0.0009150537197083551,8909,,,,,,,,,,,,,,,,,
,8909,0.00017226258933078498,0.008978680707514286,0.11985395848751068,0.07491350173950195,262,,,,,,,,,,,,
,8941,,,,,262,0.00039739266503602266,0.009605416096746922,0.09670309722423553,0.10096409916877747,,,,,,,,
0.0009140801367385733,8942,,,,,,,,,,,,,,,,,
0.0009140801367385733,8942,,,,,,,,,,,,,,,,,
0.0009140801367385733,8942,,,,,,,,,,,,,,,,,
0.0009140801367385733,8942,,,,,,,,,,,,,,,,,
,8942,0.00017846189439296722,0.007199963554739952,0.09452629089355469,0.07616889476776123,263,,,,,,,,,,,,
0.0009131015310124032,8975,,,,,,,,,,,,,,,,,
,8975,6.381074490491301e-05,0.006821724120527506,0.10211161524057388,0.06680653989315033,263,,,,,,,,,,,,
,8975,,,,,263,0.0003631300642155111,0.009301549755036831,0.09670306742191315,0.09749232977628708,,,,,,,,
0.0009121179144145991,9008,,,,,,,,,,,,,,,,,
0.0009121179144145991,9008,,,,,,,,,,,,,,,,,
0.0009121179144145991,9008,,,,,,,,,,,,,,,,,
0.0009121179144145991,9008,,,,,,,,,,,,,,,,,
,9008,0.0004187761223874986,0.011869130656123161,0.10486124455928802,0.11318890750408173,264,,,,,,,,,,,,
,884,,,,,,,,,,0.00036245916271582246,0.008474985137581825,0.09195023030042648,0.09216925501823425,,,,
,885,,,,,,,,,,0.00016551194130443037,0.006520948372781277,0.039159953594207764,0.16652080416679382,,,,
,886,,,,,,,,,,9.160863555734977e-05,0.005629315506666899,0.07243724912405014,0.07771298289299011,,,,
,887,,,,,,,,,,0.00024005648447200656,0.008403192274272442,0.09695577621459961,0.08667035400867462,,,,
,888,,,,,,,,,,0.00015310653543565422,0.0070967297069728374,0.08865968883037567,0.08004459738731384,,,,
,889,,,,,,,,,,0.0006971110124140978,0.012596020475029945,0.05721943825483322,0.22013530135154724,,,,
,890,,,,,,,,,,0.00019005208741873503,0.00600079819560051,0.025477152317762375,0.2355363667011261,,,,
,891,,,,,,,,,,0.00021300604566931725,0.007283227052539587,0.06866084039211273,0.10607539862394333,,,,
,892,,,,,,,,,,0.00042635362478904426,0.01061268150806427,0.11188463866710663,0.09485377371311188,,,,
,893,,,,,,,,,,0.0010810131207108498,0.017218030989170074,0.10694815963506699,0.16099415719509125,,,,
,894,,,,,,,,,,0.0006335002835839987,0.012394696474075317,0.08197197318077087,0.15120649337768555,,,,
,895,,,,,,,,,,0.0005040707183070481,0.011678582988679409,0.07832591235637665,0.14910240471363068,,,,
,896,,,,,,,,,,0.0002039103419519961,0.007127535995095968,0.07550571858882904,0.09439729154109955,,,,
,897,,,,,,,,,,0.00043105799704790115,0.00867327582091093,0.06541398167610168,0.13259053230285645,,,,
,898,,,,,,,,,,0.000781942333560437,0.011956530623137951,0.1331549882888794,0.08979407697916031,,,,
,899,,,,,,,,,,0.00012571571278385818,0.007315689232200384,0.08672043681144714,0.08435945212841034,,,,
,900,,,,,,,,,,0.00013148115249350667,0.0060959020629525185,0.05225556343793869,0.11665553599596024,,,,
,9009,,,,,264,,,,,,,,,0.0003858313139062375,0.009213952347636223,0.07918630540370941,0.12609036266803741
,9009,,,,,264,0.0005303758662194014,0.01114992517977953,0.09670302271842957,0.11562205106019974,,,,,,,,
0.000911129298890769,9041,,,,,,,,,,,,,,,,,
0.000911129298890769,9041,,,,,,,,,,,,,,,,,
0.000911129298890769,9041,,,,,,,,,,,,,,,,,
0.000911129298890769,9041,,,,,,,,,,,,,,,,,
,9041,0.00015945860650390387,0.008353538811206818,0.10271900147199631,0.08132417500019073,265,,,,,,,,,,,,
,9043,,,,,265,0.0003985878429375589,0.010375335812568665,0.09670305997133255,0.10817820578813553,,,,,,,,
0.0009101356964472318,9074,,,,,,,,,,,,,,,,,
0.0009101356964472318,9074,,,,,,,,,,,,,,,,,
0.0009101356964472318,9074,,,,,,,,,,,,,,,,,
0.0009101356964472318,9074,,,,,,,,,,,,,,,,,
,9074,0.00014386733528226614,0.009136250242590904,0.0903807133436203,0.10108627378940582,266,,,,,,,,,,,,
,9077,,,,,266,0.00043773994548246264,0.010758688673377037,0.09670305252075195,0.11294542253017426,,,,,,,,
0.0009091371191508711,9107,,,,,,,,,,,,,,,,,
0.0009091371191508711,9107,,,,,,,,,,,,,,,,,
0.0009091371191508711,9107,,,,,,,,,,,,,,,,,
0.0009091371191508711,9107,,,,,,,,,,,,,,,,,
,9107,0.0005067785969004035,0.01320771686732769,0.12257479131221771,0.10775230079889297,267,,,,,,,,,,,,
,9111,,,,,267,0.0004509534628596157,0.011204767972230911,0.09670304507017136,0.11678336560726166,,,,,,,,
0.0009081335791289854,9140,,,,,,,,,,,,,,,,,
0.0009081335791289854,9140,,,,,,,,,,,,,,,,,
0.0009081335791289854,9140,,,,,,,,,,,,,,,,,
0.0009081335791289854,9140,,,,,,,,,,,,,,,,,
,9140,0.00030929374042898417,0.009565270505845547,0.10914109647274017,0.08764132112264633,268,,,,,,,,,,,,
,9145,,,,,268,0.0004145582497585565,0.01073066983371973,0.09670305252075195,0.11124535650014877,,,,,,,,
0.0009071250885691466,9173,,,,,,,,,,,,,,,,,
0.0009071250885691466,9173,,,,,,,,,,,,,,,,,
0.0009071250885691466,9173,,,,,,,,,,,,,,,,,
0.0009071250885691466,9173,,,,,,,,,,,,,,,,,
,9173,0.001251483103260398,0.015877125784754753,0.11619093269109726,0.13664685189723969,269,,,,,,,,,,,,
,901,,,,,,,,,,0.0006591035053133965,0.014662432484328747,0.09195023030042648,0.15946051478385925,,,,
,902,,,,,,,,,,5.527809844352305e-05,0.004666379187256098,0.039159953594207764,0.11916199326515198,,,,
,903,,,,,,,,,,0.00018812726193573326,0.007543371059000492,0.07243724912405014,0.10413661599159241,,,,
,904,,,,,,,,,,0.0013626323780044913,0.015024448744952679,0.09695577621459961,0.15496185421943665,,,,
,905,,,,,,,,,,0.0003298374358564615,0.009549034759402275,0.08865968883037567,0.10770434141159058,,,,
,906,,,,,,,,,,3.516015567583963e-05,0.003963385708630085,0.05721943825483322,0.0692664086818695,,,,
,907,,,,,,,,,,0.0002862815745174885,0.00782747846096754,0.025477152317762375,0.30723509192466736,,,,
,908,,,,,,,,,,0.00012783342390321195,0.006213259883224964,0.06866084039211273,0.09049203246831894,,,,
,909,,,,,,,,,,0.00031701638363301754,0.010119645856320858,0.11188463866710663,0.09044713526964188,,,,
,910,,,,,,,,,,9.761496767168865e-05,0.005607839673757553,0.10694815963506699,0.05243511497974396,,,,
,911,,,,,,,,,,0.0006760530523024499,0.014675270766019821,0.08197197318077087,0.17902788519859314,,,,
,912,,,,,,,,,,9.768611926119775e-05,0.0064756302163004875,0.07832591235637665,0.08267544209957123,,,,
,913,,,,,,,,,,0.00016565617988817394,0.006859224289655685,0.07550571858882904,0.09084375947713852,,,,
,914,,,,,,,,,,0.00023994756338652223,0.007778322324156761,0.06541398167610168,0.11890915036201477,,,,
,915,,,,,,,,,,0.00030878244433552027,0.010320346802473068,0.1331549882888794,0.07750626653432846,,,,
,916,,,,,,,,,,0.00013532605953514576,0.0068488940596580505,0.08672043681144714,0.07897669076919556,,,,
,917,,,,,,,,,,0.00019633802003227174,0.009414175525307655,0.05225556343793869,0.1801563948392868,,,,
,9179,,,,,269,,,,,,,,,0.00031396999838761985,0.008657095022499561,0.07918630540370941,0.11959507316350937
,9179,,,,,269,0.0004106661072000861,0.01024560071527958,0.09670306742191315,0.10662588477134705,,,,,,,,
0.0009061116597190472,9206,,,,,,,,,,,,,,,,,
0.0009061116597190472,9206,,,,,,,,,,,,,,,,,
0.0009061116597190472,9206,,,,,,,,,,,,,,,,,
0.0009061116597190472,9206,,,,,,,,,,,,,,,,,
,9206,0.00033056127722375095,0.009133104234933853,0.10759886354207993,0.08488103747367859,270,,,,,,,,,,,,
,9213,,,,,270,0.00032391297281719744,0.00920838676393032,0.09670303761959076,0.09629601240158081,,,,,,,,
0.000905093304886353,9239,,,,,,,,,,,,,,,,,
0.000905093304886353,9239,,,,,,,,,,,,,,,,,
0.000905093304886353,9239,,,,,,,,,,,,,,,,,
0.000905093304886353,9239,,,,,,,,,,,,,,,,,
,9239,0.00020626418699976057,0.008597669191658497,0.12094273418188095,0.0710887536406517,271,,,,,,,,,,,,
,9247,,,,,271,0.0003710979945026338,0.00935358740389347,0.09670305252075195,0.09840989857912064,,,,,,,,
0.0009040700364385543,9272,,,,,,,,,,,,,,,,,
0.0009040700364385543,9272,,,,,,,,,,,,,,,,,
0.0009040700364385543,9272,,,,,,,,,,,,,,,,,
0.0009040700364385543,9272,,,,,,,,,,,,,,,,,
,9272,0.000161162723088637,0.008216608315706253,0.07344130426645279,0.11187992244958878,272,,,,,,,,,,,,
,9281,,,,,272,0.0003533829585649073,0.0098419776186347,0.09670305997133255,0.10339799523353577,,,,,,,,
0.0009030418668028146,9305,,,,,,,,,,,,,,,,,
0.0009030418668028146,9305,,,,,,,,,,,,,,,,,
0.0009030418668028146,9305,,,,,,,,,,,,,,,,,
0.0009030418668028146,9305,,,,,,,,,,,,,,,,,
,9305,0.0002806459669955075,0.00909041054546833,0.09226091206073761,0.09852936863899231,273,,,,,,,,,,,,
,9315,,,,,273,0.00039110289071686566,0.009932339191436768,0.09670306742191315,0.1035543829202652,,,,,,,,
0.0009020088084658208,9338,,,,,,,,,,,,,,,,,
0.0009020088084658208,9338,,,,,,,,,,,,,,,,,
0.0009020088084658208,9338,,,,,,,,,,,,,,,,,
0.0009020088084658208,9338,,,,,,,,,,,,,,,,,
,9338,0.0007486959802918136,0.01629347912967205,0.12223797291517258,0.13329309225082397,274,,,,,,,,,,,,
,918,,,,,,,,,,7.877744792494923e-05,0.005810683127492666,0.09195023030042648,0.06319377571344376,,,,
,919,,,,,,,,,,0.00010978023055940866,0.005893891677260399,0.039159953594207764,0.1505081057548523,,,,
,920,,,,,,,,,,7.300432480406016e-05,0.0052685923874378204,0.07243724912405014,0.07273318618535995,,,,
,921,,,,,,,,,,0.0002995785034727305,0.0112209003418684,0.09695577621459961,0.11573213338851929,,,,
,922,,,,,,,,,,0.00030646874802187085,0.010820965282619,0.08865968883037567,0.12205055356025696,,,,
,923,,,,,,,,,,8.202057506423444e-05,0.00489396508783102,0.05721943825483322,0.08552975207567215,,,,
,924,,,,,,,,,,8.748038089834154e-05,0.004013478755950928,0.025477152317762375,0.15753240883350372,,,,
,925,,,,,,,,,,9.160221088677645e-05,0.005968309938907623,0.06866084039211273,0.08692450076341629,,,,
,926,,,,,,,,,,0.0001805676001822576,0.007762945722788572,0.11188463866710663,0.06938347220420837,,,,
,927,,,,,,,,,,0.0004890060517936945,0.01103244163095951,0.10694815963506699,0.10315690189599991,,,,
,928,,,,,,,,,,0.00023998820688575506,0.00835504662245512,0.08197197318077087,0.10192563384771347,,,,
,929,,,,,,,,,,0.00015210919082164764,0.007384499069303274,0.07832591235637665,0.09427911788225174,,,,
,930,,,,,,,,,,0.0007302612066268921,0.009207812137901783,0.07550571858882904,0.12194852530956268,,,,
,931,,,,,,,,,,3.998264219262637e-05,0.004516202956438065,0.06541398167610168,0.06904032081365585,,,,
,932,,,,,,,,,,0.001023637829348445,0.012866174802184105,0.1331549882888794,0.09662555158138275,,,,
,933,,,,,,,,,,0.0004703298327513039,0.009225180372595787,0.08672043681144714,0.10637837648391724,,,,
,934,,,,,,,,,,0.00012504486949183047,0.007317258045077324,0.05225556343793869,0.14002828299999237,,,,
,9349,,,,,274,,,,,,,,,0.0002737646864261478,0.007751498371362686,0.07918630540370941,0.10223977267742157
,9349,,,,,274,0.0004603974230121821,0.010538318194448948,0.09670304507017136,0.10960955917835236,,,,,,,,
0.0009009708739736314,9371,,,,,,,,,,,,,,,,,
0.0009009708739736314,9371,,,,,,,,,,,,,,,,,
0.0009009708739736314,9371,,,,,,,,,,,,,,,,,
0.0009009708739736314,9371,,,,,,,,,,,,,,,,,
,9371,6.382647552527487e-05,0.005552047397941351,0.09600186347961426,0.05783269926905632,275,,,,,,,,,,,,
,9383,,,,,275,0.0003771051415242255,0.010454940609633923,0.09670306742191315,0.10895285755395889,,,,,,,,
0.0008999280759315224,9404,,,,,,,,,,,,,,,,,
0.0008999280759315224,9404,,,,,,,,,,,,,,,,,
0.0008999280759315224,9404,,,,,,,,,,,,,,,,,
0.0008999280759315224,9404,,,,,,,,,,,,,,,,,
,9404,0.0005492694908753037,0.00955712515860796,0.08462274074554443,0.11293800920248032,276,,,,,,,,,,,,
,9417,,,,,276,0.0003475091652944684,0.009687916375696659,0.09670304507017136,0.10106416046619415,,,,,,,,
0.0008988804270038363,9437,,,,,,,,,,,,,,,,,
0.0008988804270038363,9437,,,,,,,,,,,,,,,,,
0.0008988804270038363,9437,,,,,,,,,,,,,,,,,
0.0008988804270038363,9437,,,,,,,,,,,,,,,,,
,9437,0.00021152754197828472,0.00792685616761446,0.08931116759777069,0.08875547349452972,277,,,,,,,,,,,,
,9451,,,,,277,0.000350062211509794,0.009268262423574924,0.09670306742191315,0.09703560918569565,,,,,,,,
0.0008978279399138282,9470,,,,,,,,,,,,,,,,,
0.0008978279399138282,9470,,,,,,,,,,,,,,,,,
0.0008978279399138282,9470,,,,,,,,,,,,,,,,,
0.0008978279399138282,9470,,,,,,,,,,,,,,,,,
,9470,0.0008033587364479899,0.014556802809238434,0.08351277559995651,0.17430627346038818,278,,,,,,,,,,,,
,9485,,,,,278,0.000423462683102116,0.009815245866775513,0.09670305252075195,0.10261009633541107,,,,,,,,
0.0008967706274435098,9503,,,,,,,,,,,,,,,,,
0.0008967706274435098,9503,,,,,,,,,,,,,,,,,
0.0008967706274435098,9503,,,,,,,,,,,,,,,,,
0.0008967706274435098,9503,,,,,,,,,,,,,,,,,
,9503,0.001412555924616754,0.01618082821369171,0.09502484649419785,0.17027994990348816,279,,,,,,,,,,,,
,935,,,,,,,,,,0.0006207553087733686,0.012051889672875404,0.09195023030042648,0.13106968998908997,,,,
,936,,,,,,,,,,0.00011512572382343933,0.006680883467197418,0.039159953594207764,0.17060494422912598,,,,
,937,,,,,,,,,,0.0005076911184005439,0.012821098789572716,0.07243724912405014,0.1769959181547165,,,,
,938,,,,,,,,,,5.916663212701678e-05,0.005153973586857319,0.09695577621459961,0.053157977759838104,,,,
,939,,,,,,,,,,0.00015825337322894484,0.007660945411771536,0.08865968883037567,0.08640842884778976,,,,
,940,,,,,,,,,,0.00016163165855687112,0.007867706008255482,0.05721943825483322,0.1375005543231964,,,,
,941,,,,,,,,,,2.9076756618451327e-05,0.003014178480952978,0.025477152317762375,0.11830903589725494,,,,
,942,,,,,,,,,,8.518368122167885e-05,0.005624047480523586,0.06866084039211273,0.08191054314374924,,,,
,943,,,,,,,,,,0.0005533820949494839,0.013596644625067711,0.11188463866710663,0.12152377516031265,,,,
,944,,,,,,,,,,0.00019163824617862701,0.00842195563018322,0.10694815963506699,0.07874801009893417,,,,
,945,,,,,,,,,,3.5433899029158056e-05,0.004721550736576319,0.08197197318077087,0.057599566876888275,,,,
,946,,,,,,,,,,0.00012324369163252413,0.007482569664716721,0.07832591235637665,0.09553120285272598,,,,
,947,,,,,,,,,,5.9225596487522125e-05,0.005219274666160345,0.07550571858882904,0.06912422180175781,,,,
,948,,,,,,,,,,0.00038421034696511924,0.008823021315038204,0.06541398167610168,0.1348797231912613,,,,
,949,,,,,,,,,,0.0004148519365116954,0.01245188619941473,0.1331549882888794,0.09351422637701035,,,,
,950,,,,,,,,,,0.00023353766300715506,0.008495841175317764,0.08672043681144714,0.09796814620494843,,,,
,951,,,,,,,,,,0.00014708508388139307,0.007181531749665737,0.05225556343793869,0.13743092119693756,,,,
,9519,,,,,279,,,,,,,,,0.0002306636597495526,0.008101711049675941,0.07918630540370941,0.10748856514692307
,9519,,,,,279,0.00040751564665697515,0.009876043535768986,0.09670302271842957,0.10321059077978134,,,,,,,,
0.0008957085024334953,9536,,,,,,,,,,,,,,,,,
0.0008957085024334953,9536,,,,,,,,,,,,,,,,,
0.0008957085024334953,9536,,,,,,,,,,,,,,,,,
0.0008957085024334953,9536,,,,,,,,,,,,,,,,,
,9536,0.0004130315501242876,0.011532647535204887,0.07872848212718964,0.1464863270521164,280,,,,,,,,,,,,
,9553,,,,,280,0.0003461318847257644,0.009377222508192062,0.09670307487249374,0.09841083735227585,,,,,,,,
0.0008946415777828453,9569,,,,,,,,,,,,,,,,,
0.0008946415777828453,9569,,,,,,,,,,,,,,,,,
0.0008946415777828453,9569,,,,,,,,,,,,,,,,,
0.0008946415777828453,9569,,,,,,,,,,,,,,,,,
,9569,0.00048703287029638886,0.011533118784427643,0.13531926274299622,0.08522894233465195,281,,,,,,,,,,,,
,9587,,,,,281,0.0004182163975201547,0.010016233660280704,0.09670304507017136,0.10421040654182434,,,,,,,,
0.0008935698664489093,9602,,,,,,,,,,,,,,,,,
0.0008935698664489093,9602,,,,,,,,,,,,,,,,,
0.0008935698664489093,9602,,,,,,,,,,,,,,,,,
0.0008935698664489093,9602,,,,,,,,,,,,,,,,,
,9602,0.0011865324340760708,0.01356427650898695,0.09422706067562103,0.14395307004451752,282,,,,,,,,,,,,
,9621,,,,,282,0.00037680662353523076,0.009721720591187477,0.09670303761959076,0.10100461542606354,,,,,,,,
0.0008924933814471701,9635,,,,,,,,,,,,,,,,,
0.0008924933814471701,9635,,,,,,,,,,,,,,,,,
0.0008924933814471701,9635,,,,,,,,,,,,,,,,,
0.0008924933814471701,9635,,,,,,,,,,,,,,,,,
,9635,0.0005738222389481962,0.01268642395734787,0.11265375465154648,0.11261428892612457,283,,,,,,,,,,,,
,9655,,,,,283,0.0004218410176690668,0.010409006848931313,0.09670303016901016,0.1090676560997963,,,,,,,,
0.0008914121358510847,9668,,,,,,,,,,,,,,,,,
0.0008914121358510847,9668,,,,,,,,,,,,,,,,,
0.0008914121358510847,9668,,,,,,,,,,,,,,,,,
0.0008914121358510847,9668,,,,,,,,,,,,,,,,,
,9668,0.000331417890265584,0.009543786756694317,0.10366678237915039,0.09206213802099228,284,,,,,,,,,,,,
,952,,,,,,,,,,0.00039312621811404824,0.010472297668457031,0.09195023030042648,0.11389092355966568,,,,
,953,,,,,,,,,,0.00012397250975482166,0.006914354860782623,0.039159953594207764,0.176566943526268,,,,
,954,,,,,,,,,,0.00039814854972064495,0.011847886256873608,0.07243724912405014,0.1635606586933136,,,,
,955,,,,,,,,,,0.0002967626787722111,0.010834316723048687,0.09695577621459961,0.11174491792917252,,,,
,956,,,,,,,,,,0.0006402323488146067,0.011603395454585552,0.08865968883037567,0.13087564706802368,,,,
,957,,,,,,,,,,0.0002532341459300369,0.00912686251103878,0.05721943825483322,0.15950630605220795,,,,
,958,,,,,,,,,,3.7559693737421185e-05,0.004705273080617189,0.025477152317762375,0.18468591570854187,,,,
,959,,,,,,,,,,0.0005141141591593623,0.01055700983852148,0.06866084039211273,0.15375588834285736,,,,
,960,,,,,,,,,,0.0004995340714231133,0.01201745867729187,0.11188463866710663,0.10740935802459717,,,,
,961,,,,,,,,,,8.662753680255264e-05,0.006417896598577499,0.10694815963506699,0.06000940874218941,,,,
,962,,,,,,,,,,0.00019506423268467188,0.008447201922535896,0.08197197318077087,0.1030498668551445,,,,
,963,,,,,,,,,,0.00010905996896326542,0.007112744264304638,0.07832591235637665,0.09080958366394043,,,,
,964,,,,,,,,,,0.00035086297430098057,0.008361732587218285,0.07550571858882904,0.11074302345514297,,,,
,965,,,,,,,,,,0.00047765005729161203,0.007335321977734566,0.06541398167610168,0.11213689297437668,,,,
,966,,,,,,,,,,0.00022813914983998984,0.01130901463329792,0.1331549882888794,0.08493120968341827,,,,
,967,,,,,,,,,,0.00033431826159358025,0.009910330176353455,0.08672043681144714,0.11427904665470123,,,,
,968,,,,,,,,,,0.0002267866802867502,0.009381248615682125,0.05225556343793869,0.17952628433704376,,,,
,9689,,,,,284,,,,,,,,,0.00030616967706009746,0.009191740304231644,0.07918630540370941,0.1253162920475006
,9689,,,,,284,0.00036691298009827733,0.009513169527053833,0.09670305997133255,0.09933794289827347,,,,,,,,
0.0008903261427919245,9701,,,,,,,,,,,,,,,,,
0.0008903261427919245,9701,,,,,,,,,,,,,,,,,
0.0008903261427919245,9701,,,,,,,,,,,,,,,,,
0.0008903261427919245,9701,,,,,,,,,,,,,,,,,
,9701,0.00031977560138329864,0.010623909533023834,0.09371557086706161,0.11336331814527512,285,,,,,,,,,,,,
,9723,,,,,285,0.0003559746837709099,0.009336847811937332,0.09670306742191315,0.09786909073591232,,,,,,,,
0.0008892354154586164,9734,,,,,,,,,,,,,,,,,
0.0008892354154586164,9734,,,,,,,,,,,,,,,,,
0.0008892354154586164,9734,,,,,,,,,,,,,,,,,
0.0008892354154586164,9734,,,,,,,,,,,,,,,,,
,9734,0.00033878831891343,0.009907335974276066,0.11244090646505356,0.08811148256063461,286,,,,,,,,,,,,
,9757,,,,,286,0.00037854898255318403,0.009464559145271778,0.09670305997133255,0.09953241050243378,,,,,,,,
0.0008881399670975855,9767,,,,,,,,,,,,,,,,,
0.0008881399670975855,9767,,,,,,,,,,,,,,,,,
0.0008881399670975855,9767,,,,,,,,,,,,,,,,,
0.0008881399670975855,9767,,,,,,,,,,,,,,,,,
,9767,0.00033045944292098284,0.01035783626139164,0.09009723365306854,0.1149628534913063,287,,,,,,,,,,,,
,9791,,,,,287,0.0004001883207820356,0.009789686650037766,0.09670303761959076,0.1020161435008049,,,,,,,,
0.0008870398110125895,9800,,,,,,,,,,,,,,,,,
0.0008870398110125895,9800,,,,,,,,,,,,,,,,,
0.0008870398110125895,9800,,,,,,,,,,,,,,,,,
0.0008870398110125895,9800,,,,,,,,,,,,,,,,,
,9800,0.00024640359333716333,0.008750226348638535,0.08298034965991974,0.1054493635892868,288,,,,,,,,,,,,
,9825,,,,,288,0.0004364711057860404,0.010257729329168797,0.09670304507017136,0.108047254383564,,,,,,,,
0.0008859349605645604,9833,,,,,,,,,,,,,,,,,
0.0008859349605645604,9833,,,,,,,,,,,,,,,,,
0.0008859349605645604,9833,,,,,,,,,,,,,,,,,
0.0008859349605645604,9833,,,,,,,,,,,,,,,,,
,9833,0.0001489937276346609,0.007371649146080017,0.11676375567913055,0.06313301622867584,289,,,,,,,,,,,,
,969,,,,,,,,,,0.000259991706116125,0.011049970984458923,0.09195023030042648,0.120173379778862,,,,
,970,,,,,,,,,,0.0002641592582222074,0.0074156904593110085,0.039159953594207764,0.18936918675899506,,,,
,971,,,,,,,,,,0.0009725696290843189,0.012434902600944042,0.07243724912405014,0.17166446149349213,,,,
,972,,,,,,,,,,0.0008523474680259824,0.01487400196492672,0.09695577621459961,0.1534101516008377,,,,
,973,,,,,,,,,,0.00017574689991306514,0.009697282686829567,0.08865968883037567,0.1093764454126358,,,,
,974,,,,,,,,,,0.00028856919379904866,0.010365198366343975,0.05721943825483322,0.18114817142486572,,,,
,975,,,,,,,,,,0.0001746040943544358,0.009476889856159687,0.025477152317762375,0.3719758689403534,,,,
,976,,,,,,,,,,0.0002667964727152139,0.011454582214355469,0.06866084039211273,0.1668284386396408,,,,
,977,,,,,,,,,,0.000275963160675019,0.010798178613185883,0.11188463866710663,0.09651170670986176,,,,
,978,,,,,,,,,,0.00047249728231690824,0.014168119058012962,0.10694815963506699,0.13247649371623993,,,,
,979,,,,,,,,,,0.00011916705261683092,0.007771869655698538,0.08197197318077087,0.09481129050254822,,,,
,980,,,,,,,,,,0.0001973249891307205,0.008592221885919571,0.07832591235637665,0.10969831794500351,,,,
,981,,,,,,,,,,0.0003988583048339933,0.009835537523031235,0.07550571858882904,0.13026213645935059,,,,
,982,,,,,,,,,,0.00011542026186361909,0.007844533771276474,0.06541398167610168,0.11992134153842926,,,,
,983,,,,,,,,,,0.0004552893224172294,0.01205269806087017,0.1331549882888794,0.09051629900932312,,,,
,984,,,,,,,,,,0.0003312529297545552,0.011453880928456783,0.08672043681144714,0.13207820057868958,,,,
,985,,,,,,,,,,0.0001305152109125629,0.009190289303660393,0.05225556343793869,0.17587193846702576,,,,
,9859,,,,,289,,,,,,,,,0.0003445948532316834,0.010538225062191486,0.07918630540370941,0.14897926151752472
,9859,,,,,289,0.0003971881524194032,0.010010330006480217,0.09670304507017136,0.10431122779846191,,,,,,,,
0.0008848254291714408,9866,,,,,,,,,,,,,,,,,
0.0008848254291714408,9866,,,,,,,,,,,,,,,,,
0.0008848254291714408,9866,,,,,,,,,,,,,,,,,
0.0008848254291714408,9866,,,,,,,,,,,,,,,,,
,9866,0.0003072762629017234,0.010362599976360798,0.10131262242794037,0.10228339582681656,290,,,,,,,,,,,,
,9893,,,,,290,0.00039534125244244933,0.009785834699869156,0.09670305252075195,0.10254479199647903,,,,,,,,
0.000883711230308022,9899,,,,,,,,,,,,,,,,,
0.000883711230308022,9899,,,,,,,,,,,,,,,,,
0.000883711230308022,9899,,,,,,,,,,,,,,,,,
0.000883711230308022,9899,,,,,,,,,,,,,,,,,
,9899,0.000846901792101562,0.013321531936526299,0.10405778884887695,0.1280205100774765,291,,,,,,,,,,,,
,9927,,,,,291,0.00041474675526842475,0.010051128454506397,0.09670301526784897,0.10533981025218964,,,,,,,,
0.000882592377505779,9932,,,,,,,,,,,,,,,,,
0.000882592377505779,9932,,,,,,,,,,,,,,,,,
0.000882592377505779,9932,,,,,,,,,,,,,,,,,
0.000882592377505779,9932,,,,,,,,,,,,,,,,,
,9932,0.00010269486665492877,0.005836278200149536,0.098751962184906,0.05910037085413933,292,,,,,,,,,,,,
,9961,,,,,292,0.00036923817242495716,0.00939075369387865,0.09670305252075195,0.09855024516582489,,,,,,,,
0.0008814688843527081,9965,,,,,,,,,,,,,,,,,
0.0008814688843527081,9965,,,,,,,,,,,,,,,,,
0.0008814688843527081,9965,,,,,,,,,,,,,,,,,
0.0008814688843527081,9965,,,,,,,,,,,,,,,,,
,9965,8.313947910210118e-05,0.006793690845370293,0.09844104945659637,0.06901277601718903,293,,,,,,,,,,,,
,9995,,,,,293,0.0003643489326350391,0.010005222633481026,0.09670303761959076,0.10471648722887039,,,,,,,,
0.0008803407644931594,9998,,,,,,,,,,,,,,,,,
0.0008803407644931594,9998,,,,,,,,,,,,,,,,,
0.0008803407644931594,9998,,,,,,,,,,,,,,,,,
0.0008803407644931594,9998,,,,,,,,,,,,,,,,,
,9998,0.0003075744607485831,0.010067898780107498,0.07809486240148544,0.1289188265800476,294,,,,,,,,,,,,
,986,,,,,,,,,,0.00015616731252521276,0.007325369864702225,0.09195023030042648,0.07966667413711548,,,,
,987,,,,,,,,,,0.00012812408385798335,0.006300612818449736,0.039159953594207764,0.1608942449092865,,,,
,988,,,,,,,,,,9.035932453116402e-05,0.00672026164829731,0.07243724912405014,0.09277354925870895,,,,
,989,,,,,,,,,,5.6244811275973916e-05,0.005415618419647217,0.09695577621459961,0.055856578052043915,,,,
,990,,,,,,,,,,0.0002447583246976137,0.0071470486000180244,0.08865968883037567,0.08061214536428452,,,,
,991,,,,,,,,,,0.0002847274299710989,0.008253127336502075,0.05721943825483322,0.14423640072345734,,,,
,992,,,,,,,,,,5.370325379772112e-05,0.003537421580404043,0.025477152317762375,0.1388467699289322,,,,
,993,,,,,,,,,,0.00015468892524950206,0.007016015704721212,0.06866084039211273,0.10218364000320435,,,,
,994,,,,,,,,,,0.00021474550885614008,0.008458293974399567,0.11188463866710663,0.07559834420681,,,,
,995,,,,,,,,,,0.0002736944588832557,0.008623757399618626,0.10694815963506699,0.08063492178916931,,,,
,996,,,,,,,,,,0.00018411512428428978,0.008789941668510437,0.08197197318077087,0.10723105072975159,,,,
,997,,,,,,,,,,0.00016579449584241956,0.008003240451216698,0.07832591235637665,0.10217869281768799,,,,
,998,,,,,,,,,,6.992321868892759e-05,0.005660057067871094,0.07550571858882904,0.07496195286512375,,,,
,999,,,,,,,,,,0.00023891204909887165,0.01024183351546526,0.06541398167610168,0.1565694659948349,,,,
,1000,,,,,,,,,,0.0001751559175318107,0.007498207502067089,0.1331549882888794,0.05631187558174133,,,,
,1001,,,,,,,,,,0.00023149191110860556,0.007869708351790905,0.08672043681144714,0.09074801206588745,,,,
,1002,,,,,,,,,,0.00042612140532583,0.010182347148656845,0.05225556343793869,0.1948566734790802,,,,
,10029,,,,,294,,,,,,,,,0.0001779191952664405,0.00739101180806756,0.07918630540370941,0.10283227264881134
,10029,,,,,294,0.0003681272210087627,0.0093609057366848,0.09670303761959076,0.09754953533411026,,,,,,,,
0.000879208031627673,10031,,,,,,,,,,,,,,,,,
0.000879208031627673,10031,,,,,,,,,,,,,,,,,
0.000879208031627673,10031,,,,,,,,,,,,,,,,,
0.000879208031627673,10031,,,,,,,,,,,,,,,,,
,10031,0.00031613721512258053,0.009146623313426971,0.09283845126628876,0.09852191805839539,295,,,,,,,,,,,,
,10063,,,,,295,0.0004254533851053566,0.010588743723928928,0.09670304507017136,0.11106082051992416,,,,,,,,
0.0008780706995128118,10064,,,,,,,,,,,,,,,,,
0.0008780706995128118,10064,,,,,,,,,,,,,,,,,
0.0008780706995128118,10064,,,,,,,,,,,,,,,,,
0.0008780706995128118,10064,,,,,,,,,,,,,,,,,
,10064,0.00026344426441937685,0.010713424533605576,0.1107567846775055,0.09672927856445312,296,,,,,,,,,,,,
0.0008769287819609952,10097,,,,,,,,,,,,,,,,,
,10097,0.00012369855539873242,0.006493267137557268,0.05541249364614487,0.11718054115772247,296,,,,,,,,,,,,
,10097,,,,,296,0.00038706109626218677,0.010033007711172104,0.09670303016901016,0.1041128933429718,,,,,,,,
0.0008757822928403305,10130,,,,,,,,,,,,,,,,,
0.0008757822928403305,10130,,,,,,,,,,,,,,,,,
0.0008757822928403305,10130,,,,,,,,,,,,,,,,,
0.0008757822928403305,10130,,,,,,,,,,,,,,,,,
,10130,0.0004669558838941157,0.009323465637862682,0.08432763814926147,0.11056238412857056,297,,,,,,,,,,,,
,10131,,,,,297,0.0004031981516163796,0.010152740404009819,0.09670303016901016,0.10649074614048004,,,,,,,,
0.0008746312460744442,10163,,,,,,,,,,,,,,,,,
0.0008746312460744442,10163,,,,,,,,,,,,,,,,,
0.0008746312460744442,10163,,,,,,,,,,,,,,,,,
0.0008746312460744442,10163,,,,,,,,,,,,,,,,,
,10163,7.879828626755625e-05,0.006584556773304939,0.09320266544818878,0.0706477239727974,298,,,,,,,,,,,,
,10165,,,,,298,0.00042851586476899683,0.0104804253205657,0.09670305997133255,0.1098751351237297,,,,,,,,
0.000873475655642314,10196,,,,,,,,,,,,,,,,,
0.000873475655642314,10196,,,,,,,,,,,,,,,,,
0.000873475655642314,10196,,,,,,,,,,,,,,,,,
0.000873475655642314,10196,,,,,,,,,,,,,,,,,
,10196,0.0001703428861219436,0.008764269761741161,0.07854226231575012,0.11158666014671326,299,,,,,,,,,,,,
,1003,,,,,,,,,,0.00011088341125287116,0.006312125828117132,0.09195023030042648,0.06864719092845917,,,,
,1004,,,,,,,,,,0.0003378268447704613,0.009670919738709927,0.039159953594207764,0.2469593584537506,,,,
,1005,,,,,,,,,,0.00027149805100634694,0.009635424241423607,0.07243724912405014,0.13301751017570496,,,,
,1006,,,,,,,,,,0.00010915682651102543,0.006280565168708563,0.09695577621459961,0.06477762013673782,,,,
,1007,,,,,,,,,,0.0005693740677088499,0.012867744080722332,0.08865968883037567,0.14513634145259857,,,,
,1008,,,,,,,,,,0.0002065517328446731,0.00747256726026535,0.05721943825483322,0.1305948793888092,,,,
,1009,,,,,,,,,,5.555351890507154e-05,0.004173449706286192,0.025477152317762375,0.16381140053272247,,,,
,1010,,,,,,,,,,5.4692831326974556e-05,0.00516709266230464,0.06866084039211273,0.07525529712438583,,,,
,1011,,,,,,,,,,5.492083073477261e-05,0.004940750077366829,0.11188463866710663,0.04415931925177574,,,,
,1012,,,,,,,,,,0.0002055209333775565,0.007604692131280899,0.10694815963506699,0.07110632956027985,,,,
,1013,,,,,,,,,,0.0005981141002848744,0.013506188988685608,0.08197197318077087,0.16476592421531677,,,,
,1014,,,,,,,,,,7.44167627999559e-05,0.005298013798892498,0.07832591235637665,0.06764061748981476,,,,
,1015,,,,,,,,,,0.00024043941812124103,0.007437529042363167,0.07550571858882904,0.09850284457206726,,,,
,1016,,,,,,,,,,0.00021836328960489482,0.008171072229743004,0.06541398167610168,0.12491321563720703,,,,
,1017,,,,,,,,,,0.00030511902878060937,0.010355318896472454,0.1331549882888794,0.07776890695095062,,,,
,1018,,,,,,,,,,0.00031098967883735895,0.007831988856196404,0.08672043681144714,0.09031306207180023,,,,
,1019,,,,,,,,,,0.0007613005000166595,0.012478895485401154,0.05225556343793869,0.23880505561828613,,,,
,10199,,,,,299,,,,,,,,,0.000248731579631567,0.008058477193117142,0.07918630540370941,0.1143498495221138
,10199,,,,,299,0.000399504613596946,0.009993166662752628,0.09670305252075195,0.1047816053032875,,,,,,,,
0.000872315535578099,10229,,,,,,,,,,,,,,,,,
0.000872315535578099,10229,,,,,,,,,,,,,,,,,
0.000872315535578099,10229,,,,,,,,,,,,,,,,,
0.000872315535578099,10229,,,,,,,,,,,,,,,,,
,10229,0.00034398207208141685,0.010161632671952248,0.09485851228237152,0.10712409019470215,300,,,,,,,,,,,,
,10233,,,,,300,0.0003916144196409732,0.010347139090299606,0.09670304507017136,0.10854796320199966,,,,,,,,
0.0008711508999709674,10262,,,,,,,,,,,,,,,,,
0.0008711508999709674,10262,,,,,,,,,,,,,,,,,
0.0008711508999709674,10262,,,,,,,,,,,,,,,,,
0.0008711508999709674,10262,,,,,,,,,,,,,,,,,
,10262,0.0006977186421863735,0.010830997489392757,0.07998053729534149,0.13542039692401886,301,,,,,,,,,,,,
,10267,,,,,301,0.0004226747842039913,0.010470214299857616,0.09670303016901016,0.10956355184316635,,,,,,,,
0.0008699817629649292,10295,,,,,,,,,,,,,,,,,
0.0008699817629649292,10295,,,,,,,,,,,,,,,,,
0.0008699817629649292,10295,,,,,,,,,,,,,,,,,
0.0008699817629649292,10295,,,,,,,,,,,,,,,,,
,10295,0.0005583415040746331,0.01299234014004469,0.0938035249710083,0.13850587606430054,302,,,,,,,,,,,,
,10301,,,,,302,0.00044574818457476795,0.010490119457244873,0.09670303016901016,0.10994274169206619,,,,,,,,
0.0008688081387586583,10328,,,,,,,,,,,,,,,,,
0.0008688081387586583,10328,,,,,,,,,,,,,,,,,
0.0008688081387586583,10328,,,,,,,,,,,,,,,,,
0.0008688081387586583,10328,,,,,,,,,,,,,,,,,
,10328,0.0003342514391988516,0.010263600386679173,0.11170120537281036,0.09188441187143326,303,,,,,,,,,,,,
,10335,,,,,303,0.0003484085318632424,0.009732881560921669,0.09670304507017136,0.10161503404378891,,,,,,,,
0.0008676300416053279,10361,,,,,,,,,,,,,,,,,
0.0008676300416053279,10361,,,,,,,,,,,,,,,,,
0.0008676300416053279,10361,,,,,,,,,,,,,,,,,
0.0008676300416053279,10361,,,,,,,,,,,,,,,,,
,10361,0.00026184425223618746,0.010785000398755074,0.08878549933433533,0.12147253006696701,304,,,,,,,,,,,,
,1020,,,,,,,,,,0.0005986355245113373,0.014375175349414349,0.09195023030042648,0.1563364565372467,,,,
,1021,,,,,,,,,,0.00033657695166766644,0.009572997689247131,0.039159953594207764,0.24445879459381104,,,,
,1022,,,,,,,,,,7.432987331412733e-05,0.006541929207742214,0.07243724912405014,0.09031166136264801,,,,
,1023,,,,,,,,,,0.0002855467901099473,0.010488355532288551,0.09695577621459961,0.10817668586969376,,,,
,1024,,,,,,,,,,0.0004140211676713079,0.013165104202926159,0.08865968883037567,0.1484902948141098,,,,
,1025,,,,,,,,,,0.0009462620364502072,0.014133645221590996,0.05721943825483322,0.24700771272182465,,,,
,1026,,,,,,,,,,0.00025905671645887196,0.007252311334013939,0.025477152317762375,0.2846592962741852,,,,
,1027,,,,,,,,,,0.00035543236299417913,0.01235690712928772,0.06866084039211273,0.17997020483016968,,,,
,1028,,,,,,,,,,0.00012044998584315181,0.0076544322073459625,0.11188463866710663,0.06841360777616501,,,,
,1029,,,,,,,,,,0.0013844599016010761,0.0183651614934206,0.10694815963506699,0.1717202067375183,,,,
,1030,,,,,,,,,,0.00011989078484475613,0.007678268477320671,0.08197197318077087,0.09366942197084427,,,,
,1031,,,,,,,,,,0.00015717031783424318,0.008468824438750744,0.07832591235637665,0.10812288522720337,,,,
,1032,,,,,,,,,,0.00021090518566779792,0.009915347211062908,0.07550571858882904,0.13131913542747498,,,,
,1033,,,,,,,,,,0.00026486924616619945,0.009237442165613174,0.06541398167610168,0.14121508598327637,,,,
,1034,,,,,,,,,,0.000892333104275167,0.017465416342020035,0.1331549882888794,0.13116605579853058,,,,
,1035,,,,,,,,,,8.293295104522258e-05,0.006724691949784756,0.08672043681144714,0.07754448056221008,,,,
,1036,,,,,,,,,,0.000216152606299147,0.009242380037903786,0.05225556343793869,0.17686879634857178,,,,
,10369,,,,,304,,,,,,,,,0.0004006636154372245,0.010788921266794205,0.07918630540370941,0.14975856244564056
,10369,,,,,304,0.000380451965611428,0.009459832683205605,0.09670306742191315,0.09871553629636765,,,,,,,,
0.0008664474858124296,10394,,,,,,,,,,,,,,,,,
0.0008664474858124296,10394,,,,,,,,,,,,,,,,,
0.0008664474858124296,10394,,,,,,,,,,,,,,,,,
0.0008664474858124296,10394,,,,,,,,,,,,,,,,,
,10394,0.00041714677354320884,0.010779965668916702,0.10685764998197556,0.10088154673576355,305,,,,,,,,,,,,
,10403,,,,,305,0.00033731647999957204,0.009767326526343822,0.09670303761959076,0.10209920257329941,,,,,,,,
0.0008652604857416062,10427,,,,,,,,,,,,,,,,,
0.0008652604857416062,10427,,,,,,,,,,,,,,,,,
0.0008652604857416062,10427,,,,,,,,,,,,,,,,,
0.0008652604857416062,10427,,,,,,,,,,,,,,,,,
,10427,0.0011379572097212076,0.015429317951202393,0.11049773544073105,0.13963468372821808,306,,,,,,,,,,,,
,10437,,,,,306,0.00038398048491217196,0.00984871480613947,0.09670304507017136,0.10371552407741547,,,,,,,,
0.000864069055808472,10460,,,,,,,,,,,,,,,,,
0.000864069055808472,10460,,,,,,,,,,,,,,,,,
0.000864069055808472,10460,,,,,,,,,,,,,,,,,
0.000864069055808472,10460,,,,,,,,,,,,,,,,,
,10460,0.00028889032546430826,0.008388872258365154,0.09500247240066528,0.08830161392688751,307,,,,,,,,,,,,
,10471,,,,,307,0.0003666032280307263,0.009406233206391335,0.09670304507017136,0.09911613911390305,,,,,,,,
0.000862873210482442,10493,,,,,,,,,,,,,,,,,
0.000862873210482442,10493,,,,,,,,,,,,,,,,,
0.000862873210482442,10493,,,,,,,,,,,,,,,,,
0.000862873210482442,10493,,,,,,,,,,,,,,,,,
,10493,0.00023682278697378933,0.00747037585824728,0.08737258613109589,0.08550021797418594,308,,,,,,,,,,,,
,10505,,,,,308,0.00036907786852680147,0.009508265182375908,0.09670303016901016,0.10021961480379105,,,,,,,,
0.0008616729642865526,10526,,,,,,,,,,,,,,,,,
0.0008616729642865526,10526,,,,,,,,,,,,,,,,,
0.0008616729642865526,10526,,,,,,,,,,,,,,,,,
0.0008616729642865526,10526,,,,,,,,,,,,,,,,,
,10526,0.0006016837432980537,0.011373820714652538,0.09914569556713104,0.1147182360291481,309,,,,,,,,,,,,
,1037,,,,,,,,,,7.563598046544939e-05,0.00632177060469985,0.09195023030042648,0.06875208020210266,,,,
,1038,,,,,,,,,,0.00024048340856097639,0.00764097273349762,0.039159953594207764,0.19512206315994263,,,,
,1039,,,,,,,,,,0.0002815926563926041,0.01014847680926323,0.07243724912405014,0.14010022580623627,,,,
,1040,,,,,,,,,,0.0014970812480896711,0.013508463278412819,0.09695577621459961,0.13932602107524872,,,,
,1041,,,,,,,,,,0.000800682813860476,0.014893162064254284,0.08865968883037567,0.16798119246959686,,,,
,1042,,,,,,,,,,2.1742540411651134e-05,0.0031684874556958675,0.05721943825483322,0.05537430942058563,,,,
,1043,,,,,,,,,,0.00048141618026420474,0.010068273171782494,0.025477152317762375,0.39518818259239197,,,,
,1044,,,,,,,,,,9.854067320702597e-05,0.005609486252069473,0.06866084039211273,0.0816984698176384,,,,
,1045,,,,,,,,,,0.00017262207984458655,0.0076010823249816895,0.11188463866710663,0.06793677806854248,,,,
,1046,,,,,,,,,,0.00032529010786674917,0.010299840942025185,0.10694815963506699,0.09630684554576874,,,,
,1047,,,,,,,,,,0.00038365856744349003,0.012897311709821224,0.08197197318077087,0.15733805298805237,,,,
,1048,,,,,,,,,,0.00018420786364004016,0.008332004770636559,0.07832591235637665,0.10637608170509338,,,,
,1049,,,,,,,,,,0.00045267812674865127,0.01002715528011322,0.07550571858882904,0.1327999234199524,,,,
,1050,,,,,,,,,,0.0002243503404315561,0.008047949522733688,0.06541398167610168,0.12303101271390915,,,,
,1051,,,,,,,,,,0.0005614226101897657,0.014048497192561626,0.1331549882888794,0.1055048406124115,,,,
,1052,,,,,,,,,,0.00014472496695816517,0.006705911830067635,0.08672043681144714,0.0773279219865799,,,,
,1053,,,,,,,,,,9.00981540326029e-05,0.006320526357740164,0.05225556343793869,0.12095411121845245,,,,
,10539,,,,,309,,,,,,,,,0.00036310177529230714,0.009241159074008465,0.07918630540370941,0.1315539926290512
,10539,,,,,309,0.00038797114393673837,0.009990593418478966,0.09670303761959076,0.10495465993881226,,,,,,,,
0.0008604683317972887,10559,,,,,,,,,,,,,,,,,
0.0008604683317972887,10559,,,,,,,,,,,,,,,,,
0.0008604683317972887,10559,,,,,,,,,,,,,,,,,
0.0008604683317972887,10559,,,,,,,,,,,,,,,,,
,10559,0.00020772506832145154,0.008798923343420029,0.09380888938903809,0.0937962532043457,310,,,,,,,,,,,,
,10573,,,,,310,0.0004064713139086962,0.010036407969892025,0.09670306742191315,0.10413114726543427,,,,,,,,
0.000859259327644404,10592,,,,,,,,,,,,,,,,,
0.000859259327644404,10592,,,,,,,,,,,,,,,,,
0.000859259327644404,10592,,,,,,,,,,,,,,,,,
0.000859259327644404,10592,,,,,,,,,,,,,,,,,
,10592,0.0008073939825408161,0.01685698702931404,0.10874463617801666,0.15501441061496735,311,,,,,,,,,,,,
,10607,,,,,311,0.0003495842684060335,0.010208412073552608,0.09670303761959076,0.10807452350854874,,,,,,,,
0.0008580459665107439,10625,,,,,,,,,,,,,,,,,
0.0008580459665107439,10625,,,,,,,,,,,,,,,,,
0.0008580459665107439,10625,,,,,,,,,,,,,,,,,
0.0008580459665107439,10625,,,,,,,,,,,,,,,,,
,10625,9.374656656291336e-05,0.00609923992305994,0.08418864011764526,0.0724472925066948,312,,,,,,,,,,,,
,10641,,,,,312,0.0003990827826783061,0.010191405192017555,0.09670307487249374,0.10679610073566437,,,,,,,,
0.0008568282631320677,10658,,,,,,,,,,,,,,,,,
0.0008568282631320677,10658,,,,,,,,,,,,,,,,,
0.0008568282631320677,10658,,,,,,,,,,,,,,,,,
0.0008568282631320677,10658,,,,,,,,,,,,,,,,,
,10658,0.00048394943587481976,0.009679500013589859,0.07713449001312256,0.12548859417438507,313,,,,,,,,,,,,
,10675,,,,,313,0.0003862055600620806,0.009645032696425915,0.09670306742191315,0.09987003356218338,,,,,,,,
0.0008556062322968693,10691,,,,,,,,,,,,,,,,,
0.0008556062322968693,10691,,,,,,,,,,,,,,,,,
0.0008556062322968693,10691,,,,,,,,,,,,,,,,,
0.0008556062322968693,10691,,,,,,,,,,,,,,,,,
,10691,0.00016719658742658794,0.007190983276814222,0.07660689949989319,0.09386859834194183,314,,,,,,,,,,,,
,1054,,,,,,,,,,0.0004439600743353367,0.011124968528747559,0.09195023030042648,0.12098900973796844,,,,
,1055,,,,,,,,,,4.5381075324257836e-05,0.004104787949472666,0.039159953594207764,0.10482103377580643,,,,
,1056,,,,,,,,,,8.887035073712468e-05,0.005214895121753216,0.07243724912405014,0.07199189066886902,,,,
,1057,,,,,,,,,,0.00027450089692138135,0.008328067138791084,0.09695577621459961,0.08589551597833633,,,,
,1058,,,,,,,,,,0.00017206210759468377,0.0071956319734454155,0.08865968883037567,0.08116012066602707,,,,
,1059,,,,,,,,,,0.0002266995725221932,0.006883762776851654,0.05721943825483322,0.12030459940433502,,,,
,1060,,,,,,,,,,4.601223554345779e-05,0.004240431822836399,0.025477152317762375,0.16644050180912018,,,,
,1061,,,,,,,,,,0.00014542746066581458,0.007143655326217413,0.06866084039211273,0.10404262691736221,,,,
,1062,,,,,,,,,,9.008991037262604e-05,0.005771908443421125,0.11188463866710663,0.0515880286693573,,,,
,1063,,,,,,,,,,0.00011361394717823714,0.007044217549264431,0.10694815963506699,0.06586571037769318,,,,
,1064,,,,,,,,,,0.0001939947105711326,0.007495140191167593,0.08197197318077087,0.09143538773059845,,,,
,1065,,,,,,,,,,0.00046566370292566717,0.010412437841296196,0.07832591235637665,0.13293731212615967,,,,
,1066,,,,,,,,,,0.0008350269636139274,0.012684203684329987,0.07550571858882904,0.16798995435237885,,,,
,1067,,,,,,,,,,0.00034835311817005277,0.009872849099338055,0.06541398167610168,0.15092870593070984,,,,
,1068,,,,,,,,,,0.0008625669288448989,0.013920425437390804,0.1331549882888794,0.10454301536083221,,,,
,1069,,,,,,,,,,0.0008095961529761553,0.010099552571773529,0.08672043681144714,0.11646103113889694,,,,
,1070,,,,,,,,,,0.0001374800776829943,0.008812516927719116,0.05225556343793869,0.16864262521266937,,,,
,10709,,,,,314,,,,,,,,,0.0003170035779476166,0.00823898147791624,0.07918630540370941,0.11040700972080231
,10709,,,,,314,0.00033482335857115686,0.009324764832854271,0.09670308232307434,0.09798938035964966,,,,,,,,
0.0008543798888461988,10724,,,,,,,,,,,,,,,,,
0.0008543798888461988,10724,,,,,,,,,,,,,,,,,
0.0008543798888461988,10724,,,,,,,,,,,,,,,,,
0.0008543798888461988,10724,,,,,,,,,,,,,,,,,
,10724,0.00031827855855226517,0.01046830229461193,0.1184457540512085,0.08838055282831192,315,,,,,,,,,,,,
,10743,,,,,315,0.0003631613217294216,0.009434172883629799,0.09670301526784897,0.09852975606918335,,,,,,,,
0.0008531492476734798,10757,,,,,,,,,,,,,,,,,
0.0008531492476734798,10757,,,,,,,,,,,,,,,,,
0.0008531492476734798,10757,,,,,,,,,,,,,,,,,
0.0008531492476734798,10757,,,,,,,,,,,,,,,,,
,10757,0.000172094238223508,0.007573581766337156,0.10282441228628159,0.07365547865629196,316,,,,,,,,,,,,
,10777,,,,,316,0.0003557361487764865,0.009719273075461388,0.09670307487249374,0.10149915516376495,,,,,,,,
0.0008519143237243303,10790,,,,,,,,,,,,,,,,,
0.0008519143237243303,10790,,,,,,,,,,,,,,,,,
0.0008519143237243303,10790,,,,,,,,,,,,,,,,,
0.0008519143237243303,10790,,,,,,,,,,,,,,,,,
,10790,0.0005181909073144197,0.014477893710136414,0.09800376743078232,0.14772792160511017,317,,,,,,,,,,,,
,10811,,,,,317,0.0003827171749435365,0.009580682963132858,0.09670307487249374,0.09990910440683365,,,,,,,,
0.000850675131996381,10823,,,,,,,,,,,,,,,,,
0.000850675131996381,10823,,,,,,,,,,,,,,,,,
0.000850675131996381,10823,,,,,,,,,,,,,,,,,
0.000850675131996381,10823,,,,,,,,,,,,,,,,,
,10823,9.007559856399894e-05,0.005437816958874464,0.09232956171035767,0.05889572203159332,318,,,,,,,,,,,,
,10845,,,,,318,0.0003858051495626569,0.009755037724971771,0.09670304507017136,0.10217023640871048,,,,,,,,
0.0008494316875390936,10856,,,,,,,,,,,,,,,,,
0.0008494316875390936,10856,,,,,,,,,,,,,,,,,
0.0008494316875390936,10856,,,,,,,,,,,,,,,,,
0.0008494316875390936,10856,,,,,,,,,,,,,,,,,
,10856,0.0001816668373066932,0.008395997807383537,0.09397303313016891,0.08934474736452103,319,,,,,,,,,,,,
,1071,,,,,,,,,,0.0002628680958878249,0.010093031451106071,0.09195023030042648,0.10976622998714447,,,,
,1072,,,,,,,,,,0.00022498401813209057,0.008085350506007671,0.039159953594207764,0.2064698189496994,,,,
,1073,,,,,,,,,,3.982023190474138e-05,0.0050028967671096325,0.07243724912405014,0.06906524300575256,,,,
,1074,,,,,,,,,,0.0003010825894307345,0.008997931145131588,0.09695577621459961,0.09280447661876678,,,,
,1075,,,,,,,,,,0.0004148484440520406,0.012286122888326645,0.08865968883037567,0.1385761797428131,,,,
,1076,,,,,,,,,,0.000255011604167521,0.008312143385410309,0.05721943825483322,0.1452677994966507,,,,
,1077,,,,,,,,,,5.895180947845802e-05,0.004978575743734837,0.025477152317762375,0.195413276553154,,,,
,1078,,,,,,,,,,0.00034636969212442636,0.009599517099559307,0.06866084039211273,0.13981063663959503,,,,
,1079,,,,,,,,,,0.00039881205884739757,0.010896207764744759,0.11188463866710663,0.0973878726363182,,,,
,1080,,,,,,,,,,0.0004887605900876224,0.01184635516256094,0.10694815963506699,0.11076725274324417,,,,
,1081,,,,,,,,,,0.00021461441065184772,0.007060900330543518,0.08197197318077087,0.08613797277212143,,,,
,1082,,,,,,,,,,7.6785494456999e-05,0.005578435957431793,0.07832591235637665,0.07122081518173218,,,,
,1083,,,,,,,,,,0.0003280286327935755,0.009806420654058456,0.07550571858882904,0.129876509308815,,,,
,1084,,,,,,,,,,5.209806113271043e-05,0.004476975183933973,0.06541398167610168,0.06844063848257065,,,,
,1085,,,,,,,,,,0.00040767196333035827,0.012213734909892082,0.1331549882888794,0.09172569960355759,,,,
,1086,,,,,,,,,,0.00039567420026287436,0.010114388540387154,0.08672043681144714,0.11663211137056351,,,,
,1087,,,,,,,,,,4.9201626097783446e-05,0.004782374948263168,0.05225556343793869,0.09151894599199295,,,,
,10879,,,,,319,,,,,,,,,0.00026005954714491963,0.00859031267464161,0.07918630540370941,0.11606800556182861
,10879,,,,,319,0.0004296537663321942,0.010276969522237778,0.09670302271842957,0.106693334877491,,,,,,,,
0.0008481840054535765,10889,,,,,,,,,,,,,,,,,
0.0008481840054535765,10889,,,,,,,,,,,,,,,,,
0.0008481840054535765,10889,,,,,,,,,,,,,,,,,
0.0008481840054535765,10889,,,,,,,,,,,,,,,,,
,10889,0.0010697180405259132,0.01900405064225197,0.06966064125299454,0.2728089690208435,320,,,,,,,,,,,,
,10913,,,,,320,0.00038604557630605996,0.009687749668955803,0.09670308232307434,0.10228028148412704,,,,,,,,
0.0008469321008924022,10922,,,,,,,,,,,,,,,,,
0.0008469321008924022,10922,,,,,,,,,,,,,,,,,
0.0008469321008924022,10922,,,,,,,,,,,,,,,,,
0.0008469321008924022,10922,,,,,,,,,,,,,,,,,
,10922,6.911622767802328e-05,0.004860584624111652,0.10084998607635498,0.048196181654930115,321,,,,,,,,,,,,
,10947,,,,,321,0.0003650304570328444,0.009404347278177738,0.09670306742191315,0.09885422140359879,,,,,,,,
0.0008456759890594237,10955,,,,,,,,,,,,,,,,,
0.0008456759890594237,10955,,,,,,,,,,,,,,,,,
0.0008456759890594237,10955,,,,,,,,,,,,,,,,,
0.0008456759890594237,10955,,,,,,,,,,,,,,,,,
,10955,0.0004579851811286062,0.011419578455388546,0.11181017756462097,0.1021336168050766,322,,,,,,,,,,,,
,10981,,,,,322,0.0003828948538284749,0.010032312013208866,0.09670305997133255,0.10477226972579956,,,,,,,,
0.0008444156852095906,10988,,,,,,,,,,,,,,,,,
0.0008444156852095906,10988,,,,,,,,,,,,,,,,,
0.0008444156852095906,10988,,,,,,,,,,,,,,,,,
0.0008444156852095906,10988,,,,,,,,,,,,,,,,,
,10988,0.0006860770517960191,0.014905164949595928,0.09298359602689743,0.16029885411262512,323,,,,,,,,,,,,
,11015,,,,,323,0.0004134362970944494,0.009790466167032719,0.09670305997133255,0.10215958952903748,,,,,,,,
0.0008431512046487613,11021,,,,,,,,,,,,,,,,,
0.0008431512046487613,11021,,,,,,,,,,,,,,,,,
0.0008431512046487613,11021,,,,,,,,,,,,,,,,,
0.0008431512046487613,11021,,,,,,,,,,,,,,,,,
,11021,0.00014473982446361333,0.010157443583011627,0.10160541534423828,0.09996949881315231,324,,,,,,,,,,,,
,1088,,,,,,,,,,8.16992178442888e-05,0.005951493047177792,0.09195023030042648,0.06472515314817429,,,,
,1089,,,,,,,,,,0.0006943447515368462,0.011465124785900116,0.039159953594207764,0.2927767038345337,,,,
,1090,,,,,,,,,,0.0003855843679048121,0.010989876464009285,0.07243724912405014,0.15171580016613007,,,,
,1091,,,,,,,,,,0.00038006948307156563,0.009421550668776035,0.09695577621459961,0.09717368334531784,,,,
,1092,,,,,,,,,,0.0007444432703778148,0.015044349245727062,0.08865968883037567,0.1696864515542984,,,,
,1093,,,,,,,,,,0.00017261449829675257,0.007810888346284628,0.05721943825483322,0.13650758564472198,,,,
,1094,,,,,,,,,,0.00016907636018004268,0.006572149693965912,0.025477152317762375,0.2579623758792877,,,,
,1095,,,,,,,,,,0.00023349295952357352,0.0076167769730091095,0.06866084039211273,0.1109333336353302,,,,
,1096,,,,,,,,,,0.00024067841877695173,0.008717461489140987,0.11188463866710663,0.07791472226381302,,,,
,1097,,,,,,,,,,0.0008304351940751076,0.015337958931922913,0.10694815963506699,0.14341488480567932,,,,
,1098,,,,,,,,,,0.00016856174624990672,0.005952395033091307,0.08197197318077087,0.07261499017477036,,,,
,1099,,,,,,,,,,0.00018424382142256945,0.00811360776424408,0.07832591235637665,0.10358776897192001,,,,
,1100,,,,,,,,,,0.00021646822278853506,0.00683831050992012,0.07550571858882904,0.09056677669286728,,,,
,1101,,,,,,,,,,0.0003537359298206866,0.010725311934947968,0.06541398167610168,0.1639605164527893,,,,
,1102,,,,,,,,,,0.00021337822545319796,0.0088634192943573,0.1331549882888794,0.06656467914581299,,,,
,1103,,,,,,,,,,0.00019409733067732304,0.005960415583103895,0.08672043681144714,0.06873137503862381,,,,
,1104,,,,,,,,,,0.00016435247380286455,0.006812180392444134,0.05225556343793869,0.13036274909973145,,,,
,11049,,,,,324,,,,,,,,,0.0003239454817958176,0.009017406031489372,0.07918630540370941,0.12933441996574402
,11049,,,,,324,0.0004131496825721115,0.010655419901013374,0.09670305252075195,0.11112456768751144,,,,,,,,
0.0008418825627335188,11054,,,,,,,,,,,,,,,,,
0.0008418825627335188,11054,,,,,,,,,,,,,,,,,
0.0008418825627335188,11054,,,,,,,,,,,,,,,,,
0.0008418825627335188,11054,,,,,,,,,,,,,,,,,
,11054,0.0005100566777400672,0.011143771931529045,0.09564781188964844,0.1165083721280098,325,,,,,,,,,,,,
,11083,,,,,325,0.00041077364585362375,0.010241547599434853,0.09670303016901016,0.10808432847261429,,,,,,,,
0.0008406097748709842,11087,,,,,,,,,,,,,,,,,
0.0008406097748709842,11087,,,,,,,,,,,,,,,,,
0.0008406097748709842,11087,,,,,,,,,,,,,,,,,
0.0008406097748709842,11087,,,,,,,,,,,,,,,,,
,11087,0.0006071545067243278,0.009457424283027649,0.07648079097270966,0.12365749478340149,326,,,,,,,,,,,,
,11117,,,,,326,0.0004138615040574223,0.010119528509676456,0.09670303016901016,0.10555374622344971,,,,,,,,
0.0008393328565186295,11120,,,,,,,,,,,,,,,,,
0.0008393328565186295,11120,,,,,,,,,,,,,,,,,
0.0008393328565186295,11120,,,,,,,,,,,,,,,,,
0.0008393328565186295,11120,,,,,,,,,,,,,,,,,
,11120,0.00020828942069783807,0.008840620517730713,0.12521184980869293,0.07060530036687851,327,,,,,,,,,,,,
,11151,,,,,327,0.0003628313716035336,0.009478874504566193,0.09670305252075195,0.09986744076013565,,,,,,,,
0.0008380518231840906,11153,,,,,,,,,,,,,,,,,
0.0008380518231840906,11153,,,,,,,,,,,,,,,,,
0.0008380518231840906,11153,,,,,,,,,,,,,,,,,
0.0008380518231840906,11153,,,,,,,,,,,,,,,,,
,11153,0.0002809823490679264,0.010158542543649673,0.08882582187652588,0.11436473578214645,328,,,,,,,,,,,,
,11185,,,,,328,0.0003879825526382774,0.009882389567792416,0.09670305252075195,0.10339407622814178,,,,,,,,
0.0008367666904249762,11186,,,,,,,,,,,,,,,,,
0.0008367666904249762,11186,,,,,,,,,,,,,,,,,
0.0008367666904249762,11186,,,,,,,,,,,,,,,,,
0.0008367666904249762,11186,,,,,,,,,,,,,,,,,
,11186,0.0006338217644952238,0.012091892771422863,0.09799521416425705,0.12339267134666443,329,,,,,,,,,,,,
0.0008354774738486822,11219,,,,,,,,,,,,,,,,,
,11219,0.00011595762043725699,0.0061985887587070465,0.07398077845573425,0.08378646522760391,329,,,,,,,,,,,,
,1105,,,,,,,,,,0.00047778600128367543,0.010299473069608212,0.09195023030042648,0.1120113804936409,,,,
,1106,,,,,,,,,,0.00012690381845459342,0.005543340928852558,0.039159953594207764,0.14155633747577667,,,,
,1107,,,,,,,,,,0.0002587104681879282,0.007937578484416008,0.07243724912405014,0.10957866907119751,,,,
,1108,,,,,,,,,,0.0002905494475271553,0.008582978509366512,0.09695577621459961,0.08852466195821762,,,,
,1109,,,,,,,,,,0.00040528475074097514,0.01039284560829401,0.08865968883037567,0.11722175776958466,,,,
,1110,,,,,,,,,,0.0005441383691504598,0.011130797676742077,0.05721943825483322,0.1945282220840454,,,,
,1111,,,,,,,,,,0.00010824511264218017,0.006270951591432095,0.025477152317762375,0.24614010751247406,,,,
,1112,,,,,,,,,,0.0002789695863611996,0.010222647339105606,0.06866084039211273,0.14888611435890198,,,,
,1113,,,,,,,,,,0.0003073741390835494,0.009213333949446678,0.11188463866710663,0.08234672248363495,,,,
,1114,,,,,,,,,,0.00010795421258080751,0.00651548383757472,0.10694815963506699,0.06092188134789467,,,,
,1115,,,,,,,,,,0.0002012962067965418,0.00883548241108656,0.08197197318077087,0.10778661072254181,,,,
,1116,,,,,,,,,,0.0001024123266688548,0.005729682743549347,0.07832591235637665,0.07315180450677872,,,,
,1117,,,,,,,,,,4.608023664331995e-05,0.00344541622325778,0.07550571858882904,0.04563118889927864,,,,
,1118,,,,,,,,,,0.00014644538168795407,0.007926702499389648,0.06541398167610168,0.12117747962474823,,,,
,1119,,,,,,,,,,0.00021761294919997454,0.007864551618695259,0.1331549882888794,0.0590631365776062,,,,
,1120,,,,,,,,,,0.0009477906278334558,0.012935816310346127,0.08672043681144714,0.14916685223579407,,,,
,1121,,,,,,,,,,0.00013478685286827385,0.007502646651118994,0.05225556343793869,0.1435760110616684,,,,
,11219,,,,,329,,,,,,,,,0.00028090589330531657,0.00827869027853012,0.07918630540370941,0.11693823337554932
,11219,,,,,329,0.0004469400446396321,0.010743631981313229,0.09670305252075195,0.11238370090723038,,,,,,,,
0.0008341841891121998,11252,,,,,,,,,,,,,,,,,
0.0008341841891121998,11252,,,,,,,,,,,,,,,,,
0.0008341841891121998,11252,,,,,,,,,,,,,,,,,
0.0008341841891121998,11252,,,,,,,,,,,,,,,,,
,11252,0.0001130535383708775,0.008493540808558464,0.09670456498861313,0.08782976865768433,330,,,,,,,,,,,,
,11253,,,,,330,0.00040701369289308786,0.009813621640205383,0.09670305997133255,0.1029907688498497,,,,,,,,
0.0008328868519219282,11285,,,,,,,,,,,,,,,,,
0.0008328868519219282,11285,,,,,,,,,,,,,,,,,
0.0008328868519219282,11285,,,,,,,,,,,,,,,,,
0.0008328868519219282,11285,,,,,,,,,,,,,,,,,
,11285,0.00013512789155356586,0.006871621590107679,0.10930979251861572,0.06286372989416122,331,,,,,,,,,,,,
,11287,,,,,331,0.00040186825208365917,0.009550824761390686,0.09670305252075195,0.10027763247489929,,,,,,,,
0.0008315854780334793,11318,,,,,,,,,,,,,,,,,
0.0008315854780334793,11318,,,,,,,,,,,,,,,,,
0.0008315854780334793,11318,,,,,,,,,,,,,,,,,
0.0008315854780334793,11318,,,,,,,,,,,,,,,,,
,11318,0.0001749180955812335,0.008129848167300224,0.08742821216583252,0.09298883378505707,332,,,,,,,,,,,,
,11321,,,,,332,0.00041414465522393584,0.009813420474529266,0.09670305997133255,0.10223263502120972,,,,,,,,
0.0008302800832514912,11351,,,,,,,,,,,,,,,,,
0.0008302800832514912,11351,,,,,,,,,,,,,,,,,
0.0008302800832514912,11351,,,,,,,,,,,,,,,,,
0.0008302800832514912,11351,,,,,,,,,,,,,,,,,
,11351,0.00030276476172730327,0.008478771895170212,0.10081537812948227,0.08410196006298065,333,,,,,,,,,,,,
,11355,,,,,333,0.0003437321574892849,0.00942558515816927,0.09670303761959076,0.09893810749053955,,,,,,,,
0.0008289706834294322,11384,,,,,,,,,,,,,,,,,
0.0008289706834294322,11384,,,,,,,,,,,,,,,,,
0.0008289706834294322,11384,,,,,,,,,,,,,,,,,
0.0008289706834294322,11384,,,,,,,,,,,,,,,,,
,11384,0.00015635350428055972,0.008275667205452919,0.1119009256362915,0.07395529747009277,334,,,,,,,,,,,,
,1122,,,,,,,,,,0.000855935737490654,0.0167798213660717,0.09195023030042648,0.1824880689382553,,,,
,1123,,,,,,,,,,0.0006920176092535257,0.015103358775377274,0.039159953594207764,0.38568368554115295,,,,
,1124,,,,,,,,,,0.0009214843157678843,0.014134719967842102,0.07243724912405014,0.19513051211833954,,,,
,1125,,,,,,,,,,0.00010364574700361118,0.007681559771299362,0.09695577621459961,0.07922744750976562,,,,
,1126,,,,,,,,,,0.0006444482132792473,0.012540320865809917,0.08865968883037567,0.14144331216812134,,,,
,1127,,,,,,,,,,7.172334881033748e-05,0.006724668201059103,0.05721943825483322,0.1175241693854332,,,,
,1128,,,,,,,,,,0.0002663516206666827,0.009346842765808105,0.025477152317762375,0.3668714165687561,,,,
,1129,,,,,,,,,,0.00038109265733510256,0.010153732262551785,0.06866084039211273,0.14788241684436798,,,,
,1130,,,,,,,,,,7.184399873949587e-05,0.006976760923862457,0.11188463866710663,0.06235672906041145,,,,
,1131,,,,,,,,,,0.0005722452187910676,0.013606737367808819,0.10694815963506699,0.12722739577293396,,,,
,1132,,,,,,,,,,0.00030551370582543314,0.009415725246071815,0.08197197318077087,0.11486516147851944,,,,
,1133,,,,,,,,,,0.0005158864660188556,0.013028325513005257,0.07832591235637665,0.16633479297161102,,,,
,1134,,,,,,,,,,0.00031510554254055023,0.010897344909608364,0.07550571858882904,0.14432474970817566,,,,
,1135,,,,,,,,,,0.0006786968442611396,0.017065517604351044,0.06541398167610168,0.2608848214149475,,,,
,1136,,,,,,,,,,0.0007240815903060138,0.016597962006926537,0.1331549882888794,0.12465143948793411,,,,
,1137,,,,,,,,,,0.0002761399373412132,0.009603746235370636,0.08672043681144714,0.11074373871088028,,,,
,1138,,,,,,,,,,0.00017059742822311819,0.008116225712001324,0.05225556343793869,0.15531790256500244,,,,
,11389,,,,,334,,,,,,,,,0.00045342493103817105,0.01174031663686037,0.07918630540370941,0.17001810669898987
,11389,,,,,334,0.0003966986550949514,0.009696674533188343,0.09670305252075195,0.10208939015865326,,,,,,,,
0.0008276572944694119,11417,,,,,,,,,,,,,,,,,
0.0008276572944694119,11417,,,,,,,,,,,,,,,,,
0.0008276572944694119,11417,,,,,,,,,,,,,,,,,
0.0008276572944694119,11417,,,,,,,,,,,,,,,,,
,11417,0.0005664021009579301,0.01327928714454174,0.09829838573932648,0.1350916028022766,335,,,,,,,,,,,,
,11423,,,,,335,0.00042640630272217095,0.010503733530640602,0.09670305997133255,0.11037228256464005,,,,,,,,
0.000826339932321985,11450,,,,,,,,,,,,,,,,,
0.000826339932321985,11450,,,,,,,,,,,,,,,,,
0.000826339932321985,11450,,,,,,,,,,,,,,,,,
0.000826339932321985,11450,,,,,,,,,,,,,,,,,
,11450,0.0002763973898254335,0.010521176271140575,0.09435146301984787,0.11151046305894852,336,,,,,,,,,,,,
,11457,,,,,336,0.00036177277797833085,0.009852779097855091,0.09670305252075195,0.10306686162948608,,,,,,,,
0.0008250186129859594,11483,,,,,,,,,,,,,,,,,
0.0008250186129859594,11483,,,,,,,,,,,,,,,,,
0.0008250186129859594,11483,,,,,,,,,,,,,,,,,
0.0008250186129859594,11483,,,,,,,,,,,,,,,,,
,11483,0.0008059339597821236,0.014262888580560684,0.10065972059965134,0.1416940838098526,337,,,,,,,,,,,,
,11491,,,,,337,0.0003774043289013207,0.009757219813764095,0.09670305252075195,0.10283345729112625,,,,,,,,
0.0008236933525082017,11516,,,,,,,,,,,,,,,,,
0.0008236933525082017,11516,,,,,,,,,,,,,,,,,
0.0008236933525082017,11516,,,,,,,,,,,,,,,,,
0.0008236933525082017,11516,,,,,,,,,,,,,,,,,
,11516,0.00025078392354771495,0.00743440818041563,0.10903330147266388,0.0681847408413887,338,,,,,,,,,,,,
,11525,,,,,338,0.00036881386768072844,0.009364324621856213,0.09670307487249374,0.09857998788356781,,,,,,,,
0.0008223641669834416,11549,,,,,,,,,,,,,,,,,
0.0008223641669834416,11549,,,,,,,,,,,,,,,,,
0.0008223641669834416,11549,,,,,,,,,,,,,,,,,
0.0008223641669834416,11549,,,,,,,,,,,,,,,,,
,11549,0.00044353166595101357,0.010947510600090027,0.09644690155982971,0.11350814998149872,339,,,,,,,,,,,,
,1139,,,,,,,,,,0.0003514255804475397,0.013055041432380676,0.09195023030042648,0.1419794112443924,,,,
,1140,,,,,,,,,,0.00015270194853655994,0.008567074313759804,0.039159953594207764,0.21877124905586243,,,,
,1141,,,,,,,,,,0.0002821915259119123,0.011751892976462841,0.07243724912405014,0.16223546862602234,,,,
,1142,,,,,,,,,,0.00029435919714160264,0.009519878774881363,0.09695577621459961,0.09818783402442932,,,,
,1143,,,,,,,,,,0.0006263750838115811,0.017150359228253365,0.08865968883037567,0.1934403032064438,,,,
,1144,,,,,,,,,,0.00019576595514081419,0.011334346607327461,0.05721943825483322,0.19808556139469147,,,,
,1145,,,,,,,,,,5.2689327276311815e-05,0.0063561066053807735,0.025477152317762375,0.24948251247406006,,,,
,1146,,,,,,,,,,0.0003126543015241623,0.012820678763091564,0.06866084039211273,0.1867247372865677,,,,
,1147,,,,,,,,,,0.00012520959717221558,0.009398680180311203,0.11188463866710663,0.08400330692529678,,,,
,1148,,,,,,,,,,0.000183882744750008,0.010733883827924728,0.10694815963506699,0.1003652885556221,,,,
,1149,,,,,,,,,,0.00016145952395163476,0.009890943765640259,0.08197197318077087,0.12066249549388885,,,,
,1150,,,,,,,,,,0.00016367730859201401,0.010591266676783562,0.07832591235637665,0.1352204531431198,,,,
,1151,,,,,,,,,,0.00020066788420081139,0.009671801701188087,0.07550571858882904,0.12809361517429352,,,,
,1152,,,,,,,,,,0.000254322774708271,0.0111354049295187,0.06541398167610168,0.1702297180891037,,,,
,1153,,,,,,,,,,0.0004585354763548821,0.014789558947086334,0.1331549882888794,0.11107025295495987,,,,
,1154,,,,,,,,,,0.001156333601102233,0.017135262489318848,0.08672043681144714,0.19759196043014526,,,,
,1155,,,,,,,,,,0.0007940722862258554,0.01768995262682438,0.05225556343793869,0.3385275900363922,,,,
,11559,,,,,339,,,,,,,,,0.0003254113835282624,0.011681645177304745,0.07918630540370941,0.16153986752033234
,11559,,,,,339,0.0003508416411932558,0.00930201169103384,0.09670306742191315,0.09751184284687042,,,,,,,,
0.0008210310725540767,11582,,,,,,,,,,,,,,,,,
0.0008210310725540767,11582,,,,,,,,,,,,,,,,,
0.0008210310725540767,11582,,,,,,,,,,,,,,,,,
0.0008210310725540767,11582,,,,,,,,,,,,,,,,,
,11582,7.776413985993713e-05,0.006026118062436581,0.0977509617805481,0.061647653579711914,340,,,,,,,,,,,,
,11593,,,,,340,0.000450494495453313,0.010674746707081795,0.09670304507017136,0.11163853108882904,,,,,,,,
0.0008196940854099771,11615,,,,,,,,,,,,,,,,,
0.0008196940854099771,11615,,,,,,,,,,,,,,,,,
0.0008196940854099771,11615,,,,,,,,,,,,,,,,,
0.0008196940854099771,11615,,,,,,,,,,,,,,,,,
,11615,0.0003782879502978176,0.012884993106126785,0.12206407636404037,0.10555924475193024,341,,,,,,,,,,,,
,11627,,,,,341,0.0003960670146625489,0.00968263205140829,0.09670303016901016,0.10104922205209732,,,,,,,,
0.0008183532217882874,11648,,,,,,,,,,,,,,,,,
0.0008183532217882874,11648,,,,,,,,,,,,,,,,,
0.0008183532217882874,11648,,,,,,,,,,,,,,,,,
0.0008183532217882874,11648,,,,,,,,,,,,,,,,,
,11648,9.039811993716285e-05,0.005968845449388027,0.11228641122579575,0.053157322108745575,342,,,,,,,,,,,,
,11661,,,,,342,0.0004218347603455186,0.010186881758272648,0.09670303761959076,0.10656683146953583,,,,,,,,
0.0008170084979732307,11681,,,,,,,,,,,,,,,,,
0.0008170084979732307,11681,,,,,,,,,,,,,,,,,
0.0008170084979732307,11681,,,,,,,,,,,,,,,,,
0.0008170084979732307,11681,,,,,,,,,,,,,,,,,
,11681,0.00033925939351320267,0.009083579294383526,0.10089139640331268,0.09003323316574097,343,,,,,,,,,,,,
,11695,,,,,343,0.0004631364136002958,0.010932184755802155,0.09670306742191315,0.11401743441820145,,,,,,,,
0.000815659930295912,11714,,,,,,,,,,,,,,,,,
0.000815659930295912,11714,,,,,,,,,,,,,,,,,
0.000815659930295912,11714,,,,,,,,,,,,,,,,,
0.000815659930295912,11714,,,,,,,,,,,,,,,,,
,11714,0.00026537763187661767,0.008705353364348412,0.09513448923826218,0.0915057435631752,344,,,,,,,,,,,,
,1156,,,,,,,,,,0.0004054192395415157,0.010684247128665447,0.09195023030042648,0.11619596928358078,,,,
,1157,,,,,,,,,,0.0002970788336824626,0.00923173688352108,0.039159953594207764,0.23574426770210266,,,,
,1158,,,,,,,,,,0.0001453061995562166,0.00796820130199194,0.07243724912405014,0.11000142246484756,,,,
,1159,,,,,,,,,,0.0002785083488561213,0.008574877865612507,0.09695577621459961,0.08844111859798431,,,,
,1160,,,,,,,,,,0.0003483904874883592,0.008665380999445915,0.08865968883037567,0.09773754328489304,,,,
,1161,,,,,,,,,,0.0001614247594261542,0.0062120333313941956,0.05721943825483322,0.1085650697350502,,,,
,1162,,,,,,,,,,2.9875620384700596e-05,0.0033762860111892223,0.025477152317762375,0.13252206146717072,,,,
,1163,,,,,,,,,,0.00012484229227993637,0.0070045385509729385,0.06866084039211273,0.10201648622751236,,,,
,1164,,,,,,,,,,0.00014340887719299644,0.007059214636683464,0.11188463866710663,0.06309368461370468,,,,
,1165,,,,,,,,,,0.0009556150762364268,0.014376751147210598,0.10694815963506699,0.1344272792339325,,,,
,1166,,,,,,,,,,0.00019978833734057844,0.008216843008995056,0.08197197318077087,0.10023964941501617,,,,
,1167,,,,,,,,,,0.0002675363211892545,0.00920133851468563,0.07832591235637665,0.1174750104546547,,,,
,1168,,,,,,,,,,0.000127467792481184,0.006876472383737564,0.07550571858882904,0.0910721942782402,,,,
,1169,,,,,,,,,,0.00024230277631431818,0.00866240356117487,0.06541398167610168,0.13242432475090027,,,,
,1170,,,,,,,,,,0.0004075575852766633,0.012889708392322063,0.1331549882888794,0.09680228680372238,,,,
,1171,,,,,,,,,,0.0004905717214569449,0.011237751692533493,0.08672043681144714,0.12958595156669617,,,,
,1172,,,,,,,,,,2.55281847785227e-05,0.0032915936317294836,0.05225556343793869,0.06299028545618057,,,,
,11729,,,,,344,,,,,,,,,0.0002810823207255453,0.00859900563955307,0.07918630540370941,0.1144145205616951
,11729,,,,,344,0.0003819457197096199,0.009863483719527721,0.09670305997133255,0.10291843861341476,,,,,,,,
0.0008143075351341161,11747,,,,,,,,,,,,,,,,,
0.0008143075351341161,11747,,,,,,,,,,,,,,,,,
0.0008143075351341161,11747,,,,,,,,,,,,,,,,,
0.0008143075351341161,11747,,,,,,,,,,,,,,,,,
,11747,0.0002242641057819128,0.009217984043061733,0.08549772202968597,0.10781554132699966,345,,,,,,,,,,,,
,11763,,,,,345,0.00036502344300970435,0.010035728104412556,0.09670302271842957,0.10542023181915283,,,,,,,,
0.0008129513289121122,11780,,,,,,,,,,,,,,,,,
0.0008129513289121122,11780,,,,,,,,,,,,,,,,,
0.0008129513289121122,11780,,,,,,,,,,,,,,,,,
0.0008129513289121122,11780,,,,,,,,,,,,,,,,,
,11780,0.00010367977665737271,0.006975693162530661,0.12197364866733551,0.05719016119837761,346,,,,,,,,,,,,
,11797,,,,,346,0.00039712441503070295,0.009454463608562946,0.09670305252075195,0.09990201890468597,,,,,,,,
0.0008115913281004538,11813,,,,,,,,,,,,,,,,,
0.0008115913281004538,11813,,,,,,,,,,,,,,,,,
0.0008115913281004538,11813,,,,,,,,,,,,,,,,,
0.0008115913281004538,11813,,,,,,,,,,,,,,,,,
,11813,0.0002687164524104446,0.009586863219738007,0.0843040943145752,0.11371763050556183,347,,,,,,,,,,,,
,11831,,,,,347,0.00034283287823200226,0.008950892835855484,0.09670304507017136,0.0937037467956543,,,,,,,,
0.0008102275492157768,11846,,,,,,,,,,,,,,,,,
0.0008102275492157768,11846,,,,,,,,,,,,,,,,,
0.0008102275492157768,11846,,,,,,,,,,,,,,,,,
0.0008102275492157768,11846,,,,,,,,,,,,,,,,,
,11846,0.00020063004922121763,0.006293625570833683,0.07938642799854279,0.07927834987640381,348,,,,,,,,,,,,
,11865,,,,,348,0.00041236303513869643,0.00984265748411417,0.09670303761959076,0.1026279404759407,,,,,,,,
0.0008088600088206006,11879,,,,,,,,,,,,,,,,,
0.0008088600088206006,11879,,,,,,,,,,,,,,,,,
0.0008088600088206006,11879,,,,,,,,,,,,,,,,,
0.0008088600088206006,11879,,,,,,,,,,,,,,,,,
,11879,0.00014759117038920522,0.007123746909201145,0.09271319955587387,0.07683637738227844,349,,,,,,,,,,,,
,1173,,,,,,,,,,9.212941949954256e-05,0.005970854312181473,0.09195023030042648,0.06493571400642395,,,,
,1174,,,,,,,,,,0.0003089853562414646,0.009240708313882351,0.039159953594207764,0.23597335815429688,,,,
,1175,,,,,,,,,,0.00011416203051339835,0.0070518432185053825,0.07243724912405014,0.09735105186700821,,,,
,1176,,,,,,,,,,0.0001206226006615907,0.0076564280316233635,0.09695577621459961,0.07896824181079865,,,,
,1177,,,,,,,,,,0.0007012474816292524,0.014884820207953453,0.08865968883037567,0.1678871065378189,,,,
,1178,,,,,,,,,,0.00018841777637135237,0.008329338394105434,0.05721943825483322,0.14556831121444702,,,,
,1179,,,,,,,,,,7.209047907963395e-05,0.0044472054578363895,0.025477152317762375,0.17455655336380005,,,,
,1180,,,,,,,,,,0.0003127403324469924,0.008184684440493584,0.06866084039211273,0.11920452862977982,,,,
,1181,,,,,,,,,,0.00021164728968869895,0.008682156912982464,0.11188463866710663,0.0775991827249527,,,,
,1182,,,,,,,,,,0.0010425382060930133,0.01205583568662405,0.10694815963506699,0.11272596567869186,,,,
,1183,,,,,,,,,,0.0005281392950564623,0.009383543394505978,0.08197197318077087,0.11447256803512573,,,,
,1184,,,,,,,,,,0.0001989768206840381,0.008660195395350456,0.07832591235637665,0.110566146671772,,,,
,1185,,,,,,,,,,0.0002953619696199894,0.010700635612010956,0.07550571858882904,0.1417195200920105,,,,
,1186,,,,,,,,,,0.0009206155082210898,0.01576997898519039,0.06541398167610168,0.24107959866523743,,,,
,1187,,,,,,,,,,0.0003584154765121639,0.011741741560399532,0.1331549882888794,0.08818100392818451,,,,
,1188,,,,,,,,,,0.0006929448572918773,0.012507030740380287,0.08672043681144714,0.14422239363193512,,,,
,1189,,,,,,,,,,6.0120142734376714e-05,0.005207601934671402,0.05225556343793869,0.09965639561414719,,,,
,11899,,,,,349,,,,,,,,,0.0003750966861844063,0.0095679285004735,0.07918630540370941,0.13120241463184357
,11899,,,,,349,0.0003214408061467111,0.00867511611431837,0.09670308232307434,0.09094483405351639,,,,,,,,
0.000807488723523127,11912,,,,,,,,,,,,,,,,,
0.000807488723523127,11912,,,,,,,,,,,,,,,,,
0.000807488723523127,11912,,,,,,,,,,,,,,,,,
0.000807488723523127,11912,,,,,,,,,,,,,,,,,
,11912,7.720994472038001e-05,0.006326710805296898,0.08454526960849762,0.07483221590518951,350,,,,,,,,,,,,
,11933,,,,,350,0.00036931055365130305,0.009634744375944138,0.09670306742191315,0.10112884640693665,,,,,,,,
0.0008061137099770379,11945,,,,,,,,,,,,,,,,,
0.0008061137099770379,11945,,,,,,,,,,,,,,,,,
0.0008061137099770379,11945,,,,,,,,,,,,,,,,,
0.0008061137099770379,11945,,,,,,,,,,,,,,,,,
,11945,0.0006429268978536129,0.014194480143487453,0.09438233822584152,0.15039338171482086,351,,,,,,,,,,,,
,11967,,,,,351,0.0003969870740547776,0.010519319213926792,0.09670305252075195,0.10925444215536118,,,,,,,,
0.0008047349848812927,11978,,,,,,,,,,,,,,,,,
0.0008047349848812927,11978,,,,,,,,,,,,,,,,,
0.0008047349848812927,11978,,,,,,,,,,,,,,,,,
0.0008047349848812927,11978,,,,,,,,,,,,,,,,,
,11978,0.0002659725141711533,0.00858781673014164,0.1011628732085228,0.08489098399877548,352,,,,,,,,,,,,
,12001,,,,,352,0.0003891990927513689,0.009996922686696053,0.09670303761959076,0.10432309657335281,,,,,,,,
0.0008033525649799269,12011,,,,,,,,,,,,,,,,,
0.0008033525649799269,12011,,,,,,,,,,,,,,,,,
0.0008033525649799269,12011,,,,,,,,,,,,,,,,,
0.0008033525649799269,12011,,,,,,,,,,,,,,,,,
,12011,0.00030272212461568415,0.009615985676646233,0.07940787076950073,0.12109611183404922,353,,,,,,,,,,,,
,12035,,,,,353,0.0003686577547341585,0.009611913003027439,0.09670305252075195,0.10074950754642487,,,,,,,,
0.0008019664670618471,12044,,,,,,,,,,,,,,,,,
0.0008019664670618471,12044,,,,,,,,,,,,,,,,,
0.0008019664670618471,12044,,,,,,,,,,,,,,,,,
0.0008019664670618471,12044,,,,,,,,,,,,,,,,,
,12044,0.0011711036786437035,0.015218470245599747,0.10699644684791565,0.14223340153694153,354,,,,,,,,,,,,
,1190,,,,,,,,,,0.00023459571821149439,0.008160917088389397,0.09195023030042648,0.08875362575054169,,,,
,1191,,,,,,,,,,0.00016332462837453932,0.007518133148550987,0.039159953594207764,0.19198518991470337,,,,
,1192,,,,,,,,,,0.00011100959090981632,0.006021241657435894,0.07243724912405014,0.08312354236841202,,,,
,1193,,,,,,,,,,0.00010248654143651947,0.006854801904410124,0.09695577621459961,0.07070028781890869,,,,
,1194,,,,,,,,,,0.0009006203035824001,0.016437798738479614,0.08865968883037567,0.1854032725095749,,,,
,1195,,,,,,,,,,0.00012132219126215205,0.00660507520660758,0.05721943825483322,0.11543409526348114,,,,
,1196,,,,,,,,,,9.89474865491502e-05,0.005728089716285467,0.025477152317762375,0.22483232617378235,,,,
,1197,,,,,,,,,,0.00013711402425542474,0.007637545466423035,0.06866084039211273,0.11123581230640411,,,,
,1198,,,,,,,,,,0.0001424802467226982,0.008157489821314812,0.11188463866710663,0.07290982455015182,,,,
,1199,,,,,,,,,,0.00044407040695659816,0.00903967022895813,0.10694815963506699,0.08452384173870087,,,,
,1200,,,,,,,,,,0.0007184934802353382,0.011379304341971874,0.08197197318077087,0.13881944119930267,,,,
,1201,,,,,,,,,,0.00014757989265490323,0.007273484021425247,0.07832591235637665,0.09286177158355713,,,,
,1202,,,,,,,,,,0.00016668897296767682,0.008060690946877003,0.07550571858882904,0.10675601661205292,,,,
,1203,,,,,,,,,,8.848700963426381e-05,0.00522280391305685,0.06541398167610168,0.07984230667352676,,,,
,1204,,,,,,,,,,0.0009114890708588064,0.01403934508562088,0.1331549882888794,0.10543610900640488,,,,
,1205,,,,,,,,,,0.0008323676884174347,0.012972274795174599,0.08672043681144714,0.14958727359771729,,,,
,1206,,,,,,,,,,7.568439468741417e-05,0.004988895263522863,0.05225556343793869,0.09547106176614761,,,,
,12069,,,,,354,,,,,,,,,0.00032478300272487104,0.008703219704329967,0.07918630540370941,0.11817820370197296
,12069,,,,,354,0.0003382495488040149,0.008878972381353378,0.09670303761959076,0.09291307628154755,,,,,,,,
0.0008005767079606283,12077,,,,,,,,,,,,,,,,,
0.0008005767079606283,12077,,,,,,,,,,,,,,,,,
0.0008005767079606283,12077,,,,,,,,,,,,,,,,,
0.0008005767079606283,12077,,,,,,,,,,,,,,,,,
,12077,0.0006242648232728243,0.016375157982110977,0.09348326921463013,0.17516671121120453,355,,,,,,,,,,,,
,12103,,,,,355,0.00039895164081826806,0.01020743791013956,0.09670307487249374,0.10647141933441162,,,,,,,,
0.0007991833045543085,12110,,,,,,,,,,,,,,,,,
0.0007991833045543085,12110,,,,,,,,,,,,,,,,,
0.0007991833045543085,12110,,,,,,,,,,,,,,,,,
0.0007991833045543085,12110,,,,,,,,,,,,,,,,,
,12110,0.000369955669157207,0.012239925563335419,0.11650076508522034,0.10506303608417511,356,,,,,,,,,,,,
,12137,,,,,356,0.000392344401916489,0.009570984169840813,0.09670305252075195,0.10002809017896652,,,,,,,,
0.0007977862737651842,12143,,,,,,,,,,,,,,,,,
0.0007977862737651842,12143,,,,,,,,,,,,,,,,,
0.0007977862737651842,12143,,,,,,,,,,,,,,,,,
0.0007977862737651842,12143,,,,,,,,,,,,,,,,,
,12143,0.0007422053604386747,0.01271730288863182,0.08289168030023575,0.15342071652412415,357,,,,,,,,,,,,
,12171,,,,,357,0.0003765739675145596,0.009469857439398766,0.09670303761959076,0.09882473200559616,,,,,,,,
0.0007963856325596061,12176,,,,,,,,,,,,,,,,,
0.0007963856325596061,12176,,,,,,,,,,,,,,,,,
0.0007963856325596061,12176,,,,,,,,,,,,,,,,,
0.0007963856325596061,12176,,,,,,,,,,,,,,,,,
,12176,0.0009080548770725727,0.010453855618834496,0.09548705816268921,0.10947927832603455,358,,,,,,,,,,,,
,12205,,,,,358,0.0003409645287320018,0.00893680565059185,0.09670303761959076,0.09301728010177612,,,,,,,,
0.0007949813979477705,12209,,,,,,,,,,,,,,,,,
0.0007949813979477705,12209,,,,,,,,,,,,,,,,,
0.0007949813979477705,12209,,,,,,,,,,,,,,,,,
0.0007949813979477705,12209,,,,,,,,,,,,,,,,,
,12209,6.16578254266642e-05,0.005438036285340786,0.07904907315969467,0.0687931627035141,359,,,,,,,,,,,,
,1207,,,,,,,,,,4.633561911759898e-05,0.0055740466341376305,0.09195023030042648,0.060620252043008804,,,,
,1208,,,,,,,,,,0.00019289755437057465,0.007325689308345318,0.039159953594207764,0.18707089126110077,,,,
,1209,,,,,,,,,,8.823669486446306e-05,0.006306318566203117,0.07243724912405014,0.08705904334783554,,,,
,1210,,,,,,,,,,0.0004029653500765562,0.01008899137377739,0.09695577621459961,0.10405765473842621,,,,
,1211,,,,,,,,,,0.00018488263594917953,0.008928714320063591,0.08865968883037567,0.10070770233869553,,,,
,1212,,,,,,,,,,0.0002045265573542565,0.008663496933877468,0.05721943825483322,0.15140825510025024,,,,
,1213,,,,,,,,,,0.0005434569320641458,0.01148583646863699,0.025477152317762375,0.4508287310600281,,,,
,1214,,,,,,,,,,0.00011234670819249004,0.007332162000238895,0.06866084039211273,0.10678810626268387,,,,
,1215,,,,,,,,,,0.00022744163288734853,0.010446089319884777,0.11188463866710663,0.09336481243371964,,,,
,1216,,,,,,,,,,8.758055628277361e-05,0.007253193762153387,0.10694815963506699,0.06781970709562302,,,,
,1217,,,,,,,,,,0.00028222062974236906,0.008690970949828625,0.08197197318077087,0.10602367669343948,,,,
,1218,,,,,,,,,,0.00019919380429200828,0.008644136600196362,0.07832591235637665,0.11036112159490585,,,,
,1219,,,,,,,,,,0.0001797477452782914,0.0086553655564785,0.07550571858882904,0.11463190615177155,,,,
,1220,,,,,,,,,,8.810727013042197e-05,0.006236778572201729,0.06541398167610168,0.09534318745136261,,,,
,1221,,,,,,,,,,0.00034825559123419225,0.012441548518836498,0.1331549882888794,0.0934365838766098,,,,
,1222,,,,,,,,,,0.00041888694977387786,0.010690833441913128,0.08672043681144714,0.12327927350997925,,,,
,1223,,,,,,,,,,0.00012197498290333897,0.006324905436486006,0.05225556343793869,0.12103790789842606,,,,
,12239,,,,,359,,,,,,,,,0.00022230726608540863,0.008601613342761993,0.07918630540370941,0.12807999551296234
,12239,,,,,359,0.0004245596064720303,0.010234854184091091,0.09670305997133255,0.10668567568063736,,,,,,,,
0.0007935735869835153,12242,,,,,,,,,,,,,,,,,
0.0007935735869835153,12242,,,,,,,,,,,,,,,,,
0.0007935735869835153,12242,,,,,,,,,,,,,,,,,
0.0007935735869835153,12242,,,,,,,,,,,,,,,,,
,12242,0.0002561708679422736,0.007571668364107609,0.08521394431591034,0.08885479718446732,360,,,,,,,,,,,,
,12273,,,,,360,0.00032289844239130616,0.009105602279305458,0.09670305252075195,0.0953601524233818,,,,,,,,
0.0007921622167641109,12275,,,,,,,,,,,,,,,,,
0.0007921622167641109,12275,,,,,,,,,,,,,,,,,
0.0007921622167641109,12275,,,,,,,,,,,,,,,,,
0.0007921622167641109,12275,,,,,,,,,,,,,,,,,
,12275,0.0001360036840196699,0.007344573736190796,0.08598081767559052,0.08542106300592422,361,,,,,,,,,,,,
,12307,,,,,361,0.0003779082035180181,0.009498693980276585,0.09670306742191315,0.09944962710142136,,,,,,,,
0.0007907473044300532,12308,,,,,,,,,,,,,,,,,
0.0007907473044300532,12308,,,,,,,,,,,,,,,,,
0.0007907473044300532,12308,,,,,,,,,,,,,,,,,
0.0007907473044300532,12308,,,,,,,,,,,,,,,,,
,12308,0.001021758420392871,0.012168108485639095,0.11070244014263153,0.10991724580526352,362,,,,,,,,,,,,
0.0007893288671648564,12341,,,,,,,,,,,,,,,,,
,12341,0.00011524873116286471,0.007113398518413305,0.08988935500383377,0.07913503795862198,362,,,,,,,,,,,,
,12341,,,,,362,0.00036166439531371,0.010085072368383408,0.09670308232307434,0.10548652708530426,,,,,,,,
0.0007879069221948425,12374,,,,,,,,,,,,,,,,,
0.0007879069221948425,12374,,,,,,,,,,,,,,,,,
0.0007879069221948425,12374,,,,,,,,,,,,,,,,,
0.0007879069221948425,12374,,,,,,,,,,,,,,,,,
,12374,0.0003155895392410457,0.008169073611497879,0.13499951362609863,0.06051186844706535,363,,,,,,,,,,,,
,12375,,,,,363,0.00042761079384945333,0.010256695561110973,0.09670305997133255,0.1070743128657341,,,,,,,,
0.0007864814867889343,12407,,,,,,,,,,,,,,,,,
0.0007864814867889343,12407,,,,,,,,,,,,,,,,,
0.0007864814867889343,12407,,,,,,,,,,,,,,,,,
0.0007864814867889343,12407,,,,,,,,,,,,,,,,,
,12407,0.0006040899315848947,0.012160593643784523,0.10249416530132294,0.11864668130874634,364,,,,,,,,,,,,
,1224,,,,,,,,,,0.0005432231118902564,0.011670215055346489,0.09195023030042648,0.12691880762577057,,,,
,1225,,,,,,,,,,4.327186616137624e-05,0.0044662607833743095,0.039159953594207764,0.1140517070889473,,,,
,1226,,,,,,,,,,0.0007227083551697433,0.012372295372188091,0.07243724912405014,0.17080016434192657,,,,
,1227,,,,,,,,,,0.0001761487073963508,0.00921962596476078,0.09695577621459961,0.09509103745222092,,,,
,1228,,,,,,,,,,0.00040904496563598514,0.011569760739803314,0.08865968883037567,0.13049627840518951,,,,
,1229,,,,,,,,,,0.0001281260629184544,0.007674017455428839,0.05721943825483322,0.1341155469417572,,,,
,1230,,,,,,,,,,0.00012262492964509875,0.007010658737272024,0.025477152317762375,0.27517423033714294,,,,
,1231,,,,,,,,,,0.00024754181504249573,0.009428437799215317,0.06866084039211273,0.13731898367404938,,,,
,1232,,,,,,,,,,9.787322778720409e-05,0.006168319843709469,0.11188463866710663,0.05513106659054756,,,,
,1233,,,,,,,,,,0.0003117547312285751,0.010116448625922203,0.10694815963506699,0.09459207206964493,,,,
,1234,,,,,,,,,,0.00023638361017219722,0.009503320790827274,0.08197197318077087,0.11593376845121384,,,,
,1235,,,,,,,,,,0.00014094353537075222,0.008267159573733807,0.07832591235637665,0.105548195540905,,,,
,1236,,,,,,,,,,0.0007578366785310209,0.011729235760867596,0.07550571858882904,0.15534232556819916,,,,
,1237,,,,,,,,,,0.00018368025484960526,0.0089234858751297,0.06541398167610168,0.13641555607318878,,,,
,1238,,,,,,,,,,0.00012939050793647766,0.007516578771173954,0.1331549882888794,0.05644984170794487,,,,
,1239,,,,,,,,,,0.00016737199621275067,0.0076032765209674835,0.08672043681144714,0.08767570555210114,,,,
,1240,,,,,,,,,,5.751608841819689e-05,0.005089075304567814,0.05225556343793869,0.09738818556070328,,,,
,12409,,,,,364,,,,,,,,,0.0002694958820939064,0.008835370652377605,0.07918630540370941,0.12362117320299149
,12409,,,,,364,0.0003448519273661077,0.00957314670085907,0.09670303016901016,0.10054203867912292,,,,,,,,
0.0007850525782584437,12440,,,,,,,,,,,,,,,,,
0.0007850525782584437,12440,,,,,,,,,,,,,,,,,
0.0007850525782584437,12440,,,,,,,,,,,,,,,,,
0.0007850525782584437,12440,,,,,,,,,,,,,,,,,
,12440,0.0006138158496469259,0.010202256962656975,0.10940390080213547,0.09325312823057175,365,,,,,,,,,,,,
,12443,,,,,365,0.0003977077140007168,0.009655013680458069,0.09670302271842957,0.1012253537774086,,,,,,,,
0.000783620213956862,12473,,,,,,,,,,,,,,,,,
0.000783620213956862,12473,,,,,,,,,,,,,,,,,
0.000783620213956862,12473,,,,,,,,,,,,,,,,,
0.000783620213956862,12473,,,,,,,,,,,,,,,,,
,12473,6.679647776763886e-05,0.004842603113502264,0.09395968168973923,0.05153915658593178,366,,,,,,,,,,,,
,12477,,,,,366,0.0004090085276402533,0.00988460611552,0.09670305997133255,0.10333995521068573,,,,,,,,
0.0007821844112796503,12506,,,,,,,,,,,,,,,,,
0.0007821844112796503,12506,,,,,,,,,,,,,,,,,
0.0007821844112796503,12506,,,,,,,,,,,,,,,,,
0.0007821844112796503,12506,,,,,,,,,,,,,,,,,
,12506,0.00014623484457843006,0.00756337633356452,0.0815533995628357,0.09274138510227203,367,,,,,,,,,,,,
,12511,,,,,367,0.00037772199721075594,0.009309145621955395,0.09670302271842957,0.09691716730594635,,,,,,,,
0.0007807451876640261,12539,,,,,,,,,,,,,,,,,
0.0007807451876640261,12539,,,,,,,,,,,,,,,,,
0.0007807451876640261,12539,,,,,,,,,,,,,,,,,
0.0007807451876640261,12539,,,,,,,,,,,,,,,,,
,12539,9.129282261710614e-05,0.006077263504266739,0.06970149278640747,0.08718984574079514,368,,,,,,,,,,,,
,12545,,,,,368,0.00045639596646651626,0.010182488709688187,0.09670306742191315,0.10550126433372498,,,,,,,,
0.0007793025605887542,12572,,,,,,,,,,,,,,,,,
0.0007793025605887542,12572,,,,,,,,,,,,,,,,,
0.0007793025605887542,12572,,,,,,,,,,,,,,,,,
0.0007793025605887542,12572,,,,,,,,,,,,,,,,,
,12572,0.0003621887299232185,0.010011989623308182,0.0756048709154129,0.13242517411708832,369,,,,,,,,,,,,
,1241,,,,,,,,,,0.000871820084284991,0.01504395343363285,0.09195023030042648,0.16360972821712494,,,,
,1242,,,,,,,,,,5.763455919804983e-05,0.004588806536048651,0.039159953594207764,0.11718107014894485,,,,
,1243,,,,,,,,,,9.216219041263685e-05,0.006809035316109657,0.07243724912405014,0.09399907290935516,,,,
,1244,,,,,,,,,,0.00015406195598188788,0.007922478020191193,0.09695577621459961,0.0817122757434845,,,,
,1245,,,,,,,,,,0.0010631446493789554,0.01229027658700943,0.08865968883037567,0.13862302899360657,,,,
,1246,,,,,,,,,,0.00015268435527104884,0.007694427855312824,0.05721943825483322,0.13447225093841553,,,,
,1247,,,,,,,,,,5.4797343182144687e-05,0.003774584038183093,0.025477152317762375,0.1481555849313736,,,,
,1248,,,,,,,,,,7.927524711703882e-05,0.00592547794803977,0.06866084039211273,0.08630067855119705,,,,
,1249,,,,,,,,,,0.0004095793701708317,0.011303329840302467,0.11188463866710663,0.10102663934230804,,,,
,1250,,,,,,,,,,0.00034077902091667056,0.009944969788193703,0.10694815963506699,0.09298868477344513,,,,
,1251,,,,,,,,,,0.00016315901302732527,0.008401302620768547,0.08197197318077087,0.10248992592096329,,,,
,1252,,,,,,,,,,2.6910229280474596e-05,0.004023425281047821,0.07832591235637665,0.05136773735284805,,,,
,1253,,,,,,,,,,0.00021388503955677152,0.009153313934803009,0.07550571858882904,0.12122675031423569,,,,
,1254,,,,,,,,,,0.0002488004683982581,0.008952749893069267,0.06541398167610168,0.13686291873455048,,,,
,1255,,,,,,,,,,0.0004583012778311968,0.013565458357334137,0.1331549882888794,0.10187719762325287,,,,
,1256,,,,,,,,,,0.00011925665603484958,0.007165027316659689,0.08672043681144714,0.08262211829423904,,,,
,1257,,,,,,,,,,0.000415990682085976,0.009785349480807781,0.05225556343793869,0.18725943565368652,,,,
,12579,,,,,369,,,,,,,,,0.0002857119543477893,0.008572805672883987,0.07918630540370941,0.11200881749391556
,12579,,,,,369,0.0003015935653820634,0.008672863245010376,0.09670305997133255,0.09064995497465134,,,,,,,,
0.0007778565475739316,12605,,,,,,,,,,,,,,,,,
0.0007778565475739316,12605,,,,,,,,,,,,,,,,,
0.0007778565475739316,12605,,,,,,,,,,,,,,,,,
0.0007778565475739316,12605,,,,,,,,,,,,,,,,,
,12605,0.0004205432196613401,0.01185016892850399,0.11047814786434174,0.10726255178451538,370,,,,,,,,,,,,
,12613,,,,,370,0.0003590077976696193,0.009591581299901009,0.09670304507017136,0.10023286938667297,,,,,,,,
0.0007764071661807768,12638,,,,,,,,,,,,,,,,,
0.0007764071661807768,12638,,,,,,,,,,,,,,,,,
0.0007764071661807768,12638,,,,,,,,,,,,,,,,,
0.0007764071661807768,12638,,,,,,,,,,,,,,,,,
,12638,0.0012539299204945564,0.015029052272439003,0.08469581604003906,0.1774473786354065,371,,,,,,,,,,,,
,12647,,,,,371,0.00040216787601821125,0.009797005914151669,0.09670302271842957,0.10212139785289764,,,,,,,,
0.0007749544340114155,12671,,,,,,,,,,,,,,,,,
0.0007749544340114155,12671,,,,,,,,,,,,,,,,,
0.0007749544340114155,12671,,,,,,,,,,,,,,,,,
0.0007749544340114155,12671,,,,,,,,,,,,,,,,,
,12671,0.00023967224115040153,0.009523752145469189,0.08409053087234497,0.11325592547655106,372,,,,,,,,,,,,
,12681,,,,,372,0.00043524158536456525,0.010188627056777477,0.09670305997133255,0.106331005692482,,,,,,,,
0.0007734983687086675,12704,,,,,,,,,,,,,,,,,
0.0007734983687086675,12704,,,,,,,,,,,,,,,,,
0.0007734983687086675,12704,,,,,,,,,,,,,,,,,
0.0007734983687086675,12704,,,,,,,,,,,,,,,,,
,12704,0.0007017871248535812,0.01342415064573288,0.1012946218252182,0.13252578675746918,373,,,,,,,,,,,,
,12715,,,,,373,0.00034105696249753237,0.009343513287603855,0.09670305997133255,0.09761138260364532,,,,,,,,
0.0007720389879558326,12737,,,,,,,,,,,,,,,,,
0.0007720389879558326,12737,,,,,,,,,,,,,,,,,
0.0007720389879558326,12737,,,,,,,,,,,,,,,,,
0.0007720389879558326,12737,,,,,,,,,,,,,,,,,
,12737,0.0001702606095932424,0.007581432815641165,0.0766671746969223,0.09888758510351181,374,,,,,,,,,,,,
,1258,,,,,,,,,,7.445192750310525e-05,0.0061684660613536835,0.09195023030042648,0.06708482652902603,,,,
,1259,,,,,,,,,,0.00027272256556898355,0.009553625248372555,0.039159953594207764,0.24396410584449768,,,,
,1260,,,,,,,,,,0.00020720562315545976,0.010233390145003796,0.07243724912405014,0.14127247035503387,,,,
,1261,,,,,,,,,,0.00042100268183276057,0.010741859674453735,0.09695577621459961,0.11079131811857224,,,,
,1262,,,,,,,,,,0.0007054074667394161,0.015970759093761444,0.08865968883037567,0.18013550341129303,,,,
,1263,,,,,,,,,,0.00025563035160303116,0.009755739942193031,0.05721943825483322,0.17049692571163177,,,,
,1264,,,,,,,,,,9.165467781713232e-05,0.006650734227150679,0.025477152317762375,0.2610468864440918,,,,
,1265,,,,,,,,,,0.00014375083264894783,0.007526932284235954,0.06866084039211273,0.10962480306625366,,,,
,1266,,,,,,,,,,0.00020905406563542783,0.010301019065082073,0.11188463866710663,0.09206821024417877,,,,
,1267,,,,,,,,,,0.0003534443094395101,0.010194459930062294,0.10694815963506699,0.09532149881124496,,,,
,1268,,,,,,,,,,0.00034823588794097304,0.011679625138640404,0.08197197318077087,0.14248313009738922,,,,
,1269,,,,,,,,,,0.00042857194785028696,0.01177139114588499,0.07832591235637665,0.15028730034828186,,,,
,1270,,,,,,,,,,0.00013656301598530263,0.008142940700054169,0.07550571858882904,0.10784533619880676,,,,
,1271,,,,,,,,,,0.00040685845306143165,0.011651034466922283,0.06541398167610168,0.17811226844787598,,,,
,1272,,,,,,,,,,0.00027256071916781366,0.01002198550850153,0.1331549882888794,0.0752655565738678,,,,
,1273,,,,,,,,,,0.000740760238841176,0.01089918427169323,0.08672043681144714,0.1256818324327469,,,,
,1274,,,,,,,,,,9.231906733475626e-05,0.006421086378395557,0.05225556343793869,0.12287849932909012,,,,
,12749,,,,,374,,,,,,,,,0.00030994147527962923,0.009968101978302002,0.07918630540370941,0.14017705619335175
,12749,,,,,374,0.00041312945540994406,0.009767216630280018,0.09670305997133255,0.10292364656925201,,,,,,,,
0.0007705763094764739,12770,,,,,,,,,,,,,,,,,
0.0007705763094764739,12770,,,,,,,,,,,,,,,,,
0.0007705763094764739,12770,,,,,,,,,,,,,,,,,
0.0007705763094764739,12770,,,,,,,,,,,,,,,,,
,12770,0.00017189192294608802,0.007783090230077505,0.0859774798154831,0.09052474051713943,375,,,,,,,,,,,,
,12783,,,,,375,0.00045667076483368874,0.010509820654988289,0.09670308232307434,0.10958638787269592,,,,,,,,
0.0007691103510342051,12803,,,,,,,,,,,,,,,,,
0.0007691103510342051,12803,,,,,,,,,,,,,,,,,
0.0007691103510342051,12803,,,,,,,,,,,,,,,,,
0.0007691103510342051,12803,,,,,,,,,,,,,,,,,
,12803,0.00027006128220818937,0.008353742770850658,0.11385884135961533,0.07336928695440292,376,,,,,,,,,,,,
,12817,,,,,376,0.00039299909258261323,0.01053770724684,0.09670305997133255,0.11018897593021393,,,,,,,,
0.0007676411304324739,12836,,,,,,,,,,,,,,,,,
0.0007676411304324739,12836,,,,,,,,,,,,,,,,,
0.0007676411304324739,12836,,,,,,,,,,,,,,,,,
0.0007676411304324739,12836,,,,,,,,,,,,,,,,,
,12836,0.0004460771451704204,0.009844692423939705,0.1041855737566948,0.0944918841123581,377,,,,,,,,,,,,
,12851,,,,,377,0.00037353960215114057,0.009584258310496807,0.09670305997133255,0.09989264607429504,,,,,,,,
0.0007661686655143444,12869,,,,,,,,,,,,,,,,,
0.0007661686655143444,12869,,,,,,,,,,,,,,,,,
0.0007661686655143444,12869,,,,,,,,,,,,,,,,,
0.0007661686655143444,12869,,,,,,,,,,,,,,,,,
,12869,0.0002685607469175011,0.008421633392572403,0.0921291634440422,0.09141114354133606,378,,,,,,,,,,,,
,12885,,,,,378,0.0003636225883383304,0.009545192122459412,0.09670304507017136,0.0999826192855835,,,,,,,,
0.0007646929741622829,12902,,,,,,,,,,,,,,,,,
0.0007646929741622829,12902,,,,,,,,,,,,,,,,,
0.0007646929741622829,12902,,,,,,,,,,,,,,,,,
0.0007646929741622829,12902,,,,,,,,,,,,,,,,,
,12902,8.101214189082384e-05,0.005954248830676079,0.0931084156036377,0.06394962221384048,379,,,,,,,,,,,,
,1275,,,,,,,,,,3.571104389266111e-05,0.0037232539616525173,0.09195023030042648,0.04049205407500267,,,,
,1276,,,,,,,,,,7.644951983820647e-05,0.004939655307680368,0.039159953594207764,0.12614044547080994,,,,
,1277,,,,,,,,,,7.921160431578755e-05,0.004863800946623087,0.07243724912405014,0.06714501976966858,,,,
,1278,,,,,,,,,,0.000564480375032872,0.010011551901698112,0.09695577621459961,0.10325894504785538,,,,
,1279,,,,,,,,,,0.00012430717470124364,0.006698315031826496,0.08865968883037567,0.07555084675550461,,,,
,1280,,,,,,,,,,0.0001312642707489431,0.006825494579970837,0.05721943825483322,0.11928626894950867,,,,
,1281,,,,,,,,,,0.0003468116628937423,0.008889996446669102,0.025477152317762375,0.34893980622291565,,,,
,1282,,,,,,,,,,0.0011329645058140159,0.014987746253609657,0.06866084039211273,0.2182866334915161,,,,
,1283,,,,,,,,,,0.00044865161180496216,0.012094782665371895,0.11188463866710663,0.10810046643018723,,,,
,1284,,,,,,,,,,0.0002126823819708079,0.008114904165267944,0.10694815963506699,0.07587698101997375,,,,
,1285,,,,,,,,,,0.00021476601250469685,0.008556722663342953,0.08197197318077087,0.10438594222068787,,,,
,1286,,,,,,,,,,0.0005648892256431282,0.012407558970153332,0.07832591235637665,0.15840935707092285,,,,
,1287,,,,,,,,,,0.000297077524010092,0.00925072655081749,0.07550571858882904,0.12251688539981842,,,,
,1288,,,,,,,,,,0.0007148966542445123,0.015246428549289703,0.06541398167610168,0.23307596147060394,,,,
,1289,,,,,,,,,,0.0003902370226569474,0.009819871746003628,0.1331549882888794,0.0737476795911789,,,,
,1290,,,,,,,,,,0.0002192072570323944,0.009383775293827057,0.08672043681144714,0.10820718109607697,,,,
,1291,,,,,,,,,,0.0009430120117031038,0.016589481383562088,0.05225556343793869,0.31746816635131836,,,,
,12919,,,,,379,,,,,,,,,0.0003651584265753627,0.009339958429336548,0.07918630540370941,0.13588814437389374
,12919,,,,,379,0.00041741906898096204,0.010057540610432625,0.09670308232307434,0.10539302974939346,,,,,,,,
0.0007632140742979379,12935,,,,,,,,,,,,,,,,,
0.0007632140742979379,12935,,,,,,,,,,,,,,,,,
0.0007632140742979379,12935,,,,,,,,,,,,,,,,,
0.0007632140742979379,12935,,,,,,,,,,,,,,,,,
,12935,0.0012190700508654118,0.014995565637946129,0.10003206133842468,0.14990757405757904,380,,,,,,,,,,,,
,12953,,,,,380,0.00041449282434768975,0.009778205305337906,0.09670305252075195,0.10245607793331146,,,,,,,,
0.0007617319838819255,12968,,,,,,,,,,,,,,,,,
0.0007617319838819255,12968,,,,,,,,,,,,,,,,,
0.0007617319838819255,12968,,,,,,,,,,,,,,,,,
0.0007617319838819255,12968,,,,,,,,,,,,,,,,,
,12968,0.0009145198273472488,0.015572108328342438,0.06971339881420135,0.22337321937084198,381,,,,,,,,,,,,
,12987,,,,,381,0.00041464457171969116,0.010323481634259224,0.09670306742191315,0.10814593732357025,,,,,,,,
0.0007602467209136082,13001,,,,,,,,,,,,,,,,,
0.0007602467209136082,13001,,,,,,,,,,,,,,,,,
0.0007602467209136082,13001,,,,,,,,,,,,,,,,,
0.0007602467209136082,13001,,,,,,,,,,,,,,,,,
,13001,0.00019577679631765932,0.008737755008041859,0.08286964893341064,0.10543973743915558,382,,,,,,,,,,,,
,13021,,,,,382,0.00044539078953675926,0.009784742258489132,0.09670306742191315,0.10209479928016663,,,,,,,,
0.0007587583034308795,13034,,,,,,,,,,,,,,,,,
0.0007587583034308795,13034,,,,,,,,,,,,,,,,,
0.0007587583034308795,13034,,,,,,,,,,,,,,,,,
0.0007587583034308795,13034,,,,,,,,,,,,,,,,,
,13034,0.00041266120388172567,0.011515047401189804,0.10412051528692245,0.11059344559907913,383,,,,,,,,,,,,
,13055,,,,,383,0.00038066942943260074,0.010153664276003838,0.09670308232307434,0.10670147091150284,,,,,,,,
0.0007572667495099412,13067,,,,,,,,,,,,,,,,,
0.0007572667495099412,13067,,,,,,,,,,,,,,,,,
0.0007572667495099412,13067,,,,,,,,,,,,,,,,,
0.0007572667495099412,13067,,,,,,,,,,,,,,,,,
,13067,0.0002161623415304348,0.00915465783327818,0.11740367114543915,0.07797589898109436,384,,,,,,,,,,,,
,1292,,,,,,,,,,0.0004650948103517294,0.010658800601959229,0.09195023030042648,0.11591922491788864,,,,
,1293,,,,,,,,,,0.00014053039194550365,0.005834042094647884,0.039159953594207764,0.1489797681570053,,,,
,1294,,,,,,,,,,5.151118239155039e-05,0.0048630936071276665,0.07243724912405014,0.06713525205850601,,,,
,1295,,,,,,,,,,9.280224912799895e-05,0.005701194517314434,0.09695577621459961,0.058802004903554916,,,,
,1296,,,,,,,,,,0.00045534130185842514,0.011306422762572765,0.08865968883037567,0.12752607464790344,,,,
,1297,,,,,,,,,,6.926721835043281e-05,0.0051370784640312195,0.05721943825483322,0.08977854251861572,,,,
,1298,,,,,,,,,,2.388963730481919e-05,0.003014830406755209,0.025477152317762375,0.11833462119102478,,,,
,1299,,,,,,,,,,0.0006235073669813573,0.012075968086719513,0.06866084039211273,0.17587850987911224,,,,
,1300,,,,,,,,,,0.0004296594997867942,0.012982530519366264,0.11188463866710663,0.11603495478630066,,,,
,1301,,,,,,,,,,0.00011517920938786119,0.0056259362027049065,0.10694815963506699,0.052604325115680695,,,,
,1302,,,,,,,,,,0.0005119899287819862,0.010442627593874931,0.08197197318077087,0.12739264965057373,,,,
,1303,,,,,,,,,,0.00017989274056162685,0.007016892544925213,0.07832591235637665,0.08958582580089569,,,,
,1304,,,,,,,,,,5.628610233543441e-05,0.004403183236718178,0.07550571858882904,0.058315884321928024,,,,
,1305,,,,,,,,,,0.00041282150777988136,0.009504688903689384,0.06541398167610168,0.14530055224895477,,,,
,1306,,,,,,,,,,0.00037898810114711523,0.011078606359660625,0.1331549882888794,0.08320082724094391,,,,
,1307,,,,,,,,,,8.753247675485909e-05,0.006204916164278984,0.08672043681144714,0.07155078649520874,,,,
,1308,,,,,,,,,,9.649182175053284e-05,0.005923435091972351,0.05225556343793869,0.11335508525371552,,,,
,13089,,,,,384,,,,,,,,,0.00025106300017796457,0.007806819397956133,0.07918630540370941,0.10321316868066788
,13089,,,,,384,0.00033914370578713715,0.009618263691663742,0.09670304507017136,0.10071227699518204,,,,,,,,
0.0007557720772650875,13100,,,,,,,,,,,,,,,,,
0.0007557720772650875,13100,,,,,,,,,,,,,,,,,
0.0007557720772650875,13100,,,,,,,,,,,,,,,,,
0.0007557720772650875,13100,,,,,,,,,,,,,,,,,
,13100,0.000214740852243267,0.00984477810561657,0.10312730073928833,0.0954623743891716,385,,,,,,,,,,,,
,13123,,,,,385,0.0004285014874767512,0.009864883497357368,0.09670302271842957,0.1033019945025444,,,,,,,,
0.0007542743048484825,13133,,,,,,,,,,,,,,,,,
0.0007542743048484825,13133,,,,,,,,,,,,,,,,,
0.0007542743048484825,13133,,,,,,,,,,,,,,,,,
0.0007542743048484825,13133,,,,,,,,,,,,,,,,,
,13133,0.0005163044552318752,0.011568404734134674,0.07884334772825241,0.14672642946243286,386,,,,,,,,,,,,
,13157,,,,,386,0.0003810534253716469,0.009601918049156666,0.09670303761959076,0.10031101107597351,,,,,,,,
0.0007527734504499405,13166,,,,,,,,,,,,,,,,,
0.0007527734504499405,13166,,,,,,,,,,,,,,,,,
0.0007527734504499405,13166,,,,,,,,,,,,,,,,,
0.0007527734504499405,13166,,,,,,,,,,,,,,,,,
,13166,0.00018595076107885689,0.009328283369541168,0.10399825870990753,0.08969652652740479,387,,,,,,,,,,,,
,13191,,,,,387,0.0003692660538945347,0.00919585581868887,0.09670303016901016,0.09602098912000656,,,,,,,,
0.0007512695322967048,13199,,,,,,,,,,,,,,,,,
0.0007512695322967048,13199,,,,,,,,,,,,,,,,,
0.0007512695322967048,13199,,,,,,,,,,,,,,,,,
0.0007512695322967048,13199,,,,,,,,,,,,,,,,,
,13199,0.0003211175790056586,0.009653191082179546,0.09537972509860992,0.10120798647403717,388,,,,,,,,,,,,
,13225,,,,,388,0.00034098461037501693,0.008899100124835968,0.09670305997133255,0.09234614670276642,,,,,,,,
0.0007497625686532285,13232,,,,,,,,,,,,,,,,,
0.0007497625686532285,13232,,,,,,,,,,,,,,,,,
0.0007497625686532285,13232,,,,,,,,,,,,,,,,,
0.0007497625686532285,13232,,,,,,,,,,,,,,,,,
,13232,0.0001444802328478545,0.007970325648784637,0.08195069432258606,0.09725756198167801,389,,,,,,,,,,,,
,1309,,,,,,,,,,0.00011911745968973264,0.006245001684874296,0.09195023030042648,0.06791719049215317,,,,
,1310,,,,,,,,,,0.0001765200140653178,0.006462415214627981,0.039159953594207764,0.16502608358860016,,,,
,1311,,,,,,,,,,0.0005519638652913272,0.012180140241980553,0.07243724912405014,0.16814744472503662,,,,
,1312,,,,,,,,,,8.454562339466065e-05,0.006934214383363724,0.09695577621459961,0.07151934504508972,,,,
,1313,,,,,,,,,,0.000134868489112705,0.006884030997753143,0.08865968883037567,0.07764554768800735,,,,
,1314,,,,,,,,,,0.00018235894094686955,0.008486365899443626,0.05721943825483322,0.14831261336803436,,,,
,1315,,,,,,,,,,0.0002747054386418313,0.007616594433784485,0.025477152317762375,0.2989577353000641,,,,
,1316,,,,,,,,,,0.0002586627088021487,0.008275393396615982,0.06866084039211273,0.12052564322948456,,,,
,1317,,,,,,,,,,0.00024482252774760127,0.010522994212806225,0.11188463866710663,0.09405217319726944,,,,
,1318,,,,,,,,,,0.0004475755849853158,0.011987931095063686,0.10694815963506699,0.11209103465080261,,,,
,1319,,,,,,,,,,0.0013991971500217915,0.021541094407439232,0.08197197318077087,0.26278606057167053,,,,
,1320,,,,,,,,,,0.00046242796815931797,0.012524409219622612,0.07832591235637665,0.1599012017250061,,,,
,1321,,,,,,,,,,0.0005674440762959421,0.00999385304749012,0.07550571858882904,0.1323588788509369,,,,
,1322,,,,,,,,,,0.00013773722457699478,0.007061912678182125,0.06541398167610168,0.10795722156763077,,,,
,1323,,,,,,,,,,0.0007349179941229522,0.01772981882095337,0.1331549882888794,0.13315173983573914,,,,
,1324,,,,,,,,,,0.0012809289619326591,0.02020198665559292,0.08672043681144714,0.23295529186725616,,,,
,1325,,,,,,,,,,0.00030795755446888506,0.010339053347706795,0.05225556343793869,0.19785551726818085,,,,
,13259,,,,,389,,,,,,,,,0.000437077134847641,0.010898040607571602,0.07918630540370941,0.14862017333507538
,13259,,,,,389,0.00036934108356945217,0.009349899366497993,0.09670301526784897,0.09885760396718979,,,,,,,,
0.0007482525778209487,13265,,,,,,,,,,,,,,,,,
0.0007482525778209487,13265,,,,,,,,,,,,,,,,,
0.0007482525778209487,13265,,,,,,,,,,,,,,,,,
0.0007482525778209487,13265,,,,,,,,,,,,,,,,,
,13265,0.0007366071222350001,0.012179834768176079,0.10982012003660202,0.11090712249279022,390,,,,,,,,,,,,
,13293,,,,,390,0.0003734708880074322,0.010219859890639782,0.09670303761959076,0.10666552931070328,,,,,,,,
0.0007467395781380676,13298,,,,,,,,,,,,,,,,,
0.0007467395781380676,13298,,,,,,,,,,,,,,,,,
0.0007467395781380676,13298,,,,,,,,,,,,,,,,,
0.0007467395781380676,13298,,,,,,,,,,,,,,,,,
,13298,0.0007320155273191631,0.012356247752904892,0.13256533443927765,0.09320873022079468,391,,,,,,,,,,,,
,13327,,,,,391,0.00038055627373978496,0.00976640172302723,0.09670305252075195,0.1020771786570549,,,,,,,,
0.0007452235879793294,13331,,,,,,,,,,,,,,,,,
0.0007452235879793294,13331,,,,,,,,,,,,,,,,,
0.0007452235879793294,13331,,,,,,,,,,,,,,,,,
0.0007452235879793294,13331,,,,,,,,,,,,,,,,,
,13331,0.00042920815758407116,0.012410705909132957,0.08305032551288605,0.14943595230579376,392,,,,,,,,,,,,
,13361,,,,,392,0.0004183990531601012,0.010209883563220501,0.09670304507017136,0.10606180876493454,,,,,,,,
0.0007437046257557945,13364,,,,,,,,,,,,,,,,,
0.0007437046257557945,13364,,,,,,,,,,,,,,,,,
0.0007437046257557945,13364,,,,,,,,,,,,,,,,,
0.0007437046257557945,13364,,,,,,,,,,,,,,,,,
,13364,0.0010591873433440924,0.015685467049479485,0.10716065019369125,0.14637337625026703,393,,,,,,,,,,,,
,13395,,,,,393,0.00039356836350634694,0.009828492999076843,0.09670307487249374,0.1021965965628624,,,,,,,,
0.0007421827099146187,13397,,,,,,,,,,,,,,,,,
0.0007421827099146187,13397,,,,,,,,,,,,,,,,,
0.0007421827099146187,13397,,,,,,,,,,,,,,,,,
0.0007421827099146187,13397,,,,,,,,,,,,,,,,,
,13397,0.0006350099574774504,0.00889374315738678,0.09380846470594406,0.0948074609041214,394,,,,,,,,,,,,
,1326,,,,,,,,,,0.00019008241361007094,0.007293434347957373,0.09195023030042648,0.07931935787200928,,,,
,1327,,,,,,,,,,7.856299635022879e-05,0.005599988158792257,0.039159953594207764,0.14300289750099182,,,,
,1328,,,,,,,,,,9.024434257298708e-05,0.006740718614310026,0.07243724912405014,0.09305595606565475,,,,
,1329,,,,,,,,,,0.00016991328448057175,0.007494048215448856,0.09695577621459961,0.07729346305131912,,,,
,1330,,,,,,,,,,0.0001255606475751847,0.007026298902928829,0.08865968883037567,0.07925020158290863,,,,
,1331,,,,,,,,,,0.00023199977295007557,0.008673787117004395,0.05721943825483322,0.1515880972146988,,,,
,1332,,,,,,,,,,0.00018157489830628037,0.007956056855618954,0.025477152317762375,0.31228190660476685,,,,
,1333,,,,,,,,,,0.00012057852291036397,0.006026496645063162,0.06866084039211273,0.0877719521522522,,,,
,1334,,,,,,,,,,0.000678507552947849,0.01402375753968954,0.11188463866710663,0.12534120678901672,,,,
,1335,,,,,,,,,,0.0005509783513844013,0.012890620157122612,0.10694815963506699,0.12053146958351135,,,,
,1336,,,,,,,,,,7.979343354236335e-05,0.006371525581926107,0.08197197318077087,0.07772808521986008,,,,
,1337,,,,,,,,,,0.0012347514275461435,0.017784304916858673,0.07832591235637665,0.227055162191391,,,,
,1338,,,,,,,,,,0.0002911228220909834,0.009581527672708035,0.07550571858882904,0.12689802050590515,,,,
,1339,,,,,,,,,,0.00029858259949833155,0.010218190029263496,0.06541398167610168,0.15620802342891693,,,,
,1340,,,,,,,,,,0.0005774443270638585,0.013862624764442444,0.1331549882888794,0.10410892963409424,,,,
,1341,,,,,,,,,,0.0003098816378042102,0.009347083047032356,0.08672043681144714,0.10778407752513885,,,,
,1342,,,,,,,,,,7.777182327117771e-05,0.005714440252631903,0.05225556343793869,0.1093556135892868,,,,
,13429,,,,,394,,,,,,,,,0.0003180887724738568,0.009318041615188122,0.07918630540370941,0.12872099876403809
,13429,,,,,394,0.0004315336118452251,0.010304932482540607,0.09670303016901016,0.10832717269659042,,,,,,,,
0.0007406578589388281,13430,,,,,,,,,,,,,,,,,
0.0007406578589388281,13430,,,,,,,,,,,,,,,,,
0.0007406578589388281,13430,,,,,,,,,,,,,,,,,
0.0007406578589388281,13430,,,,,,,,,,,,,,,,,
,13430,5.739700281992555e-05,0.0056595876812934875,0.09482219070196152,0.059686314314603806,395,,,,,,,,,,,,
0.0007391300913470957,13463,,,,,,,,,,,,,,,,,
,13463,0.00012018061534035951,0.00624424172565341,0.08666066825389862,0.072053924202919,395,,,,,,,,,,,,
,13463,,,,,395,0.0004116480122320354,0.009875793941318989,0.09670304507017136,0.10213489085435867,,,,,,,,
0.0007375994256935141,13496,,,,,,,,,,,,,,,,,
0.0007375994256935141,13496,,,,,,,,,,,,,,,,,
0.0007375994256935141,13496,,,,,,,,,,,,,,,,,
0.0007375994256935141,13496,,,,,,,,,,,,,,,,,
,13496,0.0005907246377319098,0.010457649827003479,0.11525972932577133,0.09073115885257721,396,,,,,,,,,,,,
,13497,,,,,396,0.0003644040261860937,0.009270705282688141,0.09670306742191315,0.09678670763969421,,,,,,,,
0.0007360658805673724,13529,,,,,,,,,,,,,,,,,
0.0007360658805673724,13529,,,,,,,,,,,,,,,,,
0.0007360658805673724,13529,,,,,,,,,,,,,,,,,
0.0007360658805673724,13529,,,,,,,,,,,,,,,,,
,13529,0.00019839094602502882,0.006930946372449398,0.0973467081785202,0.07119856029748917,397,,,,,,,,,,,,
,13531,,,,,397,0.0004326813796069473,0.009998866356909275,0.09670302271842957,0.104778952896595,,,,,,,,
0.0007345294745929297,13562,,,,,,,,,,,,,,,,,
0.0007345294745929297,13562,,,,,,,,,,,,,,,,,
0.0007345294745929297,13562,,,,,,,,,,,,,,,,,
0.0007345294745929297,13562,,,,,,,,,,,,,,,,,
,13562,0.0001208126122946851,0.006533989682793617,0.08704572916030884,0.07506386935710907,398,,,,,,,,,,,,
,13565,,,,,398,0.0004174394125584513,0.009858369827270508,0.09670304507017136,0.10268808901309967,,,,,,,,
0.0007329902264291888,13595,,,,,,,,,,,,,,,,,
0.0007329902264291888,13595,,,,,,,,,,,,,,,,,
0.0007329902264291888,13595,,,,,,,,,,,,,,,,,
0.0007329902264291888,13595,,,,,,,,,,,,,,,,,
,13595,0.00025613215984776616,0.009737024083733559,0.09657183289527893,0.10082674026489258,399,,,,,,,,,,,,
,1343,,,,,,,,,,0.00013613741612061858,0.00827640201896429,0.09195023030042648,0.09000957757234573,,,,
,1344,,,,,,,,,,0.0001307763741351664,0.00748225674033165,0.039159953594207764,0.19106903672218323,,,,
,1345,,,,,,,,,,0.0007323446916416287,0.015267305076122284,0.07243724912405014,0.21076591312885284,,,,
,1346,,,,,,,,,,0.00034281957778148353,0.009886715561151505,0.09695577621459961,0.10197138041257858,,,,
,1347,,,,,,,,,,8.84922337718308e-05,0.006465044803917408,0.08865968883037567,0.07291977107524872,,,,
,1348,,,,,,,,,,0.00023532110208179802,0.009466050192713737,0.05721943825483322,0.16543413698673248,,,,
,1349,,,,,,,,,,8.636305574327707e-05,0.0063729844987392426,0.025477152317762375,0.25014498829841614,,,,
,1350,,,,,,,,,,9.99642361421138e-05,0.0067832451313734055,0.06866084039211273,0.09879349172115326,,,,
,1351,,,,,,,,,,0.00029664969770237803,0.00940509233623743,0.11188463866710663,0.08406061679124832,,,,
,1352,,,,,,,,,,0.0001402502239216119,0.007367264479398727,0.10694815963506699,0.06888630986213684,,,,
,1353,,,,,,,,,,0.00016411018441431224,0.008907935582101345,0.08197197318077087,0.10867048799991608,,,,
,1354,,,,,,,,,,0.00011718072346411645,0.008422762155532837,0.07832591235637665,0.10753479599952698,,,,
,1355,,,,,,,,,,0.00032507855212315917,0.008559211157262325,0.07550571858882904,0.11335843056440353,,,,
,1356,,,,,,,,,,0.00037245708517730236,0.01078786700963974,0.06541398167610168,0.16491681337356567,,,,
,1357,,,,,,,,,,0.0004185917496215552,0.011454887688159943,0.1331549882888794,0.08602672070264816,,,,
,1358,,,,,,,,,,0.0003066129283979535,0.0092973867431283,0.08672043681144714,0.10721100866794586,,,,
,1359,,,,,,,,,,4.392585105961189e-05,0.005423191003501415,0.05225556343793869,0.103782057762146,,,,
,13599,,,,,399,,,,,,,,,0.00024334016779903322,0.008903879672288895,0.07918630540370941,0.12567664682865143
,13599,,,,,399,0.00037126653478480875,0.009516265243291855,0.09670308232307434,0.09968379139900208,,,,,,,,
0.0007314481547696694,13628,,,,,,,,,,,,,,,,,
0.0007314481547696694,13628,,,,,,,,,,,,,,,,,
0.0007314481547696694,13628,,,,,,,,,,,,,,,,,
0.0007314481547696694,13628,,,,,,,,,,,,,,,,,
,13628,7.752551027806476e-05,0.0063440329395234585,0.09608601778745651,0.06602451205253601,400,,,,,,,,,,,,
,13633,,,,,400,0.0004130573943257332,0.00975115317851305,0.09670303761959076,0.10185746848583221,,,,,,,,
0.0007299032783421819,13661,,,,,,,,,,,,,,,,,
0.0007299032783421819,13661,,,,,,,,,,,,,,,,,
0.0007299032783421819,13661,,,,,,,,,,,,,,,,,
0.0007299032783421819,13661,,,,,,,,,,,,,,,,,
,13661,0.0006205069366842508,0.013796288520097733,0.09968078136444092,0.13840468227863312,401,,,,,,,,,,,,
,13667,,,,,401,0.00041874212911352515,0.010129776783287525,0.09670305252075195,0.1055586189031601,,,,,,,,
0.0007283556159085995,13694,,,,,,,,,,,,,,,,,
0.0007283556159085995,13694,,,,,,,,,,,,,,,,,
0.0007283556159085995,13694,,,,,,,,,,,,,,,,,
0.0007283556159085995,13694,,,,,,,,,,,,,,,,,
,13694,0.0005489184986799955,0.012657208368182182,0.09073861688375473,0.13949085772037506,402,,,,,,,,,,,,
,13701,,,,,402,0.0004140048404224217,0.010148011147975922,0.09670303761959076,0.10555791854858398,,,,,,,,
0.0007268051862646288,13727,,,,,,,,,,,,,,,,,
0.0007268051862646288,13727,,,,,,,,,,,,,,,,,
0.0007268051862646288,13727,,,,,,,,,,,,,,,,,
0.0007268051862646288,13727,,,,,,,,,,,,,,,,,
,13727,0.0003279896918684244,0.011955179274082184,0.1171589121222496,0.10204241424798965,403,,,,,,,,,,,,
,13735,,,,,403,0.0004517158668022603,0.010888838209211826,0.09670306742191315,0.11472871899604797,,,,,,,,
0.0007252520082395858,13760,,,,,,,,,,,,,,,,,
0.0007252520082395858,13760,,,,,,,,,,,,,,,,,
0.0007252520082395858,13760,,,,,,,,,,,,,,,,,
0.0007252520082395858,13760,,,,,,,,,,,,,,,,,
,13760,0.000319740385748446,0.010786984115839005,0.1039026603102684,0.10381816327571869,404,,,,,,,,,,,,
,1360,,,,,,,,,,0.0007246110471896827,0.013970526866614819,0.09195023030042648,0.15193572640419006,,,,
,1361,,,,,,,,,,9.825917368289083e-05,0.004332243464887142,0.039159953594207764,0.11062940210103989,,,,
,1362,,,,,,,,,,0.00035900360671803355,0.011635741218924522,0.07243724912405014,0.16063198447227478,,,,
,1363,,,,,,,,,,0.001026109210215509,0.014371776953339577,0.09695577621459961,0.14823020994663239,,,,
,1364,,,,,,,,,,0.0003849698114208877,0.010561930015683174,0.08865968883037567,0.11912887543439865,,,,
,1365,,,,,,,,,,0.0005398651119321585,0.011423940770328045,0.05721943825483322,0.19965136051177979,,,,
,1366,,,,,,,,,,0.00040128652472049,0.009908005595207214,0.025477152317762375,0.38889753818511963,,,,
,1367,,,,,,,,,,0.0008725415682420135,0.013606203719973564,0.06866084039211273,0.1981653869152069,,,,
,1368,,,,,,,,,,8.039727254072204e-05,0.005036874674260616,0.11188463866710663,0.04501846060156822,,,,
,1369,,,,,,,,,,0.0005367302801460028,0.012992382049560547,0.10694815963506699,0.1214829757809639,,,,
,1370,,,,,,,,,,0.00017647954518906772,0.008228635415434837,0.08197197318077087,0.10038351267576218,,,,
,1371,,,,,,,,,,9.447265620110556e-05,0.005844774655997753,0.07832591235637665,0.07462120801210403,,,,
,1372,,,,,,,,,,0.00016975266044028103,0.008067476563155651,0.07550571858882904,0.10684588551521301,,,,
,1373,,,,,,,,,,0.00022564519895240664,0.007595081813633442,0.06541398167610168,0.11610791087150574,,,,
,1374,,,,,,,,,,0.0004261590074747801,0.01003591250628233,0.1331549882888794,0.07537015527486801,,,,
,1375,,,,,,,,,,0.000426197744673118,0.009839881211519241,0.08672043681144714,0.11346668004989624,,,,
,1376,,,,,,,,,,8.16318643046543e-05,0.005546217784285545,0.05225556343793869,0.10613638907670975,,,,
,13769,,,,,404,,,,,,,,,0.00039898764225654304,0.009710574522614479,0.07918630540370941,0.13840214908123016
,13769,,,,,404,0.0004546231939457357,0.010618938133120537,0.09670303761959076,0.11086688190698624,,,,,,,,
0.0007236961006961614,13793,,,,,,,,,,,,,,,,,
0.0007236961006961614,13793,,,,,,,,,,,,,,,,,
0.0007236961006961614,13793,,,,,,,,,,,,,,,,,
0.0007236961006961614,13793,,,,,,,,,,,,,,,,,
,13793,0.001127064460888505,0.01554219238460064,0.0739901214838028,0.21005764603614807,405,,,,,,,,,,,,
,13803,,,,,405,0.00043566658860072494,0.010289099998772144,0.09670305252075195,0.10786449164152145,,,,,,,,
0.0007221374825301975,13826,,,,,,,,,,,,,,,,,
0.0007221374825301975,13826,,,,,,,,,,,,,,,,,
0.0007221374825301975,13826,,,,,,,,,,,,,,,,,
0.0007221374825301975,13826,,,,,,,,,,,,,,,,,
,13826,8.158469427144155e-05,0.005714955739676952,0.09538932889699936,0.05991189181804657,406,,,,,,,,,,,,
,13837,,,,,406,0.00040658842772245407,0.009897845797240734,0.09670305252075195,0.10398814082145691,,,,,,,,
0.0007205761726704542,13859,,,,,,,,,,,,,,,,,
0.0007205761726704542,13859,,,,,,,,,,,,,,,,,
0.0007205761726704542,13859,,,,,,,,,,,,,,,,,
0.0007205761726704542,13859,,,,,,,,,,,,,,,,,
,13859,0.00024072299129329622,0.009538023732602596,0.12194141000509262,0.07821808010339737,407,,,,,,,,,,,,
,13871,,,,,407,0.00036232927232049406,0.009391998872160912,0.09670303761959076,0.0984719842672348,,,,,,,,
0.0007190121900783817,13892,,,,,,,,,,,,,,,,,
0.0007190121900783817,13892,,,,,,,,,,,,,,,,,
0.0007190121900783817,13892,,,,,,,,,,,,,,,,,
0.0007190121900783817,13892,,,,,,,,,,,,,,,,,
,13892,0.00011621813609963283,0.007133651524782181,0.10722210258245468,0.06653153151273727,408,,,,,,,,,,,,
,13905,,,,,408,0.0004006620147265494,0.009497663006186485,0.09670306742191315,0.0984300747513771,,,,,,,,
0.000717445553747889,13925,,,,,,,,,,,,,,,,,
0.000717445553747889,13925,,,,,,,,,,,,,,,,,
0.000717445553747889,13925,,,,,,,,,,,,,,,,,
0.000717445553747889,13925,,,,,,,,,,,,,,,,,
,13925,0.00011759195331251249,0.0073222750797867775,0.07503172010183334,0.09758904576301575,409,,,,,,,,,,,,
,1377,,,,,,,,,,0.0004225695156492293,0.012095781974494457,0.09195023030042648,0.13154703378677368,,,,
,1378,,,,,,,,,,0.00010942536755464971,0.006446813698858023,0.039159953594207764,0.16462767124176025,,,,
,1379,,,,,,,,,,4.6377943363040686e-05,0.005503063090145588,0.07243724912405014,0.07597006112337112,,,,
,1380,,,,,,,,,,0.0001459569757571444,0.006795915775001049,0.09695577621459961,0.07009293884038925,,,,
,1381,,,,,,,,,,0.00015638147306162864,0.007312973029911518,0.08865968883037567,0.08248361945152283,,,,
,1382,,,,,,,,,,0.00025685917353257537,0.009023131802678108,0.05721943825483322,0.15769344568252563,,,,
,1383,,,,,,,,,,2.2027445083949715e-05,0.0036899324040859938,0.025477152317762375,0.14483293890953064,,,,
,1384,,,,,,,,,,0.0003001163713634014,0.009733792394399643,0.06866084039211273,0.1417662650346756,,,,
,1385,,,,,,,,,,0.00035786250373348594,0.0122532919049263,0.11188463866710663,0.1095171868801117,,,,
,1386,,,,,,,,,,0.00036637193989008665,0.009709035977721214,0.10694815963506699,0.09078262746334076,,,,
,1387,,,,,,,,,,0.00020347838290035725,0.009807780385017395,0.08197197318077087,0.11964795738458633,,,,
,1388,,,,,,,,,,0.0002891424228437245,0.00953423511236906,0.07832591235637665,0.1217251569032669,,,,
,1389,,,,,,,,,,0.0001232708600582555,0.006416279822587967,0.07550571858882904,0.08497738838195801,,,,
,1390,,,,,,,,,,0.0001389604585710913,0.0069772726856172085,0.06541398167610168,0.1066633090376854,,,,
,1391,,,,,,,,,,0.0005189559306018054,0.012442251667380333,0.1331549882888794,0.09344186633825302,,,,
,1392,,,,,,,,,,0.00010636384831741452,0.006223662756383419,0.08672043681144714,0.07176695764064789,,,,
,1393,,,,,,,,,,0.0004033984150737524,0.00925174355506897,0.05225556343793869,0.1770479828119278,,,,
,13939,,,,,409,,,,,,,,,0.00022823149629402906,0.008399459533393383,0.07918630540370941,0.1124885156750679
,13939,,,,,409,0.00035478235804475844,0.009335494600236416,0.09670302271842957,0.09669794142246246,,,,,,,,
0.0007158762827051137,13958,,,,,,,,,,,,,,,,,
0.0007158762827051137,13958,,,,,,,,,,,,,,,,,
0.0007158762827051137,13958,,,,,,,,,,,,,,,,,
0.0007158762827051137,13958,,,,,,,,,,,,,,,,,
,13958,0.0001510396832600236,0.006494253408163786,0.10284790396690369,0.06314423680305481,410,,,,,,,,,,,,
,13973,,,,,410,0.00033724814420565963,0.009156648069620132,0.09670305997133255,0.09542588889598846,,,,,,,,
0.0007143043960081912,13991,,,,,,,,,,,,,,,,,
0.0007143043960081912,13991,,,,,,,,,,,,,,,,,
0.0007143043960081912,13991,,,,,,,,,,,,,,,,,
0.0007143043960081912,13991,,,,,,,,,,,,,,,,,
,13991,0.0005697800079360604,0.013705550692975521,0.08636560291051865,0.15869221091270447,411,,,,,,,,,,,,
,14007,,,,,411,0.00037266226718202233,0.009422418661415577,0.09670303761959076,0.09792254120111465,,,,,,,,
0.0007127299127470223,14024,,,,,,,,,,,,,,,,,
0.0007127299127470223,14024,,,,,,,,,,,,,,,,,
0.0007127299127470223,14024,,,,,,,,,,,,,,,,,
0.0007127299127470223,14024,,,,,,,,,,,,,,,,,
,14024,0.0003486023051664233,0.009713388979434967,0.11086895316839218,0.08761143684387207,412,,,,,,,,,,,,
,14041,,,,,412,0.0003865255566779524,0.00955748651176691,0.09670304507017136,0.09985871613025665,,,,,,,,
0.0007111528520430429,14057,,,,,,,,,,,,,,,,,
0.0007111528520430429,14057,,,,,,,,,,,,,,,,,
0.0007111528520430429,14057,,,,,,,,,,,,,,,,,
0.0007111528520430429,14057,,,,,,,,,,,,,,,,,
,14057,0.0003165686212014407,0.010656565427780151,0.11629929393529892,0.09163051843643188,413,,,,,,,,,,,,
,14075,,,,,413,0.00037833297392353415,0.009621376171708107,0.09670306742191315,0.10090544819831848,,,,,,,,
0.0007095732330489901,14090,,,,,,,,,,,,,,,,,
0.0007095732330489901,14090,,,,,,,,,,,,,,,,,
0.0007095732330489901,14090,,,,,,,,,,,,,,,,,
0.0007095732330489901,14090,,,,,,,,,,,,,,,,,
,14090,0.0001412252167938277,0.0069181667640805244,0.07867314666509628,0.08793554455041885,414,,,,,,,,,,,,
,1394,,,,,,,,,,0.0005007043364457786,0.012427592650055885,0.09195023030042648,0.13515563309192657,,,,
,1395,,,,,,,,,,0.00010680130799300969,0.005781059619039297,0.039159953594207764,0.14762678742408752,,,,
,1396,,,,,,,,,,0.0006279774243012071,0.009719548746943474,0.07243724912405014,0.13417886197566986,,,,
,1397,,,,,,,,,,0.0003636352194007486,0.00661466084420681,0.09695577621459961,0.06822347640991211,,,,
,1398,,,,,,,,,,0.00022320261632557958,0.007092069834470749,0.08865968883037567,0.07999203354120255,,,,
,1399,,,,,,,,,,0.00014004732656758279,0.007332637906074524,0.05721943825483322,0.12814940512180328,,,,
,1400,,,,,,,,,,0.00039556200499646366,0.005731572862714529,0.025477152317762375,0.2249690443277359,,,,
,1401,,,,,,,,,,4.2121602746192366e-05,0.003988859709352255,0.06866084039211273,0.058095112442970276,,,,
,1402,,,,,,,,,,0.0002777298213914037,0.008419176563620567,0.11188463866710663,0.07524871826171875,,,,
,1403,,,,,,,,,,0.0004124324768781662,0.009660996496677399,0.10694815963506699,0.09033344686031342,,,,
,1404,,,,,,,,,,3.4513774153310806e-05,0.004048856906592846,0.08197197318077087,0.049393180757761,,,,
,1405,,,,,,,,,,0.0003651152364909649,0.010101071558892727,0.07832591235637665,0.12896205484867096,,,,
,1406,,,,,,,,,,0.00016882235649973154,0.006914746947586536,0.07550571858882904,0.09157910197973251,,,,
,1407,,,,,,,,,,0.00035445799585431814,0.009646279737353325,0.06541398167610168,0.1474650800228119,,,,
,1408,,,,,,,,,,0.0002203514304710552,0.008446951396763325,0.1331549882888794,0.06343698501586914,,,,
,1409,,,,,,,,,,0.00012001818686258048,0.006170337088406086,0.08672043681144714,0.07115204632282257,,,,
,1410,,,,,,,,,,0.00013576625497080386,0.008068293333053589,0.05225556343793869,0.15440063178539276,,,,
,14109,,,,,414,,,,,,,,,0.00026796222664415836,0.007644277531653643,0.07918630540370941,0.10734310746192932
,14109,,,,,414,0.00037549997796304524,0.009279666468501091,0.09670303761959076,0.09677176922559738,,,,,,,,
0.0007079910749486708,14123,,,,,,,,,,,,,,,,,
0.0007079910749486708,14123,,,,,,,,,,,,,,,,,
0.0007079910749486708,14123,,,,,,,,,,,,,,,,,
0.0007079910749486708,14123,,,,,,,,,,,,,,,,,
,14123,0.00024591723922640085,0.008423925377428532,0.08082018047571182,0.10423045605421066,415,,,,,,,,,,,,
,14143,,,,,415,0.00040986400563269854,0.009596362709999084,0.09670304507017136,0.10076499730348587,,,,,,,,
0.000706406396956728,14156,,,,,,,,,,,,,,,,,
0.000706406396956728,14156,,,,,,,,,,,,,,,,,
0.000706406396956728,14156,,,,,,,,,,,,,,,,,
0.000706406396956728,14156,,,,,,,,,,,,,,,,,
,14156,0.0003956424188800156,0.00991419330239296,0.09724617004394531,0.10194943845272064,416,,,,,,,,,,,,
,14177,,,,,416,0.0003329779428895563,0.009650984779000282,0.09670304507017136,0.10146594792604446,,,,,,,,
0.0007048192183184075,14189,,,,,,,,,,,,,,,,,
0.0007048192183184075,14189,,,,,,,,,,,,,,,,,
0.0007048192183184075,14189,,,,,,,,,,,,,,,,,
0.0007048192183184075,14189,,,,,,,,,,,,,,,,,
,14189,9.033842798089609e-05,0.0065242997370660305,0.09311015903949738,0.07007075101137161,417,,,,,,,,,,,,
,14211,,,,,417,0.00039328704588115215,0.009683242067694664,0.09670303761959076,0.10162188857793808,,,,,,,,
0.0007032295583093252,14222,,,,,,,,,,,,,,,,,
0.0007032295583093252,14222,,,,,,,,,,,,,,,,,
0.0007032295583093252,14222,,,,,,,,,,,,,,,,,
0.0007032295583093252,14222,,,,,,,,,,,,,,,,,
,14222,0.00034046988002955914,0.009111957624554634,0.10419689863920212,0.08744940161705017,418,,,,,,,,,,,,
,14245,,,,,418,0.00038074556505307555,0.009394866414368153,0.09670307487249374,0.09878522157669067,,,,,,,,
0.0007016374362352311,14255,,,,,,,,,,,,,,,,,
0.0007016374362352311,14255,,,,,,,,,,,,,,,,,
0.0007016374362352311,14255,,,,,,,,,,,,,,,,,
0.0007016374362352311,14255,,,,,,,,,,,,,,,,,
,14255,0.00022103276569396257,0.009969238191843033,0.10555417835712433,0.09444663673639297,419,,,,,,,,,,,,
,1411,,,,,,,,,,0.00012192076246719807,0.007223028223961592,0.09195023030042648,0.07855366170406342,,,,
,1412,,,,,,,,,,0.0001701332366792485,0.00726423179730773,0.039159953594207764,0.18550150096416473,,,,
,1413,,,,,,,,,,0.0003391271166037768,0.009196456521749496,0.07243724912405014,0.12695755064487457,,,,
,1414,,,,,,,,,,4.723261736216955e-05,0.005309887230396271,0.09695577621459961,0.05476607009768486,,,,
,1415,,,,,,,,,,0.0003692943137139082,0.012670688331127167,0.08865968883037567,0.14291372895240784,,,,
,1416,,,,,,,,,,0.0001665474264882505,0.00791203510016203,0.05721943825483322,0.13827528059482574,,,,
,1417,,,,,,,,,,0.0009497962892055511,0.010740533471107483,0.025477152317762375,0.4215749502182007,,,,
,1418,,,,,,,,,,0.0008689641836099327,0.011744752526283264,0.06866084039211273,0.17105457186698914,,,,
,1419,,,,,,,,,,0.0005713282153010368,0.01504441723227501,0.11188463866710663,0.13446363806724548,,,,
,1420,,,,,,,,,,0.0005065364530310035,0.011028483510017395,0.10694815963506699,0.10311988741159439,,,,
,1421,,,,,,,,,,0.00041832722490653396,0.012370768003165722,0.08197197318077087,0.15091459453105927,,,,
,1422,,,,,,,,,,0.0003419482382014394,0.010099261999130249,0.07832591235637665,0.1289389431476593,,,,
,1423,,,,,,,,,,0.00033951265504583716,0.010537325404584408,0.07550571858882904,0.1395566314458847,,,,
,1424,,,,,,,,,,0.0004701399593614042,0.010383512824773788,0.06541398167610168,0.15873534977436066,,,,
,1425,,,,,,,,,,0.00017297640442848206,0.009213472716510296,0.1331549882888794,0.06919359415769577,,,,
,1426,,,,,,,,,,0.00020217985729686916,0.008259519003331661,0.08672043681144714,0.09524303674697876,,,,
,1427,,,,,,,,,,0.0002172327076550573,0.00841536931693554,0.05225556343793869,0.16104252636432648,,,,
,14279,,,,,419,,,,,,,,,0.00037361099384725094,0.009891277179121971,0.07918630540370941,0.14425966143608093
,14279,,,,,419,0.00032900107908062637,0.009221593849360943,0.09670304507017136,0.09643477201461792,,,,,,,,
0.0007000428714317767,14288,,,,,,,,,,,,,,,,,
0.0007000428714317767,14288,,,,,,,,,,,,,,,,,
0.0007000428714317767,14288,,,,,,,,,,,,,,,,,
0.0007000428714317767,14288,,,,,,,,,,,,,,,,,
,14288,0.0003974799474235624,0.01078145019710064,0.10427145659923553,0.103397898375988,420,,,,,,,,,,,,
,14313,,,,,420,0.0003925154742319137,0.00945163331925869,0.09670305252075195,0.09839215874671936,,,,,,,,
0.0006984458832642795,14321,,,,,,,,,,,,,,,,,
0.0006984458832642795,14321,,,,,,,,,,,,,,,,,
0.0006984458832642795,14321,,,,,,,,,,,,,,,,,
0.0006984458832642795,14321,,,,,,,,,,,,,,,,,
,14321,0.0005482853157445788,0.013191938400268555,0.1231452226638794,0.10712504386901855,421,,,,,,,,,,,,
,14347,,,,,421,0.0003873951791319996,0.009409312158823013,0.09670304507017136,0.09890443086624146,,,,,,,,
0.000696846491127487,14354,,,,,,,,,,,,,,,,,
0.000696846491127487,14354,,,,,,,,,,,,,,,,,
0.000696846491127487,14354,,,,,,,,,,,,,,,,,
0.000696846491127487,14354,,,,,,,,,,,,,,,,,
,14354,0.0011602039448916912,0.014811759814620018,0.0837555080652237,0.17684517800807953,422,,,,,,,,,,,,
,14381,,,,,422,0.0004225458251312375,0.00938910897821188,0.09670303761959076,0.09796558320522308,,,,,,,,
0.0006952447144453431,14387,,,,,,,,,,,,,,,,,
0.0006952447144453431,14387,,,,,,,,,,,,,,,,,
0.0006952447144453431,14387,,,,,,,,,,,,,,,,,
0.0006952447144453431,14387,,,,,,,,,,,,,,,,,
,14387,0.0003164509544149041,0.010459430515766144,0.10528142750263214,0.09934733808040619,423,,,,,,,,,,,,
,14415,,,,,423,0.000331980554619804,0.009038969874382019,0.09670300781726837,0.09447700530290604,,,,,,,,
0.0006936405726707497,14420,,,,,,,,,,,,,,,,,
0.0006936405726707497,14420,,,,,,,,,,,,,,,,,
0.0006936405726707497,14420,,,,,,,,,,,,,,,,,
0.0006936405726707497,14420,,,,,,,,,,,,,,,,,
,14420,0.0002915585064329207,0.010086140595376492,0.10149823129177094,0.09937256574630737,424,,,,,,,,,,,,
,1428,,,,,,,,,,0.0003150298725813627,0.011214668862521648,0.09195023030042648,0.12196454405784607,,,,
,1429,,,,,,,,,,6.27580302534625e-05,0.0045938752591609955,0.039159953594207764,0.11731050908565521,,,,
,1430,,,,,,,,,,0.00021612292039208114,0.009639829397201538,0.07243724912405014,0.13307832181453705,,,,
,1431,,,,,,,,,,0.0003558505268301815,0.0093222139403224,0.09695577621459961,0.09614912420511246,,,,
,1432,,,,,,,,,,0.0004892800352536142,0.012278726324439049,0.08865968883037567,0.13849276304244995,,,,
,1433,,,,,,,,,,2.7222875360166654e-05,0.0037422829773277044,0.05721943825483322,0.06540229171514511,,,,
,1434,,,,,,,,,,0.0005672990228049457,0.009145285934209824,0.025477152317762375,0.3589601516723633,,,,
,1435,,,,,,,,,,4.8476504161953926e-05,0.0046454076655209064,0.06866084039211273,0.06765729933977127,,,,
,1436,,,,,,,,,,0.00034601095831021667,0.009976322762668133,0.11188463866710663,0.08916614204645157,,,,
,1437,,,,,,,,,,0.0005046503501944244,0.010526208207011223,0.10694815963506699,0.09842345118522644,,,,
,1438,,,,,,,,,,0.00015459036512766033,0.006584505550563335,0.08197197318077087,0.08032629638910294,,,,
,1439,,,,,,,,,,0.00015046782209537923,0.006786832120269537,0.07832591235637665,0.0866486057639122,,,,
,1440,,,,,,,,,,0.00013209335156716406,0.006222249940037727,0.07550571858882904,0.08240765333175659,,,,
,1441,,,,,,,,,,0.0001539915829198435,0.005951758474111557,0.06541398167610168,0.09098601341247559,,,,
,1442,,,,,,,,,,0.0002798521309159696,0.00869253370910883,0.1331549882888794,0.06528131663799286,,,,
,1443,,,,,,,,,,0.0005045926081947982,0.010710606351494789,0.08672043681144714,0.12350727617740631,,,,
,1444,,,,,,,,,,0.0004222013521939516,0.012170111760497093,0.05225556343793869,0.23289595544338226,,,,
,14449,,,,,424,,,,,,,,,0.00027390243485569954,0.008249596692621708,0.07918630540370941,0.11710361391305923
,14449,,,,,424,0.00039880344411358237,0.0095016835257411,0.09670303761959076,0.09960000962018967,,,,,,,,
0.0006920340852853327,14453,,,,,,,,,,,,,,,,,
0.0006920340852853327,14453,,,,,,,,,,,,,,,,,
0.0006920340852853327,14453,,,,,,,,,,,,,,,,,
0.0006920340852853327,14453,,,,,,,,,,,,,,,,,
,14453,0.00025198873481713235,0.008868548087775707,0.10522764176130295,0.0842796340584755,425,,,,,,,,,,,,
,14483,,,,,425,0.00040050747338682413,0.009942829608917236,0.09670305252075195,0.10399487614631653,,,,,,,,
0.0006904252717992034,14486,,,,,,,,,,,,,,,,,
0.0006904252717992034,14486,,,,,,,,,,,,,,,,,
0.0006904252717992034,14486,,,,,,,,,,,,,,,,,
0.0006904252717992034,14486,,,,,,,,,,,,,,,,,
,14486,0.000347253488143906,0.010297102853655815,0.09637834876775742,0.10684040188789368,426,,,,,,,,,,,,
,14517,,,,,426,0.00043701627873815596,0.010186102241277695,0.09670305252075195,0.10625845193862915,,,,,,,,
0.0006888141517507238,14519,,,,,,,,,,,,,,,,,
0.0006888141517507238,14519,,,,,,,,,,,,,,,,,
0.0006888141517507238,14519,,,,,,,,,,,,,,,,,
0.0006888141517507238,14519,,,,,,,,,,,,,,,,,
,14519,0.00024261639919131994,0.009904609993100166,0.09012012183666229,0.10990452021360397,427,,,,,,,,,,,,
,14551,,,,,427,0.0003953833074774593,0.009794495068490505,0.09670303016901016,0.1021055057644844,,,,,,,,
0.0006872007447062677,14552,,,,,,,,,,,,,,,,,
0.0006872007447062677,14552,,,,,,,,,,,,,,,,,
0.0006872007447062677,14552,,,,,,,,,,,,,,,,,
0.0006872007447062677,14552,,,,,,,,,,,,,,,,,
,14552,0.0003426525217946619,0.01130996085703373,0.12751546502113342,0.08869481086730957,428,,,,,,,,,,,,
0.0006855850702599832,14585,,,,,,,,,,,,,,,,,
,14585,2.0712937839562073e-05,0.0030146341305226088,0.0693599060177803,0.04346363618969917,428,,,,,,,,,,,,
,14585,,,,,428,0.00034920842153951526,0.00871779303997755,0.09670305997133255,0.09112344682216644,,,,,,,,
0.0006839671480335554,14618,,,,,,,,,,,,,,,,,
0.0006839671480335554,14618,,,,,,,,,,,,,,,,,
0.0006839671480335554,14618,,,,,,,,,,,,,,,,,
0.0006839671480335554,14618,,,,,,,,,,,,,,,,,
,14618,0.0005667478544637561,0.011485273949801922,0.10271405428647995,0.11181792616844177,429,,,,,,,,,,,,
,1445,,,,,,,,,,0.0009566415101289749,0.010401778854429722,0.09195023030042648,0.11312399804592133,,,,
,1446,,,,,,,,,,0.0001865052618086338,0.007980911992490292,0.039159953594207764,0.20380283892154694,,,,
,1447,,,,,,,,,,7.588639709865674e-05,0.005614778026938438,0.07243724912405014,0.07751229405403137,,,,
,1448,,,,,,,,,,0.00023319733736570925,0.008778901770710945,0.09695577621459961,0.0905454158782959,,,,
,1449,,,,,,,,,,0.00035935253254137933,0.01034351997077465,0.08865968883037567,0.11666540801525116,,,,
,1450,,,,,,,,,,0.00011554013326531276,0.006302393041551113,0.05721943825483322,0.1101442500948906,,,,
,1451,,,,,,,,,,5.078696631244384e-05,0.004001769702881575,0.025477152317762375,0.15707281231880188,,,,
,1452,,,,,,,,,,5.1634342526085675e-05,0.005055557005107403,0.06866084039211273,0.07363085448741913,,,,
,1453,,,,,,,,,,0.0004905297537334263,0.010624824091792107,0.11188463866710663,0.09496230632066727,,,,
,1454,,,,,,,,,,0.0002824925468303263,0.010100327432155609,0.10694815963506699,0.09444133192300797,,,,
,1455,,,,,,,,,,0.00043840540456585586,0.008407511748373508,0.08197197318077087,0.10256567597389221,,,,
,1456,,,,,,,,,,0.0003395392559468746,0.007955320179462433,0.07832591235637665,0.10156688839197159,,,,
,1457,,,,,,,,,,0.0003047002828679979,0.009190952405333519,0.07550571858882904,0.12172523140907288,,,,
,1458,,,,,,,,,,0.000782335177063942,0.011145789176225662,0.06541398167610168,0.17038846015930176,,,,
,1459,,,,,,,,,,0.00018873316003009677,0.0084025664255023,0.1331549882888794,0.06310365349054337,,,,
,1460,,,,,,,,,,0.00017743604257702827,0.008214923553168774,0.08672043681144714,0.09472879767417908,,,,
,1461,,,,,,,,,,0.00010161078535020351,0.006167070474475622,0.05225556343793869,0.11801746487617493,,,,
,14619,,,,,429,,,,,,,,,0.00030815278296358883,0.008218508213758469,0.07918630540370941,0.11181750893592834
,14619,,,,,429,0.0003775186778511852,0.009249132126569748,0.09670303016901016,0.09633558243513107,,,,,,,,
0.0006823469976759674,14651,,,,,,,,,,,,,,,,,
0.0006823469976759674,14651,,,,,,,,,,,,,,,,,
0.0006823469976759674,14651,,,,,,,,,,,,,,,,,
0.0006823469976759674,14651,,,,,,,,,,,,,,,,,
,14651,0.0005510975606739521,0.012188006192445755,0.12143096327781677,0.10036983340978622,430,,,,,,,,,,,,
,14653,,,,,430,0.00033885252196341753,0.009588326327502728,0.09670304507017136,0.10050231218338013,,,,,,,,
0.0006807246388632619,14684,,,,,,,,,,,,,,,,,
0.0006807246388632619,14684,,,,,,,,,,,,,,,,,
0.0006807246388632619,14684,,,,,,,,,,,,,,,,,
0.0006807246388632619,14684,,,,,,,,,,,,,,,,,
,14684,0.00033366441493853927,0.008482594974339008,0.11243262141942978,0.07544602453708649,431,,,,,,,,,,,,
,14687,,,,,431,0.00038634557859040797,0.01017198245972395,0.09670306742191315,0.10658643394708633,,,,,,,,
0.0006791000912983033,14717,,,,,,,,,,,,,,,,,
0.0006791000912983033,14717,,,,,,,,,,,,,,,,,
0.0006791000912983033,14717,,,,,,,,,,,,,,,,,
0.0006791000912983033,14717,,,,,,,,,,,,,,,,,
,14717,0.0007113133906386793,0.010056635364890099,0.10472377389669418,0.0960301011800766,432,,,,,,,,,,,,
,14721,,,,,432,0.0004429495893418789,0.01016329787671566,0.09670309722423553,0.10600971430540085,,,,,,,,
0.0006774733747105362,14750,,,,,,,,,,,,,,,,,
0.0006774733747105362,14750,,,,,,,,,,,,,,,,,
0.0006774733747105362,14750,,,,,,,,,,,,,,,,,
0.0006774733747105362,14750,,,,,,,,,,,,,,,,,
,14750,0.00032370814005844295,0.007809826638549566,0.08711107075214386,0.08965365588665009,433,,,,,,,,,,,,
,14755,,,,,433,0.0003729076124727726,0.009491666220128536,0.09670304507017136,0.09913673996925354,,,,,,,,
0.0006758445088557485,14783,,,,,,,,,,,,,,,,,
0.0006758445088557485,14783,,,,,,,,,,,,,,,,,
0.0006758445088557485,14783,,,,,,,,,,,,,,,,,
0.0006758445088557485,14783,,,,,,,,,,,,,,,,,
,14783,9.414945088792592e-05,0.005975952371954918,0.08346691727638245,0.0715966522693634,434,,,,,,,,,,,,
,1462,,,,,,,,,,0.0001691406941972673,0.008271905593574047,0.09195023030042648,0.08996067196130753,,,,
,1463,,,,,,,,,,7.67532255849801e-05,0.0047263288870453835,0.039159953594207764,0.12069287896156311,,,,
,1464,,,,,,,,,,0.0002291921991854906,0.008691703900694847,0.07243724912405014,0.11998941004276276,,,,
,1465,,,,,,,,,,0.00043354363879188895,0.010903149843215942,0.09695577621459961,0.1124548614025116,,,,
,1466,,,,,,,,,,0.00021747143182437867,0.006986269261687994,0.08865968883037567,0.07879870384931564,,,,
,1467,,,,,,,,,,0.00027124336338602006,0.0077875456772744656,0.05721943825483322,0.13609962165355682,,,,
,1468,,,,,,,,,,5.235497883404605e-05,0.0035719990264624357,0.025477152317762375,0.14020395278930664,,,,
,1469,,,,,,,,,,0.00011878570512635633,0.0061426348984241486,0.06866084039211273,0.08946342766284943,,,,
,1470,,,,,,,,,,0.00034317997051402926,0.010428685694932938,0.11188463866710663,0.09320926666259766,,,,
,1471,,,,,,,,,,0.0003351141349412501,0.010988360270857811,0.10694815963506699,0.10274472832679749,,,,
,1472,,,,,,,,,,0.0006142502534203231,0.014583628624677658,0.08197197318077087,0.17790991067886353,,,,
,1473,,,,,,,,,,0.00026944023557007313,0.008565932512283325,0.07832591235637665,0.10936267673969269,,,,
,1474,,,,,,,,,,0.00016021962801460177,0.007770936470478773,0.07550571858882904,0.10291849821805954,,,,
,1475,,,,,,,,,,0.00017563386063557118,0.007830414921045303,0.06541398167610168,0.11970550566911697,,,,
,1476,,,,,,,,,,0.00019650829199235886,0.00945148803293705,0.1331549882888794,0.07098110020160675,,,,
,1477,,,,,,,,,,4.6209221181925386e-05,0.003870605258271098,0.08672043681144714,0.044633131474256516,,,,
,1478,,,,,,,,,,0.00023461782257072628,0.008618278428912163,0.05225556343793869,0.16492553055286407,,,,
,14789,,,,,434,,,,,,,,,0.00023189999046735466,0.008174588903784752,0.07918630540370941,0.10858128219842911
,14789,,,,,434,0.0003547605301719159,0.009237007237970829,0.09670306742191315,0.09635494649410248,,,,,,,,
0.000674213513515829,14816,,,,,,,,,,,,,,,,,
0.000674213513515829,14816,,,,,,,,,,,,,,,,,
0.000674213513515829,14816,,,,,,,,,,,,,,,,,
0.000674213513515829,14816,,,,,,,,,,,,,,,,,
,14816,0.00040087051456794143,0.011311737820506096,0.09709936380386353,0.1164965033531189,435,,,,,,,,,,,,
,14823,,,,,435,0.0003409787022974342,0.009326343424618244,0.09670303761959076,0.09712927043437958,,,,,,,,
0.0006725804084985284,14849,,,,,,,,,,,,,,,,,
0.0006725804084985284,14849,,,,,,,,,,,,,,,,,
0.0006725804084985284,14849,,,,,,,,,,,,,,,,,
0.0006725804084985284,14849,,,,,,,,,,,,,,,,,
,14849,0.0002142451558029279,0.008689355105161667,0.08764684200286865,0.09914052486419678,436,,,,,,,,,,,,
,14857,,,,,436,0.0004435662995092571,0.010383534245193005,0.09670303016901016,0.10933944582939148,,,,,,,,
0.0006709452136372186,14882,,,,,,,,,,,,,,,,,
0.0006709452136372186,14882,,,,,,,,,,,,,,,,,
0.0006709452136372186,14882,,,,,,,,,,,,,,,,,
0.0006709452136372186,14882,,,,,,,,,,,,,,,,,
,14882,0.00033099716529250145,0.009536846540868282,0.10959798097610474,0.08701661974191666,437,,,,,,,,,,,,
,14891,,,,,437,0.0003699269436765462,0.009548132307827473,0.09670308232307434,0.10001558065414429,,,,,,,,
0.0006693079487906515,14915,,,,,,,,,,,,,,,,,
0.0006693079487906515,14915,,,,,,,,,,,,,,,,,
0.0006693079487906515,14915,,,,,,,,,,,,,,,,,
0.0006693079487906515,14915,,,,,,,,,,,,,,,,,
,14915,0.0004178019589744508,0.01116139441728592,0.09160692989826202,0.12184005230665207,438,,,,,,,,,,,,
,14925,,,,,438,0.0004194007779005915,0.01034702081233263,0.09670305252075195,0.1086450144648552,,,,,,,,
0.0006676686338427185,14948,,,,,,,,,,,,,,,,,
0.0006676686338427185,14948,,,,,,,,,,,,,,,,,
0.0006676686338427185,14948,,,,,,,,,,,,,,,,,
0.0006676686338427185,14948,,,,,,,,,,,,,,,,,
,14948,0.00014951110642869025,0.007671545259654522,0.08336208760738373,0.09202677756547928,439,,,,,,,,,,,,
,1479,,,,,,,,,,0.00021877288236282766,0.008012857288122177,0.09195023030042648,0.08714340627193451,,,,
,1480,,,,,,,,,,0.00029046303825452924,0.006349350791424513,0.039159953594207764,0.16213883459568024,,,,
,1481,,,,,,,,,,0.00010406035289634019,0.006676869001239538,0.07243724912405014,0.09217451512813568,,,,
,1482,,,,,,,,,,5.9527301345951855e-05,0.0049340995028615,0.09695577621459961,0.05089019984006882,,,,
,1483,,,,,,,,,,0.00012113028788007796,0.006689013913273811,0.08865968883037567,0.07544593513011932,,,,
,1484,,,,,,,,,,0.0003345816512592137,0.00867109838873148,0.05721943825483322,0.1515410989522934,,,,
,1485,,,,,,,,,,0.0001447836693841964,0.006550346501171589,0.025477152317762375,0.25710660219192505,,,,
,1486,,,,,,,,,,5.831406087963842e-05,0.004820888862013817,0.06866084039211273,0.07021306455135345,,,,
,1487,,,,,,,,,,0.0005095870583318174,0.011579136364161968,0.11188463866710663,0.10349173098802567,,,,
,1488,,,,,,,,,,0.0005449520540423691,0.011483877897262573,0.10694815963506699,0.10737797617912292,,,,
,1489,,,,,,,,,,0.00022497944883070886,0.009401786141097546,0.08197197318077087,0.11469511687755585,,,,
,1490,,,,,,,,,,0.0003695674822665751,0.009900406002998352,0.07832591235637665,0.12640011310577393,,,,
,1491,,,,,,,,,,0.00023070313909556717,0.00798515509814024,0.07550571858882904,0.10575561970472336,,,,
,1492,,,,,,,,,,0.00011312856076983735,0.005224285181611776,0.06541398167610168,0.07986494898796082,,,,
,1493,,,,,,,,,,0.0002708957181312144,0.010684630833566189,0.1331549882888794,0.08024205267429352,,,,
,1494,,,,,,,,,,0.00019274411897640675,0.008237482979893684,0.08672043681144714,0.09498893469572067,,,,
,1495,,,,,,,,,,0.0004704504390247166,0.014128166250884533,0.05225556343793869,0.27036669850349426,,,,
,14959,,,,,439,,,,,,,,,0.00024384335847571492,0.00813729502260685,0.07918630540370941,0.11482749134302139
,14959,,,,,439,0.00036216300213709474,0.009446611627936363,0.09670305997133255,0.09896092116832733,,,,,,,,
0.0006660272887022086,14981,,,,,,,,,,,,,,,,,
0.0006660272887022086,14981,,,,,,,,,,,,,,,,,
0.0006660272887022086,14981,,,,,,,,,,,,,,,,,
0.0006660272887022086,14981,,,,,,,,,,,,,,,,,
,14981,0.0015676066977903247,0.018332941457629204,0.1188168153166771,0.15429583191871643,440,,,,,,,,,,,,
,14993,,,,,440,0.00042400218080729246,0.009704064577817917,0.09670307487249374,0.10070715844631195,,,,,,,,
0.0006643839333025665,15014,,,,,,,,,,,,,,,,,
0.0006643839333025665,15014,,,,,,,,,,,,,,,,,
0.0006643839333025665,15014,,,,,,,,,,,,,,,,,
0.0006643839333025665,15014,,,,,,,,,,,,,,,,,
,15014,0.0005212754476815462,0.009926481172442436,0.0851883590221405,0.11652389913797379,441,,,,,,,,,,,,
,15027,,,,,441,0.00037974619772285223,0.00936910044401884,0.09670307487249374,0.09808392822742462,,,,,,,,
0.0006627385876016503,15047,,,,,,,,,,,,,,,,,
0.0006627385876016503,15047,,,,,,,,,,,,,,,,,
0.0006627385876016503,15047,,,,,,,,,,,,,,,,,
0.0006627385876016503,15047,,,,,,,,,,,,,,,,,
,15047,0.00026286591310054064,0.009418701753020287,0.0880650132894516,0.10695167630910873,442,,,,,,,,,,,,
,15061,,,,,442,0.00041111433529295027,0.009893946349620819,0.09670304507017136,0.10371042042970657,,,,,,,,
0.0006610912715814905,15080,,,,,,,,,,,,,,,,,
0.0006610912715814905,15080,,,,,,,,,,,,,,,,,
0.0006610912715814905,15080,,,,,,,,,,,,,,,,,
0.0006610912715814905,15080,,,,,,,,,,,,,,,,,
,15080,7.09831656422466e-05,0.005693736486136913,0.08036325871944427,0.07084998488426208,443,,,,,,,,,,,,
,15095,,,,,443,0.00037856941344216466,0.009717287495732307,0.09670303761959076,0.101399265229702,,,,,,,,
0.0006594420052480454,15113,,,,,,,,,,,,,,,,,
0.0006594420052480454,15113,,,,,,,,,,,,,,,,,
0.0006594420052480454,15113,,,,,,,,,,,,,,,,,
0.0006594420052480454,15113,,,,,,,,,,,,,,,,,
,15113,0.0001713015080895275,0.008608918637037277,0.09115009754896164,0.09444770961999893,444,,,,,,,,,,,,
,1496,,,,,,,,,,0.0006301538087427616,0.012057697400450706,0.09195023030042648,0.13113285601139069,,,,
,1497,,,,,,,,,,0.0003206917899660766,0.009309460408985615,0.039159953594207764,0.2377290427684784,,,,
,1498,,,,,,,,,,0.00011715516302501783,0.0066763414070010185,0.07243724912405014,0.09216722846031189,,,,
,1499,,,,,,,,,,0.0003461727756075561,0.009756848216056824,0.09695577621459961,0.10063192993402481,,,,
,1500,,,,,,,,,,0.0002085243904730305,0.00834706425666809,0.08865968883037567,0.0941472202539444,,,,
,1501,,,,,,,,,,0.00017721677431836724,0.007501679938286543,0.05721943825483322,0.13110367953777313,,,,
,1502,,,,,,,,,,2.953404327854514e-05,0.004517684690654278,0.025477152317762375,0.17732290923595428,,,,
,1503,,,,,,,,,,0.0004221791750751436,0.01090537291020155,0.06866084039211273,0.15882956981658936,,,,
,1504,,,,,,,,,,6.353754724841565e-05,0.005449030548334122,0.11188463866710663,0.048702217638492584,,,,
,1505,,,,,,,,,,0.00017198146088048816,0.007203494664281607,0.10694815963506699,0.06735500693321228,,,,
,1506,,,,,,,,,,0.00018106770585291088,0.007321707904338837,0.08197197318077087,0.0893196389079094,,,,
,1507,,,,,,,,,,0.00023603765293955803,0.009830189868807793,0.07832591235637665,0.12550365924835205,,,,
,1508,,,,,,,,,,0.0002485715667717159,0.007818127982318401,0.07550571858882904,0.10354350507259369,,,,
,1509,,,,,,,,,,5.874066482647322e-05,0.005204369314014912,0.06541398167610168,0.07956048846244812,,,,
,1510,,,,,,,,,,0.0005374293541535735,0.012398715130984783,0.1331549882888794,0.09311490505933762,,,,
,1511,,,,,,,,,,0.00017860134539660066,0.00783731509000063,0.08672043681144714,0.09037447720766068,,,,
,1512,,,,,,,,,,8.819877257337794e-05,0.006133561488240957,0.05225556343793869,0.11737621575593948,,,,
,15129,,,,,444,,,,,,,,,0.00024070878862403333,0.008194053545594215,0.07918630540370941,0.11389251798391342
,15129,,,,,444,0.0003696205676533282,0.009878652170300484,0.09670305997133255,0.10368010401725769,,,,,,,,
0.0006577908086309592,15146,,,,,,,,,,,,,,,,,
0.0006577908086309592,15146,,,,,,,,,,,,,,,,,
0.0006577908086309592,15146,,,,,,,,,,,,,,,,,
0.0006577908086309592,15146,,,,,,,,,,,,,,,,,
,15146,0.00010743026359705254,0.006850851234048605,0.07379432022571564,0.09283709526062012,445,,,,,,,,,,,,
,15163,,,,,445,0.0004173809429630637,0.009851021692156792,0.09670307487249374,0.10294069349765778,,,,,,,,
0.0006561377017833182,15179,,,,,,,,,,,,,,,,,
0.0006561377017833182,15179,,,,,,,,,,,,,,,,,
0.0006561377017833182,15179,,,,,,,,,,,,,,,,,
0.0006561377017833182,15179,,,,,,,,,,,,,,,,,
,15179,0.00012341959518380463,0.00678682466968894,0.07573451101779938,0.08961335569620132,446,,,,,,,,,,,,
,15197,,,,,446,0.0003314567147754133,0.008878235705196857,0.09670305997133255,0.09258522838354111,,,,,,,,
0.0006544827047814083,15212,,,,,,,,,,,,,,,,,
0.0006544827047814083,15212,,,,,,,,,,,,,,,,,
0.0006544827047814083,15212,,,,,,,,,,,,,,,,,
0.0006544827047814083,15212,,,,,,,,,,,,,,,,,
,15212,0.00012521677126642317,0.006273256149142981,0.09884876012802124,0.06346316635608673,447,,,,,,,,,,,,
,15231,,,,,447,0.0003620125644374639,0.009003081358969212,0.09670305252075195,0.09359896928071976,,,,,,,,
0.0006528258377244711,15245,,,,,,,,,,,,,,,,,
0.0006528258377244711,15245,,,,,,,,,,,,,,,,,
0.0006528258377244711,15245,,,,,,,,,,,,,,,,,
0.0006528258377244711,15245,,,,,,,,,,,,,,,,,
,15245,0.0007976284250617027,0.012218095362186432,0.10783298313617706,0.1133057251572609,448,,,,,,,,,,,,
,15265,,,,,448,0.00035284002660773695,0.00935004185885191,0.09670307487249374,0.09787657856941223,,,,,,,,
0.0006511671207344574,15278,,,,,,,,,,,,,,,,,
0.0006511671207344574,15278,,,,,,,,,,,,,,,,,
0.0006511671207344574,15278,,,,,,,,,,,,,,,,,
0.0006511671207344574,15278,,,,,,,,,,,,,,,,,
,15278,0.000316566729452461,0.01029447466135025,0.09591841697692871,0.10732530802488327,449,,,,,,,,,,,,
,1513,,,,,,,,,,0.0006036871927790344,0.01138280238956213,0.09195023030042648,0.12379306554794312,,,,
,1514,,,,,,,,,,0.0001600824180059135,0.005752380471676588,0.039159953594207764,0.1468944251537323,,,,
,1515,,,,,,,,,,4.2548374040052295e-05,0.00468162028118968,0.07243724912405014,0.06463000178337097,,,,
,1516,,,,,,,,,,0.00023783333017490804,0.008839349262416363,0.09695577621459961,0.09116886556148529,,,,
,1517,,,,,,,,,,0.00019287687609903514,0.008602986112236977,0.08865968883037567,0.0970337837934494,,,,
,1518,,,,,,,,,,5.01929571328219e-05,0.004612996708601713,0.05721943825483322,0.08061938732862473,,,,
,1519,,,,,,,,,,0.0001001803539111279,0.0064112283289432526,0.025477152317762375,0.25164610147476196,,,,
,1520,,,,,,,,,,0.00026197844999842346,0.00862538255751133,0.06866084039211273,0.12562300264835358,,,,
,1521,,,,,,,,,,0.0005371083971112967,0.012494678609073162,0.11188463866710663,0.11167464405298233,,,,
,1522,,,,,,,,,,0.0002404427359579131,0.01034938171505928,0.10694815963506699,0.09677007049322128,,,,
,1523,,,,,,,,,,0.00035057213972322643,0.010584227740764618,0.08197197318077087,0.12912006676197052,,,,
,1524,,,,,,,,,,0.00022961857030168176,0.00927530974149704,0.07832591235637665,0.11841941624879837,,,,
,1525,,,,,,,,,,0.00014518797979690135,0.007501938845962286,0.07550571858882904,0.09935589134693146,,,,
,1526,,,,,,,,,,0.00024874202790670097,0.007768601179122925,0.06541398167610168,0.11876054108142853,,,,
,1527,,,,,,,,,,0.00010596450738376006,0.0076093412935733795,0.1331549882888794,0.05714649334549904,,,,
,1528,,,,,,,,,,0.00016671662160661072,0.006790504790842533,0.08672043681144714,0.07830338925123215,,,,
,1529,,,,,,,,,,0.00016922125359997153,0.008407849818468094,0.05225556343793869,0.1608986258506775,,,,
,15299,,,,,449,,,,,,,,,0.00022777840786147863,0.00821131281554699,0.07918630540370941,0.11341869831085205
,15299,,,,,449,0.0004211719206068665,0.010135327465832233,0.09670304507017136,0.10515986382961273,,,,,,,,
0.0006495065739557861,15311,,,,,,,,,,,,,,,,,
0.0006495065739557861,15311,,,,,,,,,,,,,,,,,
0.0006495065739557861,15311,,,,,,,,,,,,,,,,,
0.0006495065739557861,15311,,,,,,,,,,,,,,,,,
,15311,0.000170417275512591,0.00840599276125431,0.09534864127635956,0.08816058188676834,450,,,,,,,,,,,,
,15333,,,,,450,0.000379410368623212,0.009640042670071125,0.09670306742191315,0.10073279589414597,,,,,,,,
0.0006478442175550979,15344,,,,,,,,,,,,,,,,,
0.0006478442175550979,15344,,,,,,,,,,,,,,,,,
0.0006478442175550979,15344,,,,,,,,,,,,,,,,,
0.0006478442175550979,15344,,,,,,,,,,,,,,,,,
,15344,0.00035369343822821975,0.008616774342954159,0.10356025397777557,0.08320540934801102,451,,,,,,,,,,,,
,15367,,,,,451,0.00039119203574955463,0.009397568181157112,0.09670307487249374,0.09793724864721298,,,,,,,,
0.0006461800717210104,15377,,,,,,,,,,,,,,,,,
0.0006461800717210104,15377,,,,,,,,,,,,,,,,,
0.0006461800717210104,15377,,,,,,,,,,,,,,,,,
0.0006461800717210104,15377,,,,,,,,,,,,,,,,,
,15377,0.0002062730782199651,0.007002654485404491,0.09950527548789978,0.07037469744682312,452,,,,,,,,,,,,
,15401,,,,,452,0.00038787437370046973,0.010435719043016434,0.09670306742191315,0.10941366106271744,,,,,,,,
0.0006445141566638728,15410,,,,,,,,,,,,,,,,,
0.0006445141566638728,15410,,,,,,,,,,,,,,,,,
0.0006445141566638728,15410,,,,,,,,,,,,,,,,,
0.0006445141566638728,15410,,,,,,,,,,,,,,,,,
,15410,0.0011580390855669975,0.011809865944087505,0.11520121991634369,0.10251510143280029,453,,,,,,,,,,,,
,15435,,,,,453,0.0003371315251570195,0.009098161943256855,0.09670304507017136,0.09563876688480377,,,,,,,,
0.0006428464926155217,15443,,,,,,,,,,,,,,,,,
0.0006428464926155217,15443,,,,,,,,,,,,,,,,,
0.0006428464926155217,15443,,,,,,,,,,,,,,,,,
0.0006428464926155217,15443,,,,,,,,,,,,,,,,,
,15443,0.0002110291679855436,0.008683274500072002,0.1150759905576706,0.07545686513185501,454,,,,,,,,,,,,
,1530,,,,,,,,,,0.0006223669042810798,0.01168037112802267,0.09195023030042648,0.12702925503253937,,,,
,1531,,,,,,,,,,0.0001274299866054207,0.007367314770817757,0.039159953594207764,0.1881338506937027,,,,
,1532,,,,,,,,,,0.0004320474690757692,0.01312301866710186,0.07243724912405014,0.1811639368534088,,,,
,1533,,,,,,,,,,0.0013345438055694103,0.013549844734370708,0.09695577621459961,0.1397528201341629,,,,
,1534,,,,,,,,,,0.0006642338121309876,0.010702135041356087,0.08865968883037567,0.12071025371551514,,,,
,1535,,,,,,,,,,9.21587779885158e-05,0.006871535908430815,0.05721943825483322,0.12009091675281525,,,,
,1536,,,,,,,,,,0.0001388886448694393,0.0049350680783391,0.025477152317762375,0.19370555877685547,,,,
,1537,,,,,,,,,,0.00018744815315585583,0.007280740421265364,0.06866084039211273,0.10603918135166168,,,,
,1538,,,,,,,,,,0.00018865986203309149,0.0088401660323143,0.11188463866710663,0.07901143282651901,,,,
,1539,,,,,,,,,,0.0005353014566935599,0.013414924964308739,0.10694815963506699,0.12543389201164246,,,,
,1540,,,,,,,,,,0.00022008863743394613,0.008517671376466751,0.08197197318077087,0.10390954464673996,,,,
,1541,,,,,,,,,,0.00023864970717113465,0.010162550024688244,0.07832591235637665,0.1297469586133957,,,,
,1542,,,,,,,,,,0.00039466656744480133,0.011284247040748596,0.07550571858882904,0.14944888651371002,,,,
,1543,,,,,,,,,,0.0003322919365018606,0.009508012793958187,0.06541398167610168,0.1453513652086258,,,,
,1544,,,,,,,,,,0.0010059626074507833,0.013296278193593025,0.1331549882888794,0.09985564649105072,,,,
,1545,,,,,,,,,,0.0003206739784218371,0.008455450646579266,0.08672043681144714,0.09750238806009293,,,,
,1546,,,,,,,,,,0.0006233588210307062,0.011922100558876991,0.05225556343793869,0.22814983129501343,,,,
,15469,,,,,454,,,,,,,,,0.00043315705261193216,0.009996993467211723,0.07918630540370941,0.13460369408130646
,15469,,,,,454,0.0003645808028522879,0.009173694998025894,0.09670303761959076,0.09586241841316223,,,,,,,,
0.000641177099829033,15476,,,,,,,,,,,,,,,,,
0.000641177099829033,15476,,,,,,,,,,,,,,,,,
0.000641177099829033,15476,,,,,,,,,,,,,,,,,
0.000641177099829033,15476,,,,,,,,,,,,,,,,,
,15476,4.707970583694987e-05,0.004828880075365305,0.08565640449523926,0.05637499690055847,455,,,,,,,,,,,,
,15503,,,,,455,0.00032687612110748887,0.008767174556851387,0.09670308232307434,0.09164796024560928,,,,,,,,
0.0006395059985784788,15509,,,,,,,,,,,,,,,,,
0.0006395059985784788,15509,,,,,,,,,,,,,,,,,
0.0006395059985784788,15509,,,,,,,,,,,,,,,,,
0.0006395059985784788,15509,,,,,,,,,,,,,,,,,
,15509,0.00044414433068595827,0.010733078233897686,0.09201397746801376,0.11664615571498871,456,,,,,,,,,,,,
,15537,,,,,456,0.00037555344169959426,0.009287199936807156,0.09670306742191315,0.0969194546341896,,,,,,,,
0.0006378332091586789,15542,,,,,,,,,,,,,,,,,
0.0006378332091586789,15542,,,,,,,,,,,,,,,,,
0.0006378332091586789,15542,,,,,,,,,,,,,,,,,
0.0006378332091586789,15542,,,,,,,,,,,,,,,,,
,15542,0.000190631952136755,0.005702742841094732,0.08595064282417297,0.06634903699159622,457,,,,,,,,,,,,
,15571,,,,,457,0.0003849132335744798,0.009605742990970612,0.09670307487249374,0.10057032108306885,,,,,,,,
0.000636158751884956,15575,,,,,,,,,,,,,,,,,
0.000636158751884956,15575,,,,,,,,,,,,,,,,,
0.000636158751884956,15575,,,,,,,,,,,,,,,,,
0.000636158751884956,15575,,,,,,,,,,,,,,,,,
,15575,0.0005122399306856096,0.011620307341217995,0.1107925996184349,0.10488341748714447,458,,,,,,,,,,,,
,15605,,,,,458,0.0003348593309056014,0.008864031173288822,0.09670303016901016,0.0930451825261116,,,,,,,,
0.0006344826470928872,15608,,,,,,,,,,,,,,,,,
0.0006344826470928872,15608,,,,,,,,,,,,,,,,,
0.0006344826470928872,15608,,,,,,,,,,,,,,,,,
0.0006344826470928872,15608,,,,,,,,,,,,,,,,,
,15608,0.000399689597543329,0.010891268029808998,0.08968454599380493,0.12143972516059875,459,,,,,,,,,,,,
,1547,,,,,,,,,,0.00020488955487962812,0.008781672455370426,0.09195023030042648,0.09550461918115616,,,,
,1548,,,,,,,,,,0.0002724803634919226,0.0064867595210671425,0.039159953594207764,0.1656477451324463,,,,
,1549,,,,,,,,,,0.0004187505692243576,0.011867314577102661,0.07243724912405014,0.16382887959480286,,,,
,1550,,,,,,,,,,0.00031958584440872073,0.010014845989644527,0.09695577621459961,0.10329291969537735,,,,
,1551,,,,,,,,,,0.000724089564755559,0.015625666826963425,0.08865968883037567,0.17624317109584808,,,,
,1552,,,,,,,,,,0.0009336653165519238,0.011172810569405556,0.05721943825483322,0.19526246190071106,,,,
,1553,,,,,,,,,,0.00015101677854545414,0.006344527006149292,0.025477152317762375,0.2490280121564865,,,,
,1554,,,,,,,,,,0.00017827784176915884,0.007393579930067062,0.06866084039211273,0.10768261551856995,,,,
,1555,,,,,,,,,,0.00019588842405937612,0.00919683650135994,0.11188463866710663,0.08219926804304123,,,,
,1556,,,,,,,,,,0.0003075340937357396,0.010512645356357098,0.10694815963506699,0.0982966348528862,,,,
,1557,,,,,,,,,,0.00033855423680506647,0.010544076561927795,0.08197197318077087,0.12863025069236755,,,,
,1558,,,,,,,,,,0.00018289270519744605,0.008154969662427902,0.07832591235637665,0.10411584377288818,,,,
,1559,,,,,,,,,,0.00031226148712448776,0.010803795419633389,0.07550571858882904,0.143085777759552,,,,
,1560,,,,,,,,,,0.0019214984495192766,0.015340231359004974,0.06541398167610168,0.23450994491577148,,,,
,1561,,,,,,,,,,0.0004285565810278058,0.014949733391404152,0.1331549882888794,0.11227316409349442,,,,
,1562,,,,,,,,,,0.0005772359436377883,0.01154981181025505,0.08672043681144714,0.13318441808223724,,,,
,1563,,,,,,,,,,0.0005890463362447917,0.014878935180604458,0.05225556343793869,0.28473395109176636,,,,
,15639,,,,,459,,,,,,,,,0.00047040608478710055,0.010677499696612358,0.07918630540370941,0.14758500456809998
,15639,,,,,459,0.0003453495737630874,0.009676123969256878,0.09670303761959076,0.10140421241521835,,,,,,,,
0.0006328049151380586,15641,,,,,,,,,,,,,,,,,
0.0006328049151380586,15641,,,,,,,,,,,,,,,,,
0.0006328049151380586,15641,,,,,,,,,,,,,,,,,
0.0006328049151380586,15641,,,,,,,,,,,,,,,,,
,15641,0.00023364124353975058,0.00825834646821022,0.08274413645267487,0.0998058095574379,460,,,,,,,,,,,,
,15673,,,,,460,0.00038788540405221283,0.009815751574933529,0.09670305252075195,0.10240408033132553,,,,,,,,
0.0006311255763958179,15674,,,,,,,,,,,,,,,,,
0.0006311255763958179,15674,,,,,,,,,,,,,,,,,
0.0006311255763958179,15674,,,,,,,,,,,,,,,,,
0.0006311255763958179,15674,,,,,,,,,,,,,,,,,
,15674,0.0006977752200327814,0.014634944498538971,0.07880368083715439,0.18571394681930542,461,,,,,,,,,,,,
0.0006294446512610256,15707,,,,,,,,,,,,,,,,,
,15707,8.148913184413686e-05,0.0066403597593307495,0.14924855530261993,0.044491950422525406,461,,,,,,,,,,,,
,15707,,,,,461,0.00038822059286758304,0.010017676278948784,0.09670305997133255,0.10476644337177277,,,,,,,,
0.0006277621601478091,15740,,,,,,,,,,,,,,,,,
0.0006277621601478091,15740,,,,,,,,,,,,,,,,,
0.0006277621601478091,15740,,,,,,,,,,,,,,,,,
0.0006277621601478091,15740,,,,,,,,,,,,,,,,,
,15740,0.0002426180144539103,0.008940348401665688,0.0944119393825531,0.0946950912475586,462,,,,,,,,,,,,
,15741,,,,,462,0.0003810366033576429,0.009925706312060356,0.09670308232307434,0.10323590785264969,,,,,,,,
0.0006260781234893129,15773,,,,,,,,,,,,,,,,,
0.0006260781234893129,15773,,,,,,,,,,,,,,,,,
0.0006260781234893129,15773,,,,,,,,,,,,,,,,,
0.0006260781234893129,15773,,,,,,,,,,,,,,,,,
,15773,0.0003555375151336193,0.010080987587571144,0.09762907028198242,0.10325804352760315,463,,,,,,,,,,,,
,15775,,,,,463,0.00035683452733792365,0.009468724019825459,0.09670304507017136,0.09915659576654434,,,,,,,,
0.0006243925617374532,15806,,,,,,,,,,,,,,,,,
0.0006243925617374532,15806,,,,,,,,,,,,,,,,,
0.0006243925617374532,15806,,,,,,,,,,,,,,,,,
0.0006243925617374532,15806,,,,,,,,,,,,,,,,,
,15806,0.00015726806304883212,0.007943850941956043,0.10279065370559692,0.07728183269500732,464,,,,,,,,,,,,
,1564,,,,,,,,,,0.00029721204191446304,0.009101281873881817,0.09195023030042648,0.09898050874471664,,,,
,1565,,,,,,,,,,0.00010450274567119777,0.0057006157003343105,0.039159953594207764,0.14557254314422607,,,,
,1566,,,,,,,,,,5.2550250984495506e-05,0.00452441768720746,0.07243724912405014,0.06245981156826019,,,,
,1567,,,,,,,,,,0.00016690637858118862,0.009326274506747723,0.09695577621459961,0.09619100391864777,,,,
,1568,,,,,,,,,,8.062915003392845e-05,0.005950465798377991,0.08865968883037567,0.06711579114198685,,,,
,1569,,,,,,,,,,0.00031358838896267116,0.00930432416498661,0.05721943825483322,0.16260772943496704,,,,
,1570,,,,,,,,,,4.884893860435113e-05,0.003994628321379423,0.025477152317762375,0.1567925065755844,,,,
,1571,,,,,,,,,,5.622076423605904e-05,0.004256000742316246,0.06866084039211273,0.061985842883586884,,,,
,1572,,,,,,,,,,9.643696103012189e-05,0.005753412842750549,0.11188463866710663,0.05142271891236305,,,,
,1573,,,,,,,,,,0.0002421269891783595,0.009331490844488144,0.10694815963506699,0.08725246042013168,,,,
,1574,,,,,,,,,,0.00010642947017913684,0.006485798861831427,0.08197197318077087,0.0791221410036087,,,,
,1575,,,,,,,,,,0.0001718092680675909,0.007523649837821722,0.07832591235637665,0.09605567902326584,,,,
,1576,,,,,,,,,,0.00040957616874948144,0.007836505770683289,0.07550571858882904,0.103786900639534,,,,
,1577,,,,,,,,,,0.0001447818212909624,0.005116590764373541,0.06541398167610168,0.07821860164403915,,,,
,1578,,,,,,,,,,0.00028245782596059144,0.009346455335617065,0.1331549882888794,0.07019229978322983,,,,
,1579,,,,,,,,,,0.00013129896251484752,0.007046067155897617,0.08672043681144714,0.08125035464763641,,,,
,1580,,,,,,,,,,0.00011269882088527083,0.006613282021135092,0.05225556343793869,0.12655648589134216,,,,
,15809,,,,,464,,,,,,,,,0.00016737730766180903,0.006903310772031546,0.07918630540370941,0.0946839451789856
,15809,,,,,464,0.00038623687578365207,0.009254361502826214,0.09670306742191315,0.0970340222120285,,,,,,,,
0.0006227054953626663,15839,,,,,,,,,,,,,,,,,
0.0006227054953626663,15839,,,,,,,,,,,,,,,,,
0.0006227054953626663,15839,,,,,,,,,,,,,,,,,
0.0006227054953626663,15839,,,,,,,,,,,,,,,,,
,15839,0.0019290995551273227,0.016139410436153412,0.10165481269359589,0.15876679122447968,465,,,,,,,,,,,,
,15843,,,,,465,0.0004021461063530296,0.00988037046045065,0.09670303761959076,0.10352291166782379,,,,,,,,
0.0006210169448536625,15872,,,,,,,,,,,,,,,,,
0.0006210169448536625,15872,,,,,,,,,,,,,,,,,
0.0006210169448536625,15872,,,,,,,,,,,,,,,,,
0.0006210169448536625,15872,,,,,,,,,,,,,,,,,
,15872,0.0003554592258296907,0.010572354309260845,0.10276671499013901,0.10287721455097198,466,,,,,,,,,,,,
,15877,,,,,466,0.00041654042433947325,0.01035799365490675,0.09670305252075195,0.1083403155207634,,,,,,,,
0.0006193269307171751,15905,,,,,,,,,,,,,,,,,
0.0006193269307171751,15905,,,,,,,,,,,,,,,,,
0.0006193269307171751,15905,,,,,,,,,,,,,,,,,
0.0006193269307171751,15905,,,,,,,,,,,,,,,,,
,15905,0.0007329603540711105,0.015099182724952698,0.09864658117294312,0.15306340157985687,467,,,,,,,,,,,,
,15911,,,,,467,0.00036893400829285383,0.010106513276696205,0.09670305997133255,0.10560359060764313,,,,,,,,
0.0006176354734777134,15938,,,,,,,,,,,,,,,,,
0.0006176354734777134,15938,,,,,,,,,,,,,,,,,
0.0006176354734777134,15938,,,,,,,,,,,,,,,,,
0.0006176354734777134,15938,,,,,,,,,,,,,,,,,
,15938,0.0003511545364744961,0.009973321110010147,0.10778607428073883,0.09252883493900299,468,,,,,,,,,,,,
,15945,,,,,468,0.00034518385655246675,0.009047175757586956,0.09670304507017136,0.0950394943356514,,,,,,,,
0.000615942593677312,15971,,,,,,,,,,,,,,,,,
0.000615942593677312,15971,,,,,,,,,,,,,,,,,
0.000615942593677312,15971,,,,,,,,,,,,,,,,,
0.000615942593677312,15971,,,,,,,,,,,,,,,,,
,15971,0.0007424849318340421,0.012941781431436539,0.10072877258062363,0.12848146259784698,469,,,,,,,,,,,,
,1581,,,,,,,,,,7.710953650530428e-05,0.005846223793923855,0.09195023030042648,0.06358029693365097,,,,
,1582,,,,,,,,,,5.8085424825549126e-05,0.005374876782298088,0.039159953594207764,0.13725438714027405,,,,
,1583,,,,,,,,,,0.00045126242912374437,0.009759236127138138,0.07243724912405014,0.13472674787044525,,,,
,1584,,,,,,,,,,8.331406570505351e-05,0.005681130103766918,0.09695577621459961,0.05859506130218506,,,,
,1585,,,,,,,,,,0.0004626481677405536,0.012584193609654903,0.08865968883037567,0.14193814992904663,,,,
,1586,,,,,,,,,,0.00014991738134995103,0.006574384868144989,0.05721943825483322,0.11489773541688919,,,,
,1587,,,,,,,,,,0.0001398119784425944,0.005659201182425022,0.025477152317762375,0.22212839126586914,,,,
,1588,,,,,,,,,,0.00018487402121536434,0.006723144557327032,0.06866084039211273,0.09791816771030426,,,,
,1589,,,,,,,,,,0.00014690530952066183,0.007041748613119125,0.11188463866710663,0.06293757259845734,,,,
,1590,,,,,,,,,,0.00016998490900732577,0.007468707859516144,0.10694815963506699,0.06983483582735062,,,,
,1591,,,,,,,,,,0.0001983937545446679,0.008816175162792206,0.08197197318077087,0.10755107551813126,,,,
,1592,,,,,,,,,,0.00017956210649572313,0.008299246430397034,0.07832591235637665,0.10595785081386566,,,,
,1593,,,,,,,,,,0.00010703859152272344,0.006085746921598911,0.07550571858882904,0.08059980720281601,,,,
,1594,,,,,,,,,,0.00025534111773595214,0.008649710565805435,0.06541398167610168,0.13223028182983398,,,,
,1595,,,,,,,,,,0.0010576979257166386,0.016792502254247665,0.1331549882888794,0.1261124461889267,,,,
,1596,,,,,,,,,,0.00025481695774942636,0.009172843769192696,0.08672043681144714,0.10577486455440521,,,,
,1597,,,,,,,,,,0.00023867475101724267,0.010080037638545036,0.05225556343793869,0.19289880990982056,,,,
,15979,,,,,469,,,,,,,,,0.0002482485433574766,0.008216308429837227,0.07918630540370941,0.11263558268547058
,15979,,,,,469,0.00038640102138742805,0.009732384234666824,0.09670304507017136,0.1028185784816742,,,,,,,,
0.0006142483118752832,16004,,,,,,,,,,,,,,,,,
0.0006142483118752832,16004,,,,,,,,,,,,,,,,,
0.0006142483118752832,16004,,,,,,,,,,,,,,,,,
0.0006142483118752832,16004,,,,,,,,,,,,,,,,,
,16004,8.300196350319311e-05,0.006067581474781036,0.10687195509672165,0.05677430331707001,470,,,,,,,,,,,,
,16013,,,,,470,0.0003516914148349315,0.009160488843917847,0.09670307487249374,0.09593784809112549,,,,,,,,
0.000612552648647965,16037,,,,,,,,,,,,,,,,,
0.000612552648647965,16037,,,,,,,,,,,,,,,,,
0.000612552648647965,16037,,,,,,,,,,,,,,,,,
0.000612552648647965,16037,,,,,,,,,,,,,,,,,
,16037,0.000273090205155313,0.008855553343892097,0.1133529394865036,0.07812371104955673,471,,,,,,,,,,,,
,16047,,,,,471,0.0003844181774184108,0.009539845399558544,0.09670304507017136,0.09978453814983368,,,,,,,,
0.0006108556245884722,16070,,,,,,,,,,,,,,,,,
0.0006108556245884722,16070,,,,,,,,,,,,,,,,,
0.0006108556245884722,16070,,,,,,,,,,,,,,,,,
0.0006108556245884722,16070,,,,,,,,,,,,,,,,,
,16070,0.002000998705625534,0.019055824726819992,0.11639240384101868,0.16372050344944,472,,,,,,,,,,,,
,16081,,,,,472,0.00039647117955610156,0.009564993903040886,0.09670303016901016,0.10029906779527664,,,,,,,,
0.0006091572603064464,16103,,,,,,,,,,,,,,,,,
0.0006091572603064464,16103,,,,,,,,,,,,,,,,,
0.0006091572603064464,16103,,,,,,,,,,,,,,,,,
0.0006091572603064464,16103,,,,,,,,,,,,,,,,,
,16103,0.00035647276672534645,0.01104949600994587,0.10703174769878387,0.10323567688465118,473,,,,,,,,,,,,
,16115,,,,,473,0.0004234437074046582,0.010469791479408741,0.09670305997133255,0.10884089022874832,,,,,,,,
0.0006074575764278061,16136,,,,,,,,,,,,,,,,,
0.0006074575764278061,16136,,,,,,,,,,,,,,,,,
0.0006074575764278061,16136,,,,,,,,,,,,,,,,,
0.0006074575764278061,16136,,,,,,,,,,,,,,,,,
,16136,3.8070673326728866e-05,0.004519537556916475,0.09472167491912842,0.04771386459469795,474,,,,,,,,,,,,
,1598,,,,,,,,,,0.0008631482487544417,0.014525225386023521,0.09195023030042648,0.15796832740306854,,,,
,1599,,,,,,,,,,0.00010953854507533833,0.007169739808887243,0.039159953594207764,0.1830885261297226,,,,
,1600,,,,,,,,,,0.00021684302191715688,0.008957207202911377,0.07243724912405014,0.12365469336509705,,,,
,1601,,,,,,,,,,0.00030035979580134153,0.011453593149781227,0.09695577621459961,0.11813212931156158,,,,
,1602,,,,,,,,,,0.0001256296382052824,0.007620594464242458,0.08865968883037567,0.08595331013202667,,,,
,1603,,,,,,,,,,0.00013017970195505768,0.008701528422534466,0.05721943825483322,0.15207292139530182,,,,
,1604,,,,,,,,,,6.210724677657709e-05,0.005968648940324783,0.025477152317762375,0.2342744767665863,,,,
,1605,,,,,,,,,,0.0002764552482403815,0.01011921651661396,0.06866084039211273,0.14737971127033234,,,,
,1606,,,,,,,,,,0.0002568206691648811,0.01107032597064972,0.11188463866710663,0.09894409775733948,,,,
,1607,,,,,,,,,,0.0005611440283246338,0.012465452775359154,0.10694815963506699,0.11655601859092712,,,,
,1608,,,,,,,,,,0.00015181300113908947,0.009061791002750397,0.08197197318077087,0.11054741591215134,,,,
,1609,,,,,,,,,,0.00011535325029399246,0.00777857843786478,0.07832591235637665,0.09931039810180664,,,,
,1610,,,,,,,,,,0.00024979066802188754,0.009318090975284576,0.07550571858882904,0.12340906262397766,,,,
,1611,,,,,,,,,,0.0001473854499636218,0.00819305144250393,0.06541398167610168,0.1252492219209671,,,,
,1612,,,,,,,,,,0.0005732380668632686,0.013485446572303772,0.1331549882888794,0.10127630829811096,,,,
,1613,,,,,,,,,,0.00017581140855327249,0.00853283517062664,0.08672043681144714,0.0983947291970253,,,,
,1614,,,,,,,,,,3.7433052057167515e-05,0.004941690247505903,0.05225556343793869,0.09456771612167358,,,,
,16149,,,,,474,,,,,,,,,0.00026268689543940127,0.009508617222309113,0.07918630540370941,0.12869668006896973
,16149,,,,,474,0.00034716291702352464,0.008805563673377037,0.09670309722423553,0.09168553352355957,,,,,,,,
0.000605756593594495,16169,,,,,,,,,,,,,,,,,
0.000605756593594495,16169,,,,,,,,,,,,,,,,,
0.000605756593594495,16169,,,,,,,,,,,,,,,,,
0.000605756593594495,16169,,,,,,,,,,,,,,,,,
,16169,0.00018366407311987132,0.008130606263875961,0.09162093698978424,0.08874178677797318,475,,,,,,,,,,,,
,16183,,,,,475,0.00036347663262858987,0.009471864439547062,0.09670305252075195,0.0988025963306427,,,,,,,,
0.0006040543324642328,16202,,,,,,,,,,,,,,,,,
0.0006040543324642328,16202,,,,,,,,,,,,,,,,,
0.0006040543324642328,16202,,,,,,,,,,,,,,,,,
0.0006040543324642328,16202,,,,,,,,,,,,,,,,,
,16202,0.00026540597900748253,0.010388920083642006,0.114676833152771,0.09059301018714905,476,,,,,,,,,,,,
,16217,,,,,476,0.0003839853743556887,0.009485212154686451,0.09670305997133255,0.09909228980541229,,,,,,,,
0.000602350813710263,16235,,,,,,,,,,,,,,,,,
0.000602350813710263,16235,,,,,,,,,,,,,,,,,
0.000602350813710263,16235,,,,,,,,,,,,,,,,,
0.000602350813710263,16235,,,,,,,,,,,,,,,,,
,16235,0.000139772571856156,0.00767343956977129,0.12523962557315826,0.061270058155059814,477,,,,,,,,,,,,
,16251,,,,,477,0.00038074093754403293,0.00971931777894497,0.09670305252075195,0.10200409591197968,,,,,,,,
0.0006006460580211024,16268,,,,,,,,,,,,,,,,,
0.0006006460580211024,16268,,,,,,,,,,,,,,,,,
0.0006006460580211024,16268,,,,,,,,,,,,,,,,,
0.0006006460580211024,16268,,,,,,,,,,,,,,,,,
,16268,0.0005814750911667943,0.012570849619805813,0.0979347676038742,0.12835940718650818,478,,,,,,,,,,,,
,16285,,,,,478,0.00041009517735801637,0.009539874270558357,0.09670305252075195,0.09958309680223465,,,,,,,,
0.0005989400861002906,16301,,,,,,,,,,,,,,,,,
0.0005989400861002906,16301,,,,,,,,,,,,,,,,,
0.0005989400861002906,16301,,,,,,,,,,,,,,,,,
0.0005989400861002906,16301,,,,,,,,,,,,,,,,,
,16301,0.00018498825374990702,0.007732044905424118,0.09672456234693527,0.07993878424167633,479,,,,,,,,,,,,
,1615,,,,,,,,,,0.00021040343563072383,0.008574779145419598,0.09195023030042648,0.09325455874204636,,,,
,1616,,,,,,,,,,0.0003077681176364422,0.010591184720396996,0.039159953594207764,0.27045950293540955,,,,
,1617,,,,,,,,,,0.0002474192006047815,0.009744742885231972,0.07243724912405014,0.13452666997909546,,,,
,1618,,,,,,,,,,0.0002263697679154575,0.009573398157954216,0.09695577621459961,0.09873983263969421,,,,
,1619,,,,,,,,,,0.00039335264591500163,0.01190272718667984,0.08865968883037567,0.13425183296203613,,,,
,1620,,,,,,,,,,0.00022546641412191093,0.008301198482513428,0.05721943825483322,0.14507652819156647,,,,
,1621,,,,,,,,,,0.00011582714796531945,0.005137105472385883,0.025477152317762375,0.2016357034444809,,,,
,1622,,,,,,,,,,0.00045453174971044064,0.012962053529918194,0.06866084039211273,0.18878376483917236,,,,
,1623,,,,,,,,,,0.0002433352346997708,0.010846669785678387,0.11188463866710663,0.09694511443376541,,,,
,1624,,,,,,,,,,0.00038421846693381667,0.010688449256122112,0.10694815963506699,0.0999404564499855,,,,
,1625,,,,,,,,,,0.0003932410618290305,0.01271828543394804,0.08197197318077087,0.1551540493965149,,,,
,1626,,,,,,,,,,0.0002836411294993013,0.00997671764343977,0.07832591235637665,0.12737441062927246,,,,
,1627,,,,,,,,,,0.0012402067659422755,0.018137052655220032,0.07550571858882904,0.24020764231681824,,,,
,1628,,,,,,,,,,9.6707975899335e-05,0.006178447511047125,0.06541398167610168,0.09445146471261978,,,,
,1629,,,,,,,,,,0.0015324432170018554,0.018544070422649384,0.1331549882888794,0.13926680386066437,,,,
,1630,,,,,,,,,,0.00013183819828554988,0.007712028454989195,0.08672043681144714,0.08892975747585297,,,,
,1631,,,,,,,,,,7.792211545165628e-05,0.005979593377560377,0.05225556343793869,0.114429771900177,,,,
,16319,,,,,479,,,,,,,,,0.000395498878788203,0.010580525733530521,0.07918630540370941,0.14340683817863464
,16319,,,,,479,0.00034606721601448953,0.009026914834976196,0.09670303016901016,0.09402431547641754,,,,,,,,
0.0005972329186661371,16334,,,,,,,,,,,,,,,,,
0.0005972329186661371,16334,,,,,,,,,,,,,,,,,
0.0005972329186661371,16334,,,,,,,,,,,,,,,,,
0.0005972329186661371,16334,,,,,,,,,,,,,,,,,
,16334,7.947141421027482e-05,0.005030724219977856,0.10114772617816925,0.049736399203538895,480,,,,,,,,,,,,
,16353,,,,,480,0.00040125619852915406,0.009662524797022343,0.09670304507017136,0.10064828395843506,,,,,,,,
0.0005955245764514706,16367,,,,,,,,,,,,,,,,,
0.0005955245764514706,16367,,,,,,,,,,,,,,,,,
0.0005955245764514706,16367,,,,,,,,,,,,,,,,,
0.0005955245764514706,16367,,,,,,,,,,,,,,,,,
,16367,0.0009477436542510986,0.014888687059283257,0.11167632788419724,0.13331997394561768,481,,,,,,,,,,,,
,16387,,,,,481,0.00039649390964768827,0.009327379986643791,0.09670302271842957,0.09727784246206284,,,,,,,,
0.0005938150802033869,16400,,,,,,,,,,,,,,,,,
0.0005938150802033869,16400,,,,,,,,,,,,,,,,,
0.0005938150802033869,16400,,,,,,,,,,,,,,,,,
0.0005938150802033869,16400,,,,,,,,,,,,,,,,,
,16400,7.607514271512628e-05,0.005528429057449102,0.09701152890920639,0.05698733404278755,482,,,,,,,,,,,,
,16421,,,,,482,0.0003465552581474185,0.009244570508599281,0.09670303016901016,0.09632415324449539,,,,,,,,
0.0005921044506829977,16433,,,,,,,,,,,,,,,,,
0.0005921044506829977,16433,,,,,,,,,,,,,,,,,
0.0005921044506829977,16433,,,,,,,,,,,,,,,,,
0.0005921044506829977,16433,,,,,,,,,,,,,,,,,
,16433,0.000263611989794299,0.008029511198401451,0.08923475444316864,0.08998186886310577,483,,,,,,,,,,,,
,16455,,,,,483,0.0003741553518921137,0.009339505806565285,0.09670305252075195,0.0977722704410553,,,,,,,,
0.0005903927086651767,16466,,,,,,,,,,,,,,,,,
0.0005903927086651767,16466,,,,,,,,,,,,,,,,,
0.0005903927086651767,16466,,,,,,,,,,,,,,,,,
0.0005903927086651767,16466,,,,,,,,,,,,,,,,,
,16466,0.00020083114213775843,0.009875529445707798,0.09518761932849884,0.10374803096055984,484,,,,,,,,,,,,
,1632,,,,,,,,,,0.00017242215108126402,0.0070134056732058525,0.09195023030042648,0.07627392560243607,,,,
,1633,,,,,,,,,,0.0011127128964290023,0.012567998841404915,0.039159953594207764,0.3209400177001953,,,,
,1634,,,,,,,,,,0.0002406212588539347,0.0067888954654335976,0.07243724912405014,0.09372103959321976,,,,
,1635,,,,,,,,,,7.745142647763714e-05,0.0060315728187561035,0.09695577621459961,0.06220952048897743,,,,
,1636,,,,,,,,,,4.844495560973883e-05,0.0045014782808721066,0.08865968883037567,0.050772540271282196,,,,
,1637,,,,,,,,,,9.19504018384032e-05,0.00577726773917675,0.05721943825483322,0.10096685588359833,,,,
,1638,,,,,,,,,,0.00018016439571511,0.006491373293101788,0.025477152317762375,0.25479185581207275,,,,
,1639,,,,,,,,,,0.0005055496003478765,0.010133923031389713,0.06866084039211273,0.1475939005613327,,,,
,1640,,,,,,,,,,0.00021815102081745863,0.009113745763897896,0.11188463866710663,0.08145662397146225,,,,
,1641,,,,,,,,,,0.000299022562103346,0.006878353655338287,0.10694815963506699,0.0643148347735405,,,,
,1642,,,,,,,,,,0.0002305540256202221,0.007890214212238789,0.08197197318077087,0.09625501185655594,,,,
,1643,,,,,,,,,,0.00045477173989638686,0.01212896965444088,0.07832591235637665,0.15485255420207977,,,,
,1644,,,,,,,,,,0.0001384180795866996,0.007195315323770046,0.07550571858882904,0.09529495984315872,,,,
,1645,,,,,,,,,,0.0003148042596876621,0.01044107973575592,0.06541398167610168,0.1596153825521469,,,,
,1646,,,,,,,,,,0.00023245869670063257,0.00979715958237648,0.1331549882888794,0.07357710599899292,,,,
,1647,,,,,,,,,,0.0003585562517400831,0.00890188105404377,0.08672043681144714,0.10265031456947327,,,,
,1648,,,,,,,,,,6.162813951959834e-05,0.005880085285753012,0.05225556343793869,0.11252551525831223,,,,
,16489,,,,,484,,,,,,,,,0.00028526471578516066,0.00815713219344616,0.07918630540370941,0.12069994956254959
,16489,,,,,484,0.00042432505870237947,0.010294806212186813,0.09670305252075195,0.10737873613834381,,,,,,,,
0.0005886798749383091,16499,,,,,,,,,,,,,,,,,
0.0005886798749383091,16499,,,,,,,,,,,,,,,,,
0.0005886798749383091,16499,,,,,,,,,,,,,,,,,
0.0005886798749383091,16499,,,,,,,,,,,,,,,,,
,16499,0.0007791108218953013,0.010875347070395947,0.09889131039381027,0.10997271537780762,485,,,,,,,,,,,,
,16523,,,,,485,0.0003659437643364072,0.009411483071744442,0.09670305252075195,0.0982610359787941,,,,,,,,
0.0005869659703040383,16532,,,,,,,,,,,,,,,,,
0.0005869659703040383,16532,,,,,,,,,,,,,,,,,
0.0005869659703040383,16532,,,,,,,,,,,,,,,,,
0.0005869659703040383,16532,,,,,,,,,,,,,,,,,
,16532,5.665327626047656e-05,0.005386821459978819,0.08910006284713745,0.06045810505747795,486,,,,,,,,,,,,
,16557,,,,,486,0.000362658582162112,0.009071804583072662,0.09670305997133255,0.09493258595466614,,,,,,,,
0.0005852510155770139,16565,,,,,,,,,,,,,,,,,
0.0005852510155770139,16565,,,,,,,,,,,,,,,,,
0.0005852510155770139,16565,,,,,,,,,,,,,,,,,
0.0005852510155770139,16565,,,,,,,,,,,,,,,,,
,16565,9.662330558057874e-05,0.0063015250489115715,0.10123366117477417,0.062247324734926224,487,,,,,,,,,,,,
,16591,,,,,487,0.00035630271304398775,0.008825255557894707,0.09670307487249374,0.09288030862808228,,,,,,,,
0.0005835350315846373,16598,,,,,,,,,,,,,,,,,
0.0005835350315846373,16598,,,,,,,,,,,,,,,,,
0.0005835350315846373,16598,,,,,,,,,,,,,,,,,
0.0005835350315846373,16598,,,,,,,,,,,,,,,,,
,16598,0.00025278105749748647,0.007843478582799435,0.09344828128814697,0.08393388986587524,488,,,,,,,,,,,,
,16625,,,,,488,0.000398080563172698,0.009643793106079102,0.09670302271842957,0.10064592212438583,,,,,,,,
0.000581818039166812,16631,,,,,,,,,,,,,,,,,
0.000581818039166812,16631,,,,,,,,,,,,,,,,,
0.000581818039166812,16631,,,,,,,,,,,,,,,,,
0.000581818039166812,16631,,,,,,,,,,,,,,,,,
,16631,0.00030680460622534156,0.007873311638832092,0.12466543167829514,0.06315552443265915,489,,,,,,,,,,,,
,1649,,,,,,,,,,5.32959820702672e-05,0.004284858703613281,0.09195023030042648,0.04659975692629814,,,,
,1650,,,,,,,,,,0.0002744216180872172,0.007926544174551964,0.039159953594207764,0.20241449773311615,,,,
,1651,,,,,,,,,,0.0004714537353720516,0.010053057223558426,0.07243724912405014,0.13878296315670013,,,,
,1652,,,,,,,,,,7.882459613028914e-05,0.005917544476687908,0.09695577621459961,0.06103343144059181,,,,
,1653,,,,,,,,,,0.000310785137116909,0.007320473901927471,0.08865968883037567,0.0825682207942009,,,,
,1654,,,,,,,,,,0.00013468418910633773,0.00694813160225749,0.05721943825483322,0.12142954766750336,,,,
,1655,,,,,,,,,,0.0002072470961138606,0.008790366351604462,0.025477152317762375,0.3450292646884918,,,,
,1656,,,,,,,,,,0.00037841033190488815,0.010639412328600883,0.06866084039211273,0.15495602786540985,,,,
,1657,,,,,,,,,,0.0006931439856998622,0.011064460501074791,0.11188463866710663,0.09889167547225952,,,,
,1658,,,,,,,,,,0.0011646570637822151,0.010630287230014801,0.10694815963506699,0.09939662367105484,,,,
,1659,,,,,,,,,,0.0007114598993211985,0.009930616244673729,0.08197197318077087,0.12114647030830383,,,,
,1660,,,,,,,,,,8.675067510921508e-05,0.005226939916610718,0.07832591235637665,0.06673320382833481,,,,
,1661,,,,,,,,,,0.00018794140487443656,0.00716148829087615,0.07550571858882904,0.09484695643186569,,,,
,1662,,,,,,,,,,0.00010312065569451079,0.005359908565878868,0.06541398167610168,0.0819382593035698,,,,
,1663,,,,,,,,,,0.00026025762781500816,0.010013599880039692,0.1331549882888794,0.0752025842666626,,,,
,1664,,,,,,,,,,0.0001461838255636394,0.007707133889198303,0.08672043681144714,0.08887331932783127,,,,
,1665,,,,,,,,,,0.0002633791009429842,0.00809696689248085,0.05225556343793869,0.154949352145195,,,,
,16659,,,,,489,,,,,,,,,0.00032692894455976784,0.008062019012868404,0.07918630540370941,0.11862529814243317
,16659,,,,,489,0.00037085384246893227,0.009617624804377556,0.09670304507017136,0.10091033577919006,,,,,,,,
0.0005801000591756851,16664,,,,,,,,,,,,,,,,,
0.0005801000591756851,16664,,,,,,,,,,,,,,,,,
0.0005801000591756851,16664,,,,,,,,,,,,,,,,,
0.0005801000591756851,16664,,,,,,,,,,,,,,,,,
,16664,0.0004037269973196089,0.011997047811746597,0.08662836253643036,0.13848866522312164,490,,,,,,,,,,,,
,16693,,,,,490,0.00037750022602267563,0.009526493027806282,0.09670305252075195,0.10046855360269547,,,,,,,,
0.0005783811124754004,16697,,,,,,,,,,,,,,,,,
0.0005783811124754004,16697,,,,,,,,,,,,,,,,,
0.0005783811124754004,16697,,,,,,,,,,,,,,,,,
0.0005783811124754004,16697,,,,,,,,,,,,,,,,,
,16697,0.0002474754292052239,0.01047864742577076,0.0966598391532898,0.10840744525194168,491,,,,,,,,,,,,
,16727,,,,,491,0.00035696488339453936,0.009550446644425392,0.09670307487249374,0.099708192050457,,,,,,,,
0.0005766612199418409,16730,,,,,,,,,,,,,,,,,
0.0005766612199418409,16730,,,,,,,,,,,,,,,,,
0.0005766612199418409,16730,,,,,,,,,,,,,,,,,
0.0005766612199418409,16730,,,,,,,,,,,,,,,,,
,16730,0.00030885651358403265,0.00800844095647335,0.09223532676696777,0.08682616800069809,492,,,,,,,,,,,,
,16761,,,,,492,0.00035795397707261145,0.008973773568868637,0.09670305252075195,0.09382198750972748,,,,,,,,
0.0005749404024623757,16763,,,,,,,,,,,,,,,,,
0.0005749404024623757,16763,,,,,,,,,,,,,,,,,
0.0005749404024623757,16763,,,,,,,,,,,,,,,,,
0.0005749404024623757,16763,,,,,,,,,,,,,,,,,
,16763,0.0001699355780147016,0.007354035507887602,0.09559794515371323,0.07692670077085495,493,,,,,,,,,,,,
,16795,,,,,493,0.00037084135692566633,0.009590140543878078,0.09670304507017136,0.10029581189155579,,,,,,,,
0.0005732186809356083,16796,,,,,,,,,,,,,,,,,
0.0005732186809356083,16796,,,,,,,,,,,,,,,,,
0.0005732186809356083,16796,,,,,,,,,,,,,,,,,
0.0005732186809356083,16796,,,,,,,,,,,,,,,,,
,16796,0.0002452927874401212,0.008700255304574966,0.08743543922901154,0.09950489550828934,494,,,,,,,,,,,,
0.0005714960762711206,16829,,,,,,,,,,,,,,,,,
,16829,0.00019355981203261763,0.007701482158154249,0.0942806527018547,0.08168676495552063,494,,,,,,,,,,,,
,1666,,,,,,,,,,0.00014108690083958209,0.006839327048510313,0.09195023030042648,0.07438074052333832,,,,
,1667,,,,,,,,,,0.0003255307674407959,0.010647221468389034,0.039159953594207764,0.2718904912471771,,,,
,1668,,,,,,,,,,7.795272540533915e-05,0.005812575574964285,0.07243724912405014,0.08024289458990097,,,,
,1669,,,,,,,,,,0.0001910583523567766,0.005730429198592901,0.09695577621459961,0.059103529900312424,,,,
,1670,,,,,,,,,,0.00013634613424073905,0.007263903971761465,0.08865968883037567,0.08193016797304153,,,,
,1671,,,,,,,,,,0.0001614756474737078,0.007784238085150719,0.05721943825483322,0.1360418200492859,,,,
,1672,,,,,,,,,,5.36846746399533e-05,0.0036800983361899853,0.025477152317762375,0.1444469541311264,,,,
,1673,,,,,,,,,,7.533311872975901e-05,0.006048164330422878,0.06866084039211273,0.0880875214934349,,,,
,1674,,,,,,,,,,0.00021627184469252825,0.008279451169073582,0.11188463866710663,0.07399988174438477,,,,
,1675,,,,,,,,,,0.0023062159307301044,0.021222395822405815,0.10694815963506699,0.19843627512454987,,,,
,1676,,,,,,,,,,5.235225398791954e-05,0.004730222746729851,0.08197197318077087,0.057705357670784,,,,
,1677,,,,,,,,,,4.599148451234214e-05,0.003962413407862186,0.07832591235637665,0.050588786602020264,,,,
,1678,,,,,,,,,,6.270382436923683e-05,0.005022925324738026,0.07550571858882904,0.06652376800775528,,,,
,1679,,,,,,,,,,7.22414260962978e-05,0.004799665883183479,0.06541398167610168,0.0733736902475357,,,,
,1680,,,,,,,,,,0.00025878375163301826,0.010157992132008076,0.1331549882888794,0.07628697901964188,,,,
,1681,,,,,,,,,,0.00022254546638578176,0.007387151475995779,0.08672043681144714,0.08518350124359131,,,,
,1682,,,,,,,,,,0.000265525042777881,0.010649919509887695,0.05225556343793869,0.20380447804927826,,,,
,16829,,,,,494,,,,,,,,,0.0002746870741248131,0.007557160221040249,0.07918630540370941,0.1042499840259552
,16829,,,,,494,0.00036454241489991546,0.009227602742612362,0.09670306742191315,0.09689821302890778,,,,,,,,
0.0005697726093892193,16862,,,,,,,,,,,,,,,,,
0.0005697726093892193,16862,,,,,,,,,,,,,,,,,
0.0005697726093892193,16862,,,,,,,,,,,,,,,,,
0.0005697726093892193,16862,,,,,,,,,,,,,,,,,
,16862,0.0004034083685837686,0.008115831762552261,0.12007274478673935,0.06759095191955566,495,,,,,,,,,,,,
,16863,,,,,495,0.00034507294185459614,0.009272799827158451,0.09670304507017136,0.09698028862476349,,,,,,,,
0.0005680483012206833,16895,,,,,,,,,,,,,,,,,
0.0005680483012206833,16895,,,,,,,,,,,,,,,,,
0.0005680483012206833,16895,,,,,,,,,,,,,,,,,
0.0005680483012206833,16895,,,,,,,,,,,,,,,,,
,16895,0.0001261957222595811,0.005836870521306992,0.10324752330780029,0.056532785296440125,496,,,,,,,,,,,,
,16897,,,,,496,0.0003443160967435688,0.009101237170398235,0.09670305252075195,0.09552998095750809,,,,,,,,
0.0005663231727065086,16928,,,,,,,,,,,,,,,,,
0.0005663231727065086,16928,,,,,,,,,,,,,,,,,
0.0005663231727065086,16928,,,,,,,,,,,,,,,,,
0.0005663231727065086,16928,,,,,,,,,,,,,,,,,
,16928,0.0005322410142980516,0.010650698095560074,0.09102865308523178,0.11700378358364105,497,,,,,,,,,,,,
,16931,,,,,497,0.0004115609044674784,0.009656344540417194,0.09670305252075195,0.10114850103855133,,,,,,,,
0.0005645972447976534,16961,,,,,,,,,,,,,,,,,
0.0005645972447976534,16961,,,,,,,,,,,,,,,,,
0.0005645972447976534,16961,,,,,,,,,,,,,,,,,
0.0005645972447976534,16961,,,,,,,,,,,,,,,,,
,16961,0.0002733904402703047,0.009722083806991577,0.10677812993526459,0.09104938060045242,498,,,,,,,,,,,,
,16965,,,,,498,0.00039787741843611,0.009417983703315258,0.09670305252075195,0.09838225692510605,,,,,,,,
0.0005628705384547846,16994,,,,,,,,,,,,,,,,,
0.0005628705384547846,16994,,,,,,,,,,,,,,,,,
0.0005628705384547846,16994,,,,,,,,,,,,,,,,,
0.0005628705384547846,16994,,,,,,,,,,,,,,,,,
,16994,0.00015495871775783598,0.006968289613723755,0.11032897233963013,0.06315919756889343,499,,,,,,,,,,,,
,1683,,,,,,,,,,0.0004427888197824359,0.011609609238803387,0.09195023030042648,0.1262596994638443,,,,
,1684,,,,,,,,,,7.020919292699546e-05,0.004989613313227892,0.039159953594207764,0.12741619348526,,,,
,1685,,,,,,,,,,0.00044174137292429805,0.011767745018005371,0.07243724912405014,0.16245430707931519,,,,
,1686,,,,,,,,,,0.0015041271690279245,0.0194709412753582,0.09695577621459961,0.2008228898048401,,,,
,1687,,,,,,,,,,0.00024051842046901584,0.008976850658655167,0.08865968883037567,0.10125063359737396,,,,
,1688,,,,,,,,,,0.00018355579231865704,0.008227826096117496,0.05721943825483322,0.1437942236661911,,,,
,1689,,,,,,,,,,2.4949196813395247e-05,0.0038341092877089977,0.025477152317762375,0.15049201250076294,,,,
,1690,,,,,,,,,,0.00013016286538913846,0.005987291689962149,0.06866084039211273,0.08720095455646515,,,,
,1691,,,,,,,,,,0.00013060099445283413,0.007279365323483944,0.11188463866710663,0.06506133824586868,,,,
,1692,,,,,,,,,,0.0011710957624018192,0.020481644198298454,0.10694815963506699,0.19151000678539276,,,,
,1693,,,,,,,,,,0.000983338919468224,0.014628389850258827,0.08197197318077087,0.17845596373081207,,,,
,1694,,,,,,,,,,0.00019352402887307107,0.008583216927945614,0.07832591235637665,0.10958334803581238,,,,
,1695,,,,,,,,,,0.0004488941631279886,0.0095905140042305,0.07550571858882904,0.1270170360803604,,,,
,1696,,,,,,,,,,0.00021525516058318317,0.008030077442526817,0.06541398167610168,0.12275779247283936,,,,
,1697,,,,,,,,,,0.000793317798525095,0.011852502822875977,0.1331549882888794,0.08901282399892807,,,,
,1698,,,,,,,,,,0.00048233725829049945,0.010894197039306164,0.08672043681144714,0.12562431395053864,,,,
,1699,,,,,,,,,,0.00021149689564481378,0.009045012295246124,0.05225556343793869,0.1730918139219284,,,,
,16999,,,,,499,,,,,,,,,0.00045831306488253176,0.010347053408622742,0.07918630540370941,0.13304603099822998
,16999,,,,,499,0.00042238985770381987,0.010074215941131115,0.09670304507017136,0.10560831427574158,,,,,,,,
0.0005611430746480224,17027,,,,,,,,,,,,,,,,,
0.0005611430746480224,17027,,,,,,,,,,,,,,,,,
0.0005611430746480224,17027,,,,,,,,,,,,,,,,,
0.0005611430746480224,17027,,,,,,,,,,,,,,,,,
,17027,7.948881830088794e-05,0.006383407860994339,0.09783218801021576,0.0652485340833664,500,,,,,,,,,,,,
,17033,,,,,500,0.0003863739257212728,0.009175313636660576,0.09670306742191315,0.09558971226215363,,,,,,,,
0.0005594148743566873,17060,,,,,,,,,,,,,,,,,
0.0005594148743566873,17060,,,,,,,,,,,,,,,,,
0.0005594148743566873,17060,,,,,,,,,,,,,,,,,
0.0005594148743566873,17060,,,,,,,,,,,,,,,,,
,17060,0.00033124929177574813,0.009305551648139954,0.10015633702278137,0.09291025251150131,501,,,,,,,,,,,,
,17067,,,,,501,0.0004035203601233661,0.009772980585694313,0.09670303761959076,0.10247910767793655,,,,,,,,
0.0005576859585690426,17093,,,,,,,,,,,,,,,,,
0.0005576859585690426,17093,,,,,,,,,,,,,,,,,
0.0005576859585690426,17093,,,,,,,,,,,,,,,,,
0.0005576859585690426,17093,,,,,,,,,,,,,,,,,
,17093,0.0006101321778260171,0.011630958877503872,0.0858023464679718,0.135555237531662,502,,,,,,,,,,,,
,17101,,,,,502,0.0003522892948240042,0.009313405491411686,0.09670302271842957,0.09725158661603928,,,,,,,,
0.0005559563482820414,17126,,,,,,,,,,,,,,,,,
0.0005559563482820414,17126,,,,,,,,,,,,,,,,,
0.0005559563482820414,17126,,,,,,,,,,,,,,,,,
0.0005559563482820414,17126,,,,,,,,,,,,,,,,,
,17126,0.00016830471577122808,0.008170738816261292,0.07444766163825989,0.10975143313407898,503,,,,,,,,,,,,
,17135,,,,,503,0.00035966557334177196,0.009245764464139938,0.09670304507017136,0.0972532257437706,,,,,,,,
0.0005542260645010714,17159,,,,,,,,,,,,,,,,,
0.0005542260645010714,17159,,,,,,,,,,,,,,,,,
0.0005542260645010714,17159,,,,,,,,,,,,,,,,,
0.0005542260645010714,17159,,,,,,,,,,,,,,,,,
,17159,0.0002165028126910329,0.008312415331602097,0.09576183557510376,0.08680299669504166,504,,,,,,,,,,,,
,1700,,,,,,,,,,6.678974023088813e-05,0.00590190663933754,0.09195023030042648,0.06418587267398834,,,,
,1701,,,,,,,,,,0.00012080116721335799,0.005175784230232239,0.039159953594207764,0.13217030465602875,,,,
,1702,,,,,,,,,,0.00011084554716944695,0.0069702304899692535,0.07243724912405014,0.09622438251972198,,,,
,1703,,,,,,,,,,6.590656994376332e-05,0.005349136423319578,0.09695577621459961,0.05517088249325752,,,,
,1704,,,,,,,,,,0.0004594085621647537,0.012367254123091698,0.08865968883037567,0.1394912749528885,,,,
,1705,,,,,,,,,,9.535051503917202e-05,0.00702323904260993,0.05721943825483322,0.1227421686053276,,,,
,1706,,,,,,,,,,0.0002116545510943979,0.006874526850879192,0.025477152317762375,0.26983094215393066,,,,
,1707,,,,,,,,,,8.658630395075306e-05,0.005914404056966305,0.06866084039211273,0.08613939583301544,,,,
,1708,,,,,,,,,,0.00044189131585881114,0.012149432674050331,0.11188463866710663,0.10858891904354095,,,,
,1709,,,,,,,,,,0.00046396322431974113,0.00925629585981369,0.10694815963506699,0.08654936403036118,,,,
,1710,,,,,,,,,,4.085466935066506e-05,0.004661029204726219,0.08197197318077087,0.05686124786734581,,,,
,1711,,,,,,,,,,4.277575862943195e-05,0.004322867374867201,0.07832591235637665,0.055190760642290115,,,,
,1712,,,,,,,,,,0.00021729341824539006,0.008869556710124016,0.07550571858882904,0.11746866255998611,,,,
,1713,,,,,,,,,,0.000536589534021914,0.014768960885703564,0.06541398167610168,0.2257767915725708,,,,
,1714,,,,,,,,,,0.0002679620520211756,0.008781706914305687,0.1331549882888794,0.06595101207494736,,,,
,1715,,,,,,,,,,0.0004605285357683897,0.009211791679263115,0.08672043681144714,0.10622398555278778,,,,
,1716,,,,,,,,,,0.0002331265714019537,0.010107683017849922,0.05225556343793869,0.19342784583568573,,,,
,17169,,,,,504,,,,,,,,,0.00023065239656716585,0.008039513602852821,0.07918630540370941,0.11425938457250595
,17169,,,,,504,0.00032622538856230676,0.008949916809797287,0.09670303016901016,0.09369537979364395,,,,,,,,
0.0005524951282397001,17192,,,,,,,,,,,,,,,,,
0.0005524951282397001,17192,,,,,,,,,,,,,,,,,
0.0005524951282397001,17192,,,,,,,,,,,,,,,,,
0.0005524951282397001,17192,,,,,,,,,,,,,,,,,
,17192,0.00012023202725686133,0.0061660101637244225,0.08722586929798126,0.07069014757871628,505,,,,,,,,,,,,
,17203,,,,,505,0.0003721013490576297,0.009069299325346947,0.09670305252075195,0.09491722285747528,,,,,,,,
0.0005507635605194183,17225,,,,,,,,,,,,,,,,,
0.0005507635605194183,17225,,,,,,,,,,,,,,,,,
0.0005507635605194183,17225,,,,,,,,,,,,,,,,,
0.0005507635605194183,17225,,,,,,,,,,,,,,,,,
,17225,0.0009209834388457239,0.011923092417418957,0.09707266092300415,0.1228264570236206,506,,,,,,,,,,,,
,17237,,,,,506,0.00038016607868485153,0.009663602337241173,0.09670302271842957,0.10176870226860046,,,,,,,,
0.0005490313823693863,17258,,,,,,,,,,,,,,,,,
0.0005490313823693863,17258,,,,,,,,,,,,,,,,,
0.0005490313823693863,17258,,,,,,,,,,,,,,,,,
0.0005490313823693863,17258,,,,,,,,,,,,,,,,,
,17258,9.561791375745088e-05,0.00633904617279768,0.10029083490371704,0.06320662796497345,507,,,,,,,,,,,,
,17271,,,,,507,0.0003762934065889567,0.009531705640256405,0.09670305997133255,0.0995769202709198,,,,,,,,
0.0005472986148261765,17291,,,,,,,,,,,,,,,,,
0.0005472986148261765,17291,,,,,,,,,,,,,,,,,
0.0005472986148261765,17291,,,,,,,,,,,,,,,,,
0.0005472986148261765,17291,,,,,,,,,,,,,,,,,
,17291,0.00029701192397624254,0.009749509394168854,0.0863824188709259,0.11286449432373047,508,,,,,,,,,,,,
,17305,,,,,508,0.00037220976082608104,0.009996817447245121,0.09670302271842957,0.10387981683015823,,,,,,,,
0.000545565278933521,17324,,,,,,,,,,,,,,,,,
0.000545565278933521,17324,,,,,,,,,,,,,,,,,
0.000545565278933521,17324,,,,,,,,,,,,,,,,,
0.000545565278933521,17324,,,,,,,,,,,,,,,,,
,17324,0.00021528452634811401,0.009211519733071327,0.09099545329809189,0.10123053938150406,509,,,,,,,,,,,,
,1717,,,,,,,,,,0.000147378072142601,0.0064696501940488815,0.09195023030042648,0.07036034017801285,,,,
,1718,,,,,,,,,,5.732051795348525e-05,0.003884485922753811,0.039159953594207764,0.09919533878564835,,,,
,1719,,,,,,,,,,0.0006960436585359275,0.013975253328680992,0.07243724912405014,0.19292907416820526,,,,
,1720,,,,,,,,,,0.0002847913419827819,0.010673684999346733,0.09695577621459961,0.11008816957473755,,,,
,1721,,,,,,,,,,0.00016246698214672506,0.006738734431564808,0.08865968883037567,0.07600674033164978,,,,
,1722,,,,,,,,,,0.00012210932618472725,0.006379342637956142,0.05721943825483322,0.11148906499147415,,,,
,1723,,,,,,,,,,3.771237243199721e-05,0.003426089882850647,0.025477152317762375,0.134476900100708,,,,
,1724,,,,,,,,,,0.00011688836093526334,0.006439951714128256,0.06866084039211273,0.09379364550113678,,,,
,1725,,,,,,,,,,0.00024158015730790794,0.010511851869523525,0.11188463866710663,0.09395258128643036,,,,
,1726,,,,,,,,,,0.0005548600456677377,0.010706263594329357,0.10694815963506699,0.10010702908039093,,,,
,1727,,,,,,,,,,0.0002148615603800863,0.007853961549699306,0.08197197318077087,0.09581275284290314,,,,
,1728,,,,,,,,,,0.00012341041292529553,0.006008073687553406,0.07832591235637665,0.07670606672763824,,,,
,1729,,,,,,,,,,5.403211616794579e-05,0.004787629470229149,0.07550571858882904,0.06340750306844711,,,,
,1730,,,,,,,,,,0.0004344032786320895,0.010360064916312695,0.06541398167610168,0.15837690234184265,,,,
,1731,,,,,,,,,,0.00034213598701171577,0.009084198623895645,0.1331549882888794,0.06822273880243301,,,,
,1732,,,,,,,,,,9.362050332129002e-05,0.005594938527792692,0.08672043681144714,0.06451694667339325,,,,
,1733,,,,,,,,,,0.0006996128940954804,0.011563189327716827,0.05225556343793869,0.22128145396709442,,,,
,17339,,,,,509,,,,,,,,,0.0002444497658871114,0.007798530627042055,0.07918630540370941,0.10424743592739105
,17339,,,,,509,0.00037031827378086746,0.009873641654849052,0.09670307487249374,0.10369385033845901,,,,,,,,
0.0005438313957420531,17357,,,,,,,,,,,,,,,,,
0.0005438313957420531,17357,,,,,,,,,,,,,,,,,
0.0005438313957420531,17357,,,,,,,,,,,,,,,,,
0.0005438313957420531,17357,,,,,,,,,,,,,,,,,
,17357,0.00016335200052708387,0.007704652845859528,0.11830484867095947,0.06512541323900223,510,,,,,,,,,,,,
,17373,,,,,510,0.0003598819603212178,0.009508175775408745,0.09670304507017136,0.09974689036607742,,,,,,,,
0.0005420969863090534,17390,,,,,,,,,,,,,,,,,
0.0005420969863090534,17390,,,,,,,,,,,,,,,,,
0.0005420969863090534,17390,,,,,,,,,,,,,,,,,
0.0005420969863090534,17390,,,,,,,,,,,,,,,,,
,17390,0.0001969575823750347,0.007568497210741043,0.10537271946668625,0.07182595878839493,511,,,,,,,,,,,,
,17407,,,,,511,0.0003926062781829387,0.009626738727092743,0.09670305997133255,0.10053646564483643,,,,,,,,
0.0005403620716981925,17423,,,,,,,,,,,,,,,,,
0.0005403620716981925,17423,,,,,,,,,,,,,,,,,
0.0005403620716981925,17423,,,,,,,,,,,,,,,,,
0.0005403620716981925,17423,,,,,,,,,,,,,,,,,
,17423,0.0007693752413615584,0.010657727718353271,0.10130073130130768,0.10520878434181213,512,,,,,,,,,,,,
,17441,,,,,512,0.00034707930171862245,0.008933430537581444,0.09670303761959076,0.09298431873321533,,,,,,,,
0.0005386266729792775,17456,,,,,,,,,,,,,,,,,
0.0005386266729792775,17456,,,,,,,,,,,,,,,,,
0.0005386266729792775,17456,,,,,,,,,,,,,,,,,
0.0005386266729792775,17456,,,,,,,,,,,,,,,,,
,17456,0.0003021517477463931,0.010085097514092922,0.08101770281791687,0.12448015809059143,513,,,,,,,,,,,,
,17475,,,,,513,0.00037642393726855516,0.009707232005894184,0.09670302271842957,0.10134413093328476,,,,,,,,
0.0005368908112279939,17489,,,,,,,,,,,,,,,,,
0.0005368908112279939,17489,,,,,,,,,,,,,,,,,
0.0005368908112279939,17489,,,,,,,,,,,,,,,,,
0.0005368908112279939,17489,,,,,,,,,,,,,,,,,
,17489,0.00020044052507728338,0.006965409033000469,0.08737963438034058,0.0797143206000328,514,,,,,,,,,,,,
,1734,,,,,,,,,,0.00019274716032668948,0.008394749835133553,0.09195023030042648,0.09129665791988373,,,,
,1735,,,,,,,,,,0.00014878860383760184,0.006532389670610428,0.039159953594207764,0.1668129712343216,,,,
,1736,,,,,,,,,,0.0003043509495910257,0.010288510471582413,0.07243724912405014,0.1420333981513977,,,,
,1737,,,,,,,,,,0.0003630639403127134,0.010747878812253475,0.09695577621459961,0.1108534038066864,,,,
,1738,,,,,,,,,,7.532938616350293e-05,0.006038257386535406,0.08865968883037567,0.06810599565505981,,,,
,1739,,,,,,,,,,0.0002569635398685932,0.008184216916561127,0.05721943825483322,0.14303208887577057,,,,
,1740,,,,,,,,,,0.00038980692625045776,0.00974341295659542,0.025477152317762375,0.382437139749527,,,,
,1741,,,,,,,,,,2.4215947632910684e-05,0.0032513297628611326,0.06866084039211273,0.04735347256064415,,,,
,1742,,,,,,,,,,0.00031953450525179505,0.010597403161227703,0.11188463866710663,0.09471721947193146,,,,
,1743,,,,,,,,,,0.00046510095125995576,0.009231120347976685,0.10694815963506699,0.08631396293640137,,,,
,1744,,,,,,,,,,0.00016932268044911325,0.00865067820996046,0.08197197318077087,0.10553213208913803,,,,
,1745,,,,,,,,,,4.9479363951832056e-05,0.004918143153190613,0.07832591235637665,0.06279074400663376,,,,
,1746,,,,,,,,,,6.647929694736376e-05,0.005127745680510998,0.07550571858882904,0.06791200488805771,,,,
,1747,,,,,,,,,,0.00018490533693693578,0.006511177867650986,0.06541398167610168,0.09953799843788147,,,,
,1748,,,,,,,,,,0.0009512102114968002,0.015884388238191605,0.1331549882888794,0.11929246783256531,,,,
,1749,,,,,,,,,,0.00036370771704241633,0.00982719101011753,0.08672043681144714,0.11332034319639206,,,,
,1750,,,,,,,,,,2.6025227271020412e-05,0.003827819135040045,0.05225556343793869,0.0732518807053566,,,,
,17509,,,,,514,,,,,,,,,0.00026291018002666533,0.00823287758976221,0.07918630540370941,0.11745261400938034
,17509,,,,,514,0.00031351984944194555,0.00853920727968216,0.09670303761959076,0.08937039226293564,,,,,,,,
0.0005351545075256509,17522,,,,,,,,,,,,,,,,,
0.0005351545075256509,17522,,,,,,,,,,,,,,,,,
0.0005351545075256509,17522,,,,,,,,,,,,,,,,,
0.0005351545075256509,17522,,,,,,,,,,,,,,,,,
,17522,0.0001575502974446863,0.006648905575275421,0.08271527290344238,0.08038303256034851,515,,,,,,,,,,,,
,17543,,,,,515,0.00037025270285084844,0.009256904013454914,0.09670305997133255,0.09711787849664688,,,,,,,,
0.0005334177829589248,17555,,,,,,,,,,,,,,,,,
0.0005334177829589248,17555,,,,,,,,,,,,,,,,,
0.0005334177829589248,17555,,,,,,,,,,,,,,,,,
0.0005334177829589248,17555,,,,,,,,,,,,,,,,,
,17555,0.00012770442117471248,0.006431044545024633,0.09391775727272034,0.06847526878118515,516,,,,,,,,,,,,
,17577,,,,,516,0.00035752233816310763,0.009107503108680248,0.09670305252075195,0.09544903039932251,,,,,,,,
0.0005316806586196036,17588,,,,,,,,,,,,,,,,,
0.0005316806586196036,17588,,,,,,,,,,,,,,,,,
0.0005316806586196036,17588,,,,,,,,,,,,,,,,,
0.0005316806586196036,17588,,,,,,,,,,,,,,,,,
,17588,6.65557017782703e-05,0.006452226545661688,0.09368058294057846,0.06887473911046982,517,,,,,,,,,,,,
,17611,,,,,517,0.00038824652438052,0.009292901493608952,0.09670305997133255,0.09728451818227768,,,,,,,,
0.00052994315560433,17621,,,,,,,,,,,,,,,,,
0.00052994315560433,17621,,,,,,,,,,,,,,,,,
0.00052994315560433,17621,,,,,,,,,,,,,,,,,
0.00052994315560433,17621,,,,,,,,,,,,,,,,,
,17621,0.0007182916160672903,0.012847434729337692,0.12095624208450317,0.10621555149555206,518,,,,,,,,,,,,
,17645,,,,,518,0.000369939545635134,0.009203675203025341,0.09670303761959076,0.09607119858264923,,,,,,,,
0.0005282052950143449,17654,,,,,,,,,,,,,,,,,
0.0005282052950143449,17654,,,,,,,,,,,,,,,,,
0.0005282052950143449,17654,,,,,,,,,,,,,,,,,
0.0005282052950143449,17654,,,,,,,,,,,,,,,,,
,17654,0.0004455513262655586,0.012109266594052315,0.09198755025863647,0.1316402554512024,519,,,,,,,,,,,,
,1751,,,,,,,,,,0.0005707809468731284,0.014385713264346123,0.09195023030042648,0.1564510613679886,,,,
,1752,,,,,,,,,,0.00025245535653084517,0.009750625118613243,0.039159953594207764,0.24899473786354065,,,,
,1753,,,,,,,,,,0.0001544673286844045,0.009212023578584194,0.07243724912405014,0.12717245519161224,,,,
,1754,,,,,,,,,,0.00021794834174215794,0.008211927488446236,0.09695577621459961,0.0846976488828659,,,,
,1755,,,,,,,,,,0.00022106965479906648,0.009987342171370983,0.08865968883037567,0.11264804750680923,,,,
,1756,,,,,,,,,,0.00014479538367595524,0.008531680330634117,0.05721943825483322,0.1491045504808426,,,,
,1757,,,,,,,,,,0.00011869766603922471,0.006709876470267773,0.025477152317762375,0.26336827874183655,,,,
,1758,,,,,,,,,,0.00025689604808576405,0.011063428595662117,0.06866084039211273,0.16113154590129852,,,,
,1759,,,,,,,,,,0.00039645988726988435,0.013970494270324707,0.11188463866710663,0.12486515939235687,,,,
,1760,,,,,,,,,,0.0002973870141431689,0.010567392222583294,0.10694815963506699,0.09880853444337845,,,,
,1761,,,,,,,,,,0.0001419961772626266,0.009414400905370712,0.08197197318077087,0.11484900861978531,,,,
,1762,,,,,,,,,,0.0005252565024420619,0.014410334639251232,0.07832591235637665,0.1839791238307953,,,,
,1763,,,,,,,,,,0.00013023344217799604,0.009034102782607079,0.07550571858882904,0.11964791268110275,,,,
,1764,,,,,,,,,,0.0002535886305849999,0.009922823868691921,0.06541398167610168,0.1516926884651184,,,,
,1765,,,,,,,,,,0.00040007929783314466,0.015456745401024818,0.1331549882888794,0.11608085036277771,,,,
,1766,,,,,,,,,,0.0002382894017500803,0.009784032590687275,0.08672043681144714,0.11282267421483994,,,,
,1767,,,,,,,,,,7.177467341534793e-05,0.006826415657997131,0.05225556343793869,0.13063517212867737,,,,
,17679,,,,,519,,,,,,,,,0.00026401743525639176,0.010534917004406452,0.07918630540370941,0.1449473798274994
,17679,,,,,519,0.0003800851118285209,0.00926362257450819,0.09670305252075195,0.09697702527046204,,,,,,,,
0.0005264670979552329,17687,,,,,,,,,,,,,,,,,
0.0005264670979552329,17687,,,,,,,,,,,,,,,,,
0.0005264670979552329,17687,,,,,,,,,,,,,,,,,
0.0005264670979552329,17687,,,,,,,,,,,,,,,,,
,17687,0.00042260310146957636,0.011754131875932217,0.08268910646438599,0.1421484798192978,520,,,,,,,,,,,,
,17713,,,,,520,0.0003546016232576221,0.009218819439411163,0.09670305252075195,0.09642603248357773,,,,,,,,
0.0005247285855366642,17720,,,,,,,,,,,,,,,,,
0.0005247285855366642,17720,,,,,,,,,,,,,,,,,
0.0005247285855366642,17720,,,,,,,,,,,,,,,,,
0.0005247285855366642,17720,,,,,,,,,,,,,,,,,
,17720,0.00019123341189697385,0.007039695046842098,0.08807575702667236,0.0799277201294899,521,,,,,,,,,,,,
,17747,,,,,521,0.00036733871093019843,0.009287199005484581,0.09670305997133255,0.09661214053630829,,,,,,,,
0.0005229897788721396,17753,,,,,,,,,,,,,,,,,
0.0005229897788721396,17753,,,,,,,,,,,,,,,,,
0.0005229897788721396,17753,,,,,,,,,,,,,,,,,
0.0005229897788721396,17753,,,,,,,,,,,,,,,,,
,17753,0.00018113572150468826,0.007780890911817551,0.14678511023521423,0.05300871655344963,522,,,,,,,,,,,,
,17781,,,,,522,0.0003684108960442245,0.009118296205997467,0.09670306742191315,0.0958186462521553,,,,,,,,
0.0005212506990787325,17786,,,,,,,,,,,,,,,,,
0.0005212506990787325,17786,,,,,,,,,,,,,,,,,
0.0005212506990787325,17786,,,,,,,,,,,,,,,,,
0.0005212506990787325,17786,,,,,,,,,,,,,,,,,
,17786,0.0006725615821778774,0.01195196621119976,0.0724431574344635,0.16498403251171112,523,,,,,,,,,,,,
,17815,,,,,523,0.0003847371262963861,0.009606685489416122,0.09670304507017136,0.10087291151285172,,,,,,,,
0.0005195113672768344,17819,,,,,,,,,,,,,,,,,
0.0005195113672768344,17819,,,,,,,,,,,,,,,,,
0.0005195113672768344,17819,,,,,,,,,,,,,,,,,
0.0005195113672768344,17819,,,,,,,,,,,,,,,,,
,17819,0.0015240786597132683,0.017545226961374283,0.10945169627666473,0.1603010892868042,524,,,,,,,,,,,,
,1768,,,,,,,,,,0.0005003091646358371,0.011900318786501884,0.09195023030042648,0.12942129373550415,,,,
,1769,,,,,,,,,,0.00015787864685989916,0.008056536316871643,0.039159953594207764,0.2057340145111084,,,,
,1770,,,,,,,,,,7.838947203708813e-05,0.005463653709739447,0.07243724912405014,0.07542601227760315,,,,
,1771,,,,,,,,,,0.0007132249302230775,0.012048005126416683,0.09695577621459961,0.12426287680864334,,,,
,1772,,,,,,,,,,0.00015694054309278727,0.007426767610013485,0.08865968883037567,0.0837671160697937,,,,
,1773,,,,,,,,,,0.00024226083769463003,0.006284894421696663,0.05721943825483322,0.10983843356370926,,,,
,1774,,,,,,,,,,0.0005194746190682054,0.011270809918642044,0.025477152317762375,0.44238874316215515,,,,
,1775,,,,,,,,,,0.00031113065779209137,0.008556695654988289,0.06866084039211273,0.12462262809276581,,,,
,1776,,,,,,,,,,0.00011723423085641116,0.006497092545032501,0.11188463866710663,0.058069560676813126,,,,
,1777,,,,,,,,,,0.0005676898872479796,0.012723885476589203,0.10694815963506699,0.11897245049476624,,,,
,1778,,,,,,,,,,0.00016941718058660626,0.00763784721493721,0.08197197318077087,0.09317631274461746,,,,
,1779,,,,,,,,,,0.0006481971358880401,0.011725658550858498,0.07832591235637665,0.14970342814922333,,,,
,1780,,,,,,,,,,0.0007175607024691999,0.012198935262858868,0.07550571858882904,0.16156303882598877,,,,
,1781,,,,,,,,,,0.0002773753076326102,0.00861068069934845,0.06541398167610168,0.13163362443447113,,,,
,1782,,,,,,,,,,0.0006659966893494129,0.014420785009860992,0.1331549882888794,0.10830073803663254,,,,
,1783,,,,,,,,,,0.00032111472683027387,0.007661282550543547,0.08672043681144714,0.08834459632635117,,,,
,1784,,,,,,,,,,1.2545588106149808e-05,0.0026405653916299343,0.05225556343793869,0.050531744956970215,,,,
,17849,,,,,524,,,,,,,,,0.0003739677194971591,0.009321463294327259,0.07918630540370941,0.1351812481880188
,17849,,,,,524,0.0004541850939858705,0.010229255072772503,0.09670303761959076,0.10657741874456406,,,,,,,,
0.0005177718045898962,17852,,,,,,,,,,,,,,,,,
0.0005177718045898962,17852,,,,,,,,,,,,,,,,,
0.0005177718045898962,17852,,,,,,,,,,,,,,,,,
0.0005177718045898962,17852,,,,,,,,,,,,,,,,,
,17852,0.0005842646351084113,0.009763012640178204,0.09125694632530212,0.10698376595973969,525,,,,,,,,,,,,
,17883,,,,,525,0.000361638463800773,0.00916902907192707,0.09670305252075195,0.09555549919605255,,,,,,,,
0.000516032032144173,17885,,,,,,,,,,,,,,,,,
0.000516032032144173,17885,,,,,,,,,,,,,,,,,
0.000516032032144173,17885,,,,,,,,,,,,,,,,,
0.000516032032144173,17885,,,,,,,,,,,,,,,,,
,17885,0.0004507373960223049,0.01158465351909399,0.09368117898702621,0.12366040050983429,526,,,,,,,,,,,,
,17917,,,,,526,0.00035622811992652714,0.009447520598769188,0.09670307487249374,0.09843739867210388,,,,,,,,
0.0005142920710684679,17918,,,,,,,,,,,,,,,,,
0.0005142920710684679,17918,,,,,,,,,,,,,,,,,
0.0005142920710684679,17918,,,,,,,,,,,,,,,,,
0.0005142920710684679,17918,,,,,,,,,,,,,,,,,
,17918,0.00021527998615056276,0.008757435716688633,0.10433284938335419,0.08393746614456177,527,,,,,,,,,,,,
0.0005125519424938747,17951,,,,,,,,,,,,,,,,,
,17951,0.00035817615571431816,0.008640361949801445,0.0802774578332901,0.10763122141361237,527,,,,,,,,,,,,
,17951,,,,,527,0.00037612716550938785,0.009235488250851631,0.09670303761959076,0.09650745987892151,,,,,,,,
0.0005108116675535215,17984,,,,,,,,,,,,,,,,,
0.0005108116675535215,17984,,,,,,,,,,,,,,,,,
0.0005108116675535215,17984,,,,,,,,,,,,,,,,,
0.0005108116675535215,17984,,,,,,,,,,,,,,,,,
,17984,0.0001704111200524494,0.007685429882258177,0.07434013485908508,0.10338196158409119,528,,,,,,,,,,,,
,17985,,,,,528,0.0004070144786965102,0.009241892956197262,0.09670307487249374,0.0969340056180954,,,,,,,,
0.0005090712673823131,18017,,,,,,,,,,,,,,,,,
0.0005090712673823131,18017,,,,,,,,,,,,,,,,,
0.0005090712673823131,18017,,,,,,,,,,,,,,,,,
0.0005090712673823131,18017,,,,,,,,,,,,,,,,,
,18017,0.00022251135669648647,0.008586682379245758,0.08625979721546173,0.09954442083835602,529,,,,,,,,,,,,
,1785,,,,,,,,,,0.00022933128639124334,0.008644592016935349,0.09195023030042648,0.09401380270719528,,,,
,1786,,,,,,,,,,0.0001077226479537785,0.0074563100934028625,0.039159953594207764,0.1904064565896988,,,,
,1787,,,,,,,,,,0.00028651507454924285,0.01109844446182251,0.07243724912405014,0.15321458876132965,,,,
,1788,,,,,,,,,,0.0006492914399132133,0.013310338370501995,0.09695577621459961,0.1372825652360916,,,,
,1789,,,,,,,,,,0.000353414798155427,0.011666747741401196,0.08865968883037567,0.13159020245075226,,,,
,1790,,,,,,,,,,0.00010042270878329873,0.008320514112710953,0.05721943825483322,0.1454140990972519,,,,
,1791,,,,,,,,,,0.00020998576655983925,0.008271872065961361,0.025477152317762375,0.3246779143810272,,,,
,1792,,,,,,,,,,0.0003000621509272605,0.008741478435695171,0.06866084039211273,0.12731386721134186,,,,
,1793,,,,,,,,,,0.0001828279346227646,0.009615407325327396,0.11188463866710663,0.08594036102294922,,,,
,1794,,,,,,,,,,0.0008501288248226047,0.012953980825841427,0.10694815963506699,0.12112390995025635,,,,
,1795,,,,,,,,,,0.00013508211122825742,0.008693253621459007,0.08197197318077087,0.10605151951313019,,,,
,1796,,,,,,,,,,0.0005830832524225116,0.014333797618746758,0.07832591235637665,0.18300196528434753,,,,
,1797,,,,,,,,,,0.00012052856618538499,0.006538729183375835,0.07550571858882904,0.08659911155700684,,,,
,1798,,,,,,,,,,0.000139881027280353,0.008015520870685577,0.06541398167610168,0.12253526598215103,,,,
,1799,,,,,,,,,,0.0006405210588127375,0.013620546087622643,0.1331549882888794,0.10229091346263885,,,,
,1800,,,,,,,,,,0.0001523985411040485,0.007743167690932751,0.08672043681144714,0.08928883820772171,,,,
,1801,,,,,,,,,,4.604349305736832e-05,0.004986139014363289,0.05225556343793869,0.09541831910610199,,,,
,18019,,,,,529,,,,,,,,,0.00030692233121953905,0.009788954630494118,0.07918630540370941,0.13626998662948608
,18019,,,,,529,0.0003558176103979349,0.009045415557920933,0.09670306742191315,0.09422477334737778,,,,,,,,
0.0005073307631166765,18050,,,,,,,,,,,,,,,,,
0.0005073307631166765,18050,,,,,,,,,,,,,,,,,
0.0005073307631166765,18050,,,,,,,,,,,,,,,,,
0.0005073307631166765,18050,,,,,,,,,,,,,,,,,
,18050,0.00041326493374072015,0.009927522391080856,0.08791099488735199,0.11292695999145508,530,,,,,,,,,,,,
,18053,,,,,530,0.0003899229341186583,0.009920083917677402,0.09670305997133255,0.10342012345790863,,,,,,,,
0.000505590175894301,18083,,,,,,,,,,,,,,,,,
0.000505590175894301,18083,,,,,,,,,,,,,,,,,
0.000505590175894301,18083,,,,,,,,,,,,,,,,,
0.000505590175894301,18083,,,,,,,,,,,,,,,,,
,18083,0.0005276472656987607,0.01059332862496376,0.10101108253002167,0.104872927069664,531,,,,,,,,,,,,
,18087,,,,,531,0.00034964780206792057,0.008945568464696407,0.09670307487249374,0.09361925721168518,,,,,,,,
